,article_batch_name,article_number,article_filename,article_sha256,article_text_length,tua_group_uuid,tua_group_name,tua_batch_uuid,tua_batch_name,tua_batch_final,source_task_uuid,tua_uuid,namespace,topic_name,case_number,answer_uuid,extra,highlight_count,start_pos,end_pos,target_text,question_Number,agreed_Answer,schema_sha256,agreement_score,highlighted_indices
831,SFU_Articles/covid19/719786302.txt,719786302,719786302.txt,96a7e8a84288c968dc985d5c20ff72e621648592aa2c0f7e31ee9ec1464235fb,20017,1b6d174c-8544-4fc2-8a1d-981b03d4cff0,covid_community.IAA,f02b777d-265c-4fea-ab8f-6aeffd5167fc,Consensus generated at 2021-03-23T025626,True,84e90bb7-7c9b-4264-9492-70ada76658ec,NOT_FOUND,Communityv4.2,01.18.06,1,f785aeae-6b41-4157-9cae-978c80a2962b,"{""contrib_count"": 2, ""answer_text_list"": []}",0,0,0,,18,6,9d9f530a9448a43b2bc0384bef23e6280fa75708378dc016789a310fff2478b0,1,[0]
832,SFU_Articles/covid19/719786302.txt,719786302,719786302.txt,96a7e8a84288c968dc985d5c20ff72e621648592aa2c0f7e31ee9ec1464235fb,20017,1b6d174c-8544-4fc2-8a1d-981b03d4cff0,covid_community.IAA,f02b777d-265c-4fea-ab8f-6aeffd5167fc,Consensus generated at 2021-03-23T025626,True,84e90bb7-7c9b-4264-9492-70ada76658ec,NOT_FOUND,Communityv4.2,01.01.03,1,15cefb82-86ee-40f8-a8f0-7f24896c2ad1,"{""contrib_count"": 2, ""answer_text_list"": []}",0,0,0,,1,3,9d9f530a9448a43b2bc0384bef23e6280fa75708378dc016789a310fff2478b0,1,[0]
833,SFU_Articles/covid19/719786302.txt,719786302,719786302.txt,96a7e8a84288c968dc985d5c20ff72e621648592aa2c0f7e31ee9ec1464235fb,20017,1b6d174c-8544-4fc2-8a1d-981b03d4cff0,covid_community.IAA,f02b777d-265c-4fea-ab8f-6aeffd5167fc,Consensus generated at 2021-03-23T025626,True,84e90bb7-7c9b-4264-9492-70ada76658ec,NOT_FOUND,Communityv4.2,01.17.04,1,0eb315f8-ef3b-4c76-849b-50b567c84301,"{""contrib_count"": 2, ""answer_text_list"": []}",0,0,0,,17,4,9d9f530a9448a43b2bc0384bef23e6280fa75708378dc016789a310fff2478b0,1,[0]
834,SFU_Articles/covid19/719786302.txt,719786302,719786302.txt,96a7e8a84288c968dc985d5c20ff72e621648592aa2c0f7e31ee9ec1464235fb,20017,1b6d174c-8544-4fc2-8a1d-981b03d4cff0,covid_community.IAA,f02b777d-265c-4fea-ab8f-6aeffd5167fc,Consensus generated at 2021-03-23T025626,True,84e90bb7-7c9b-4264-9492-70ada76658ec,NOT_FOUND,Communityv4.2,01.19.01,1,bc9404ed-4143-4fbf-b3ed-51963f25bddd,"{""contrib_count"": 3, ""answer_text_list"": []}",0,0,0,,19,1,9d9f530a9448a43b2bc0384bef23e6280fa75708378dc016789a310fff2478b0,1,[0]
1412,SFU_Articles/covid19/719786302.txt,719786302,719786302.txt,96a7e8a84288c968dc985d5c20ff72e621648592aa2c0f7e31ee9ec1464235fb,20017,1b6d174c-8544-4fc2-8a1d-981b03d4cff0,covid_community.IAA,34799c80-7805-4fbe-a9fc-11bd053f3721,Copied from  227 (Denise Toor) at 2021-04-07T222851,True,84e90bb7-7c9b-4264-9492-70ada76658ec,NOT_FOUND,Communityv4.2,01.01.01,0,7b6c6303-6eba-49e8-b7a4-9c6c3ecffb7d,{},0,0,0,,1,1,9d9f530a9448a43b2bc0384bef23e6280fa75708378dc016789a310fff2478b0,1,[0]
1413,SFU_Articles/covid19/719786302.txt,719786302,719786302.txt,96a7e8a84288c968dc985d5c20ff72e621648592aa2c0f7e31ee9ec1464235fb,20017,1b6d174c-8544-4fc2-8a1d-981b03d4cff0,covid_community.IAA,34799c80-7805-4fbe-a9fc-11bd053f3721,Copied from  227 (Denise Toor) at 2021-04-07T222851,True,84e90bb7-7c9b-4264-9492-70ada76658ec,NOT_FOUND,Communityv4.2,01.02.02,0,b3ccbee0-ec5a-4bf4-91b2-12ffad74bbdd,{},0,0,0,,2,2,9d9f530a9448a43b2bc0384bef23e6280fa75708378dc016789a310fff2478b0,1,[0]
1414,SFU_Articles/covid19/719786302.txt,719786302,719786302.txt,96a7e8a84288c968dc985d5c20ff72e621648592aa2c0f7e31ee9ec1464235fb,20017,1b6d174c-8544-4fc2-8a1d-981b03d4cff0,covid_community.IAA,34799c80-7805-4fbe-a9fc-11bd053f3721,Copied from  227 (Denise Toor) at 2021-04-07T222851,True,84e90bb7-7c9b-4264-9492-70ada76658ec,NOT_FOUND,Communityv4.2,01.05.03,1,54ecf2ec-9b71-44fc-87ac-30e6c55c7145,{},1,14456,14460,SARS,5,3,9d9f530a9448a43b2bc0384bef23e6280fa75708378dc016789a310fff2478b0,1,"[14456, 14457, 14458, 14459, 14460]"
1415,SFU_Articles/covid19/719786302.txt,719786302,719786302.txt,96a7e8a84288c968dc985d5c20ff72e621648592aa2c0f7e31ee9ec1464235fb,20017,1b6d174c-8544-4fc2-8a1d-981b03d4cff0,covid_community.IAA,34799c80-7805-4fbe-a9fc-11bd053f3721,Copied from  227 (Denise Toor) at 2021-04-07T222851,True,84e90bb7-7c9b-4264-9492-70ada76658ec,NOT_FOUND,Communityv4.2,01.17.04,0,0eb315f8-ef3b-4c76-849b-50b567c84301,{},0,0,0,,17,4,9d9f530a9448a43b2bc0384bef23e6280fa75708378dc016789a310fff2478b0,1,[0]
1416,SFU_Articles/covid19/719786302.txt,719786302,719786302.txt,96a7e8a84288c968dc985d5c20ff72e621648592aa2c0f7e31ee9ec1464235fb,20017,1b6d174c-8544-4fc2-8a1d-981b03d4cff0,covid_community.IAA,34799c80-7805-4fbe-a9fc-11bd053f3721,Copied from  227 (Denise Toor) at 2021-04-07T222851,True,84e90bb7-7c9b-4264-9492-70ada76658ec,NOT_FOUND,Communityv4.2,01.18.06,0,f785aeae-6b41-4157-9cae-978c80a2962b,{},0,0,0,,18,6,9d9f530a9448a43b2bc0384bef23e6280fa75708378dc016789a310fff2478b0,1,[0]
1417,SFU_Articles/covid19/719786302.txt,719786302,719786302.txt,96a7e8a84288c968dc985d5c20ff72e621648592aa2c0f7e31ee9ec1464235fb,20017,1b6d174c-8544-4fc2-8a1d-981b03d4cff0,covid_community.IAA,34799c80-7805-4fbe-a9fc-11bd053f3721,Copied from  227 (Denise Toor) at 2021-04-07T222851,True,84e90bb7-7c9b-4264-9492-70ada76658ec,NOT_FOUND,Communityv4.2,01.19.01,0,bc9404ed-4143-4fbf-b3ed-51963f25bddd,{},0,0,0,,19,1,9d9f530a9448a43b2bc0384bef23e6280fa75708378dc016789a310fff2478b0,1,[0]
