,article_batch_name,article_number,article_filename,article_sha256,article_text_length,tua_group_uuid,tua_group_name,tua_batch_uuid,tua_batch_name,tua_batch_final,source_task_uuid,tua_uuid,namespace,topic_name,case_number,answer_uuid,extra,highlight_count,start_pos,end_pos,target_text,question_Number,agreed_Answer,schema_sha256,agreement_score,highlighted_indices
735,SFU_Articles/covid19/1383193530.txt,1383193530,1383193530.txt,b4b0372f684a7d76faf8755947eef36a8f632f94348795806cc559b56a48872b,7581,1b6d174c-8544-4fc2-8a1d-981b03d4cff0,covid_community.IAA,f02b777d-265c-4fea-ab8f-6aeffd5167fc,Consensus generated at 2021-03-23T025626,True,7e297206-4fe6-43ed-ba48-69fe8af07d19,NOT_FOUND,Communityv4.2,01.01.03,1,15cefb82-86ee-40f8-a8f0-7f24896c2ad1,"{""contrib_count"": 2, ""answer_text_list"": []}",0,0,0,,1,3,9d9f530a9448a43b2bc0384bef23e6280fa75708378dc016789a310fff2478b0,1,[0]
736,SFU_Articles/covid19/1383193530.txt,1383193530,1383193530.txt,b4b0372f684a7d76faf8755947eef36a8f632f94348795806cc559b56a48872b,7581,1b6d174c-8544-4fc2-8a1d-981b03d4cff0,covid_community.IAA,f02b777d-265c-4fea-ab8f-6aeffd5167fc,Consensus generated at 2021-03-23T025626,True,7e297206-4fe6-43ed-ba48-69fe8af07d19,NOT_FOUND,Communityv4.2,01.17.04,1,0eb315f8-ef3b-4c76-849b-50b567c84301,"{""contrib_count"": 2, ""answer_text_list"": []}",0,0,0,,17,4,9d9f530a9448a43b2bc0384bef23e6280fa75708378dc016789a310fff2478b0,1,[0]
737,SFU_Articles/covid19/1383193530.txt,1383193530,1383193530.txt,b4b0372f684a7d76faf8755947eef36a8f632f94348795806cc559b56a48872b,7581,1b6d174c-8544-4fc2-8a1d-981b03d4cff0,covid_community.IAA,f02b777d-265c-4fea-ab8f-6aeffd5167fc,Consensus generated at 2021-03-23T025626,True,7e297206-4fe6-43ed-ba48-69fe8af07d19,NOT_FOUND,Communityv4.2,01.19.01,1,bc9404ed-4143-4fbf-b3ed-51963f25bddd,"{""contrib_count"": 3, ""answer_text_list"": []}",0,0,0,,19,1,9d9f530a9448a43b2bc0384bef23e6280fa75708378dc016789a310fff2478b0,1,[0]
2196,SFU_Articles/covid19/1383193530.txt,1383193530,1383193530.txt,b4b0372f684a7d76faf8755947eef36a8f632f94348795806cc559b56a48872b,7581,1b6d174c-8544-4fc2-8a1d-981b03d4cff0,covid_community.IAA,34799c80-7805-4fbe-a9fc-11bd053f3721,Copied from  227 (Denise Toor) at 2021-04-07T222851,True,7e297206-4fe6-43ed-ba48-69fe8af07d19,NOT_FOUND,Communityv4.2,01.01.01,0,7b6c6303-6eba-49e8-b7a4-9c6c3ecffb7d,{},0,0,0,,1,1,9d9f530a9448a43b2bc0384bef23e6280fa75708378dc016789a310fff2478b0,1,[0]
2197,SFU_Articles/covid19/1383193530.txt,1383193530,1383193530.txt,b4b0372f684a7d76faf8755947eef36a8f632f94348795806cc559b56a48872b,7581,1b6d174c-8544-4fc2-8a1d-981b03d4cff0,covid_community.IAA,34799c80-7805-4fbe-a9fc-11bd053f3721,Copied from  227 (Denise Toor) at 2021-04-07T222851,True,7e297206-4fe6-43ed-ba48-69fe8af07d19,NOT_FOUND,Communityv4.2,01.02.01,0,d34736bb-b71d-49c9-8491-a7840c659160,{},0,0,0,,2,1,9d9f530a9448a43b2bc0384bef23e6280fa75708378dc016789a310fff2478b0,1,[0]
2198,SFU_Articles/covid19/1383193530.txt,1383193530,1383193530.txt,b4b0372f684a7d76faf8755947eef36a8f632f94348795806cc559b56a48872b,7581,1b6d174c-8544-4fc2-8a1d-981b03d4cff0,covid_community.IAA,34799c80-7805-4fbe-a9fc-11bd053f3721,Copied from  227 (Denise Toor) at 2021-04-07T222851,True,7e297206-4fe6-43ed-ba48-69fe8af07d19,NOT_FOUND,Communityv4.2,01.03.01,1,bff2ae90-662e-4701-bf93-d6a1738e2fd1,{},1,2733,2738,Libra,3,1,9d9f530a9448a43b2bc0384bef23e6280fa75708378dc016789a310fff2478b0,1,"[2733, 2734, 2735, 2736, 2737, 2738]"
2199,SFU_Articles/covid19/1383193530.txt,1383193530,1383193530.txt,b4b0372f684a7d76faf8755947eef36a8f632f94348795806cc559b56a48872b,7581,1b6d174c-8544-4fc2-8a1d-981b03d4cff0,covid_community.IAA,34799c80-7805-4fbe-a9fc-11bd053f3721,Copied from  227 (Denise Toor) at 2021-04-07T222851,True,7e297206-4fe6-43ed-ba48-69fe8af07d19,NOT_FOUND,Communityv4.2,01.04.01,0,b2264ebc-b45e-4ea0-9b7e-0166730de3f5,{},0,0,0,,4,1,9d9f530a9448a43b2bc0384bef23e6280fa75708378dc016789a310fff2478b0,1,[0]
2200,SFU_Articles/covid19/1383193530.txt,1383193530,1383193530.txt,b4b0372f684a7d76faf8755947eef36a8f632f94348795806cc559b56a48872b,7581,1b6d174c-8544-4fc2-8a1d-981b03d4cff0,covid_community.IAA,34799c80-7805-4fbe-a9fc-11bd053f3721,Copied from  227 (Denise Toor) at 2021-04-07T222851,True,7e297206-4fe6-43ed-ba48-69fe8af07d19,NOT_FOUND,Communityv4.2,01.17.04,0,0eb315f8-ef3b-4c76-849b-50b567c84301,{},0,0,0,,17,4,9d9f530a9448a43b2bc0384bef23e6280fa75708378dc016789a310fff2478b0,1,[0]
2201,SFU_Articles/covid19/1383193530.txt,1383193530,1383193530.txt,b4b0372f684a7d76faf8755947eef36a8f632f94348795806cc559b56a48872b,7581,1b6d174c-8544-4fc2-8a1d-981b03d4cff0,covid_community.IAA,34799c80-7805-4fbe-a9fc-11bd053f3721,Copied from  227 (Denise Toor) at 2021-04-07T222851,True,7e297206-4fe6-43ed-ba48-69fe8af07d19,NOT_FOUND,Communityv4.2,01.18.07,0,a29e3153-bb8b-4b43-bccc-66da3c41befb,{},0,0,0,,18,7,9d9f530a9448a43b2bc0384bef23e6280fa75708378dc016789a310fff2478b0,1,[0]
2202,SFU_Articles/covid19/1383193530.txt,1383193530,1383193530.txt,b4b0372f684a7d76faf8755947eef36a8f632f94348795806cc559b56a48872b,7581,1b6d174c-8544-4fc2-8a1d-981b03d4cff0,covid_community.IAA,34799c80-7805-4fbe-a9fc-11bd053f3721,Copied from  227 (Denise Toor) at 2021-04-07T222851,True,7e297206-4fe6-43ed-ba48-69fe8af07d19,NOT_FOUND,Communityv4.2,01.19.01,0,bc9404ed-4143-4fbf-b3ed-51963f25bddd,{},0,0,0,,19,1,9d9f530a9448a43b2bc0384bef23e6280fa75708378dc016789a310fff2478b0,1,[0]
