,article_batch_name,article_number,article_filename,article_sha256,article_text_length,tua_group_uuid,tua_group_name,tua_batch_uuid,tua_batch_name,tua_batch_final,source_task_uuid,tua_uuid,namespace,topic_name,case_number,answer_uuid,extra,highlight_count,start_pos,end_pos,target_text,question_Number,agreed_Answer,schema_sha256,agreement_score,highlighted_indices
908,SFU_Articles/covid19/1393239858.txt,1393239858,1393239858.txt,0b2c3ef4272371f879792a71efb1ab96e5f5239bf89c74fbdfbb440e674f7c2d,3500,1b6d174c-8544-4fc2-8a1d-981b03d4cff0,covid_community.IAA,f02b777d-265c-4fea-ab8f-6aeffd5167fc,Consensus generated at 2021-03-23T025626,True,c8c0ed70-d9bf-4fca-84fe-68a267d4bf11,NOT_FOUND,Communityv4.2,01.01.03,1,15cefb82-86ee-40f8-a8f0-7f24896c2ad1,"{""contrib_count"": 2, ""answer_text_list"": []}",0,0,0,,1,3,9d9f530a9448a43b2bc0384bef23e6280fa75708378dc016789a310fff2478b0,1,[0]
909,SFU_Articles/covid19/1393239858.txt,1393239858,1393239858.txt,0b2c3ef4272371f879792a71efb1ab96e5f5239bf89c74fbdfbb440e674f7c2d,3500,1b6d174c-8544-4fc2-8a1d-981b03d4cff0,covid_community.IAA,f02b777d-265c-4fea-ab8f-6aeffd5167fc,Consensus generated at 2021-03-23T025626,True,c8c0ed70-d9bf-4fca-84fe-68a267d4bf11,NOT_FOUND,Communityv4.2,01.19.01,1,bc9404ed-4143-4fbf-b3ed-51963f25bddd,"{""contrib_count"": 3, ""answer_text_list"": []}",0,0,0,,19,1,9d9f530a9448a43b2bc0384bef23e6280fa75708378dc016789a310fff2478b0,1,[0]
2926,SFU_Articles/covid19/1393239858.txt,1393239858,1393239858.txt,0b2c3ef4272371f879792a71efb1ab96e5f5239bf89c74fbdfbb440e674f7c2d,3500,1b6d174c-8544-4fc2-8a1d-981b03d4cff0,covid_community.IAA,34799c80-7805-4fbe-a9fc-11bd053f3721,Copied from  227 (Denise Toor) at 2021-04-07T222851,True,c8c0ed70-d9bf-4fca-84fe-68a267d4bf11,NOT_FOUND,Communityv4.2,01.01.01,0,7b6c6303-6eba-49e8-b7a4-9c6c3ecffb7d,{},0,0,0,,1,1,9d9f530a9448a43b2bc0384bef23e6280fa75708378dc016789a310fff2478b0,1,[0]
2927,SFU_Articles/covid19/1393239858.txt,1393239858,1393239858.txt,0b2c3ef4272371f879792a71efb1ab96e5f5239bf89c74fbdfbb440e674f7c2d,3500,1b6d174c-8544-4fc2-8a1d-981b03d4cff0,covid_community.IAA,34799c80-7805-4fbe-a9fc-11bd053f3721,Copied from  227 (Denise Toor) at 2021-04-07T222851,True,c8c0ed70-d9bf-4fca-84fe-68a267d4bf11,NOT_FOUND,Communityv4.2,01.02.05,0,ae8d134c-2ee3-4782-9ac0-981b46313837,{},0,0,0,,2,5,9d9f530a9448a43b2bc0384bef23e6280fa75708378dc016789a310fff2478b0,1,[0]
2928,SFU_Articles/covid19/1393239858.txt,1393239858,1393239858.txt,0b2c3ef4272371f879792a71efb1ab96e5f5239bf89c74fbdfbb440e674f7c2d,3500,1b6d174c-8544-4fc2-8a1d-981b03d4cff0,covid_community.IAA,34799c80-7805-4fbe-a9fc-11bd053f3721,Copied from  227 (Denise Toor) at 2021-04-07T222851,True,c8c0ed70-d9bf-4fca-84fe-68a267d4bf11,NOT_FOUND,Communityv4.2,01.12.04,1,b0bc2cd0-82a9-4e70-9925-4d4235fad257,{},1,1708,1830,"already downgraded several of its aircraft operating on routes to Hong Kong, effectively cutting capacity to the city by 7",12,4,9d9f530a9448a43b2bc0384bef23e6280fa75708378dc016789a310fff2478b0,1,"[1708, 1709, 1710, 1711, 1712, 1713, 1714, 1715, 1716, 1717, 1718, 1719, 1720, 1721, 1722, 1723, 1724, 1725, 1726, 1727, 1728, 1729, 1730, 1731, 1732, 1733, 1734, 1735, 1736, 1737, 1738, 1739, 1740, 1741, 1742, 1743, 1744, 1745, 1746, 1747, 1748, 1749, 1750, 1751, 1752, 1753, 1754, 1755, 1756, 1757, 1758, 1759, 1760, 1761, 1762, 1763, 1764, 1765, 1766, 1767, 1768, 1769, 1770, 1771, 1772, 1773, 1774, 1775, 1776, 1777, 1778, 1779, 1780, 1781, 1782, 1783, 1784, 1785, 1786, 1787, 1788, 1789, 1790, 1791, 1792, 1793, 1794, 1795, 1796, 1797, 1798, 1799, 1800, 1801, 1802, 1803, 1804, 1805, 1806, 1807, 1808, 1809, 1810, 1811, 1812, 1813, 1814, 1815, 1816, 1817, 1818, 1819, 1820, 1821, 1822, 1823, 1824, 1825, 1826, 1827, 1828, 1829, 1830]"
2929,SFU_Articles/covid19/1393239858.txt,1393239858,1393239858.txt,0b2c3ef4272371f879792a71efb1ab96e5f5239bf89c74fbdfbb440e674f7c2d,3500,1b6d174c-8544-4fc2-8a1d-981b03d4cff0,covid_community.IAA,34799c80-7805-4fbe-a9fc-11bd053f3721,Copied from  227 (Denise Toor) at 2021-04-07T222851,True,c8c0ed70-d9bf-4fca-84fe-68a267d4bf11,NOT_FOUND,Communityv4.2,01.17.05,0,3f9fbe4f-0d64-4e89-81fd-5e843cca9d25,{},0,0,0,,17,5,9d9f530a9448a43b2bc0384bef23e6280fa75708378dc016789a310fff2478b0,1,[0]
2930,SFU_Articles/covid19/1393239858.txt,1393239858,1393239858.txt,0b2c3ef4272371f879792a71efb1ab96e5f5239bf89c74fbdfbb440e674f7c2d,3500,1b6d174c-8544-4fc2-8a1d-981b03d4cff0,covid_community.IAA,34799c80-7805-4fbe-a9fc-11bd053f3721,Copied from  227 (Denise Toor) at 2021-04-07T222851,True,c8c0ed70-d9bf-4fca-84fe-68a267d4bf11,NOT_FOUND,Communityv4.2,01.18.05,0,1755a5d5-d0ed-4157-8172-61d83a914563,{},0,0,0,,18,5,9d9f530a9448a43b2bc0384bef23e6280fa75708378dc016789a310fff2478b0,1,[0]
2931,SFU_Articles/covid19/1393239858.txt,1393239858,1393239858.txt,0b2c3ef4272371f879792a71efb1ab96e5f5239bf89c74fbdfbb440e674f7c2d,3500,1b6d174c-8544-4fc2-8a1d-981b03d4cff0,covid_community.IAA,34799c80-7805-4fbe-a9fc-11bd053f3721,Copied from  227 (Denise Toor) at 2021-04-07T222851,True,c8c0ed70-d9bf-4fca-84fe-68a267d4bf11,NOT_FOUND,Communityv4.2,01.19.01,0,bc9404ed-4143-4fbf-b3ed-51963f25bddd,{},0,0,0,,19,1,9d9f530a9448a43b2bc0384bef23e6280fa75708378dc016789a310fff2478b0,1,[0]
