,article_batch_name,article_number,article_filename,article_sha256,article_text_length,tua_group_uuid,tua_group_name,tua_batch_uuid,tua_batch_name,tua_batch_final,source_task_uuid,tua_uuid,namespace,topic_name,case_number,answer_uuid,extra,highlight_count,start_pos,end_pos,target_text,question_Number,agreed_Answer,schema_sha256,agreement_score,highlighted_indices
174,SFU_Articles/covid19/719786302.txt,719786302,719786302.txt,96a7e8a84288c968dc985d5c20ff72e621648592aa2c0f7e31ee9ec1464235fb,20017,1b6d174c-8544-4fc2-8a1d-981b03d4cff0,covid_community.IAA,f02b777d-265c-4fea-ab8f-6aeffd5167fc,Consensus generated at 2021-03-23T025626,True,07d72ad0-82d1-45ec-a523-f075df7ee7a5,NOT_FOUND,Communityv4.2,01.18.06,1,f785aeae-6b41-4157-9cae-978c80a2962b,"{""contrib_count"": 2, ""answer_text_list"": []}",0,0,0,,18,6,9d9f530a9448a43b2bc0384bef23e6280fa75708378dc016789a310fff2478b0,1,[0]
175,SFU_Articles/covid19/719786302.txt,719786302,719786302.txt,96a7e8a84288c968dc985d5c20ff72e621648592aa2c0f7e31ee9ec1464235fb,20017,1b6d174c-8544-4fc2-8a1d-981b03d4cff0,covid_community.IAA,f02b777d-265c-4fea-ab8f-6aeffd5167fc,Consensus generated at 2021-03-23T025626,True,07d72ad0-82d1-45ec-a523-f075df7ee7a5,NOT_FOUND,Communityv4.2,01.01.03,1,15cefb82-86ee-40f8-a8f0-7f24896c2ad1,"{""contrib_count"": 2, ""answer_text_list"": []}",0,0,0,,1,3,9d9f530a9448a43b2bc0384bef23e6280fa75708378dc016789a310fff2478b0,1,[0]
176,SFU_Articles/covid19/719786302.txt,719786302,719786302.txt,96a7e8a84288c968dc985d5c20ff72e621648592aa2c0f7e31ee9ec1464235fb,20017,1b6d174c-8544-4fc2-8a1d-981b03d4cff0,covid_community.IAA,f02b777d-265c-4fea-ab8f-6aeffd5167fc,Consensus generated at 2021-03-23T025626,True,07d72ad0-82d1-45ec-a523-f075df7ee7a5,NOT_FOUND,Communityv4.2,01.17.04,1,0eb315f8-ef3b-4c76-849b-50b567c84301,"{""contrib_count"": 2, ""answer_text_list"": []}",0,0,0,,17,4,9d9f530a9448a43b2bc0384bef23e6280fa75708378dc016789a310fff2478b0,1,[0]
177,SFU_Articles/covid19/719786302.txt,719786302,719786302.txt,96a7e8a84288c968dc985d5c20ff72e621648592aa2c0f7e31ee9ec1464235fb,20017,1b6d174c-8544-4fc2-8a1d-981b03d4cff0,covid_community.IAA,f02b777d-265c-4fea-ab8f-6aeffd5167fc,Consensus generated at 2021-03-23T025626,True,07d72ad0-82d1-45ec-a523-f075df7ee7a5,NOT_FOUND,Communityv4.2,01.19.01,1,bc9404ed-4143-4fbf-b3ed-51963f25bddd,"{""contrib_count"": 3, ""answer_text_list"": []}",0,0,0,,19,1,9d9f530a9448a43b2bc0384bef23e6280fa75708378dc016789a310fff2478b0,1,[0]
1539,SFU_Articles/covid19/719786302.txt,719786302,719786302.txt,96a7e8a84288c968dc985d5c20ff72e621648592aa2c0f7e31ee9ec1464235fb,20017,1b6d174c-8544-4fc2-8a1d-981b03d4cff0,covid_community.IAA,34799c80-7805-4fbe-a9fc-11bd053f3721,Copied from  227 (Denise Toor) at 2021-04-07T222851,True,07d72ad0-82d1-45ec-a523-f075df7ee7a5,NOT_FOUND,Communityv4.2,01.01.01,0,7b6c6303-6eba-49e8-b7a4-9c6c3ecffb7d,{},0,0,0,,1,1,9d9f530a9448a43b2bc0384bef23e6280fa75708378dc016789a310fff2478b0,1,[0]
1540,SFU_Articles/covid19/719786302.txt,719786302,719786302.txt,96a7e8a84288c968dc985d5c20ff72e621648592aa2c0f7e31ee9ec1464235fb,20017,1b6d174c-8544-4fc2-8a1d-981b03d4cff0,covid_community.IAA,34799c80-7805-4fbe-a9fc-11bd053f3721,Copied from  227 (Denise Toor) at 2021-04-07T222851,True,07d72ad0-82d1-45ec-a523-f075df7ee7a5,NOT_FOUND,Communityv4.2,01.02.02,0,b3ccbee0-ec5a-4bf4-91b2-12ffad74bbdd,{},0,0,0,,2,2,9d9f530a9448a43b2bc0384bef23e6280fa75708378dc016789a310fff2478b0,1,[0]
1541,SFU_Articles/covid19/719786302.txt,719786302,719786302.txt,96a7e8a84288c968dc985d5c20ff72e621648592aa2c0f7e31ee9ec1464235fb,20017,1b6d174c-8544-4fc2-8a1d-981b03d4cff0,covid_community.IAA,34799c80-7805-4fbe-a9fc-11bd053f3721,Copied from  227 (Denise Toor) at 2021-04-07T222851,True,07d72ad0-82d1-45ec-a523-f075df7ee7a5,NOT_FOUND,Communityv4.2,01.02.03,0,54d7e5ab-b350-4f0e-9fb8-df1921ebd0b3,{},0,0,0,,2,3,9d9f530a9448a43b2bc0384bef23e6280fa75708378dc016789a310fff2478b0,1,[0]
1542,SFU_Articles/covid19/719786302.txt,719786302,719786302.txt,96a7e8a84288c968dc985d5c20ff72e621648592aa2c0f7e31ee9ec1464235fb,20017,1b6d174c-8544-4fc2-8a1d-981b03d4cff0,covid_community.IAA,34799c80-7805-4fbe-a9fc-11bd053f3721,Copied from  227 (Denise Toor) at 2021-04-07T222851,True,07d72ad0-82d1-45ec-a523-f075df7ee7a5,NOT_FOUND,Communityv4.2,01.02.05,0,ae8d134c-2ee3-4782-9ac0-981b46313837,{},0,0,0,,2,5,9d9f530a9448a43b2bc0384bef23e6280fa75708378dc016789a310fff2478b0,1,[0]
1543,SFU_Articles/covid19/719786302.txt,719786302,719786302.txt,96a7e8a84288c968dc985d5c20ff72e621648592aa2c0f7e31ee9ec1464235fb,20017,1b6d174c-8544-4fc2-8a1d-981b03d4cff0,covid_community.IAA,34799c80-7805-4fbe-a9fc-11bd053f3721,Copied from  227 (Denise Toor) at 2021-04-07T222851,True,07d72ad0-82d1-45ec-a523-f075df7ee7a5,NOT_FOUND,Communityv4.2,01.05.03,1,54ecf2ec-9b71-44fc-87ac-30e6c55c7145,{},1,18834,18838,SARS,5,3,9d9f530a9448a43b2bc0384bef23e6280fa75708378dc016789a310fff2478b0,1,"[18834, 18835, 18836, 18837, 18838]"
1544,SFU_Articles/covid19/719786302.txt,719786302,719786302.txt,96a7e8a84288c968dc985d5c20ff72e621648592aa2c0f7e31ee9ec1464235fb,20017,1b6d174c-8544-4fc2-8a1d-981b03d4cff0,covid_community.IAA,34799c80-7805-4fbe-a9fc-11bd053f3721,Copied from  227 (Denise Toor) at 2021-04-07T222851,True,07d72ad0-82d1-45ec-a523-f075df7ee7a5,NOT_FOUND,Communityv4.2,01.08.01,1,3e2ebf7f-e623-47bd-a482-1fb7fd466ec6,{},1,18807,18863,another deadly outbreak of SARS could emerge at any time,8,1,9d9f530a9448a43b2bc0384bef23e6280fa75708378dc016789a310fff2478b0,1,"[18807, 18808, 18809, 18810, 18811, 18812, 18813, 18814, 18815, 18816, 18817, 18818, 18819, 18820, 18821, 18822, 18823, 18824, 18825, 18826, 18827, 18828, 18829, 18830, 18831, 18832, 18833, 18834, 18835, 18836, 18837, 18838, 18839, 18840, 18841, 18842, 18843, 18844, 18845, 18846, 18847, 18848, 18849, 18850, 18851, 18852, 18853, 18854, 18855, 18856, 18857, 18858, 18859, 18860, 18861, 18862, 18863]"
1545,SFU_Articles/covid19/719786302.txt,719786302,719786302.txt,96a7e8a84288c968dc985d5c20ff72e621648592aa2c0f7e31ee9ec1464235fb,20017,1b6d174c-8544-4fc2-8a1d-981b03d4cff0,covid_community.IAA,34799c80-7805-4fbe-a9fc-11bd053f3721,Copied from  227 (Denise Toor) at 2021-04-07T222851,True,07d72ad0-82d1-45ec-a523-f075df7ee7a5,NOT_FOUND,Communityv4.2,01.09.02,0,84cf7801-90ad-40c0-9bb6-16b58bc7a4f8,{},0,0,0,,9,2,9d9f530a9448a43b2bc0384bef23e6280fa75708378dc016789a310fff2478b0,1,[0]
1546,SFU_Articles/covid19/719786302.txt,719786302,719786302.txt,96a7e8a84288c968dc985d5c20ff72e621648592aa2c0f7e31ee9ec1464235fb,20017,1b6d174c-8544-4fc2-8a1d-981b03d4cff0,covid_community.IAA,34799c80-7805-4fbe-a9fc-11bd053f3721,Copied from  227 (Denise Toor) at 2021-04-07T222851,True,07d72ad0-82d1-45ec-a523-f075df7ee7a5,NOT_FOUND,Communityv4.2,01.12.04,1,b0bc2cd0-82a9-4e70-9925-4d4235fad257,{},1,18767,18863,"The authors are quoted as stating that ""another deadly outbreak of SARS could emerge at any time",12,4,9d9f530a9448a43b2bc0384bef23e6280fa75708378dc016789a310fff2478b0,1,"[18767, 18768, 18769, 18770, 18771, 18772, 18773, 18774, 18775, 18776, 18777, 18778, 18779, 18780, 18781, 18782, 18783, 18784, 18785, 18786, 18787, 18788, 18789, 18790, 18791, 18792, 18793, 18794, 18795, 18796, 18797, 18798, 18799, 18800, 18801, 18802, 18803, 18804, 18805, 18806, 18807, 18808, 18809, 18810, 18811, 18812, 18813, 18814, 18815, 18816, 18817, 18818, 18819, 18820, 18821, 18822, 18823, 18824, 18825, 18826, 18827, 18828, 18829, 18830, 18831, 18832, 18833, 18834, 18835, 18836, 18837, 18838, 18839, 18840, 18841, 18842, 18843, 18844, 18845, 18846, 18847, 18848, 18849, 18850, 18851, 18852, 18853, 18854, 18855, 18856, 18857, 18858, 18859, 18860, 18861, 18862, 18863]"
1547,SFU_Articles/covid19/719786302.txt,719786302,719786302.txt,96a7e8a84288c968dc985d5c20ff72e621648592aa2c0f7e31ee9ec1464235fb,20017,1b6d174c-8544-4fc2-8a1d-981b03d4cff0,covid_community.IAA,34799c80-7805-4fbe-a9fc-11bd053f3721,Copied from  227 (Denise Toor) at 2021-04-07T222851,True,07d72ad0-82d1-45ec-a523-f075df7ee7a5,NOT_FOUND,Communityv4.2,01.12.01,1,67581b1d-bbbb-45ef-b26e-7671bd7d3eb9,{},1,18767,18863,"The authors are quoted as stating that ""another deadly outbreak of SARS could emerge at any time",12,1,9d9f530a9448a43b2bc0384bef23e6280fa75708378dc016789a310fff2478b0,1,"[18767, 18768, 18769, 18770, 18771, 18772, 18773, 18774, 18775, 18776, 18777, 18778, 18779, 18780, 18781, 18782, 18783, 18784, 18785, 18786, 18787, 18788, 18789, 18790, 18791, 18792, 18793, 18794, 18795, 18796, 18797, 18798, 18799, 18800, 18801, 18802, 18803, 18804, 18805, 18806, 18807, 18808, 18809, 18810, 18811, 18812, 18813, 18814, 18815, 18816, 18817, 18818, 18819, 18820, 18821, 18822, 18823, 18824, 18825, 18826, 18827, 18828, 18829, 18830, 18831, 18832, 18833, 18834, 18835, 18836, 18837, 18838, 18839, 18840, 18841, 18842, 18843, 18844, 18845, 18846, 18847, 18848, 18849, 18850, 18851, 18852, 18853, 18854, 18855, 18856, 18857, 18858, 18859, 18860, 18861, 18862, 18863]"
1548,SFU_Articles/covid19/719786302.txt,719786302,719786302.txt,96a7e8a84288c968dc985d5c20ff72e621648592aa2c0f7e31ee9ec1464235fb,20017,1b6d174c-8544-4fc2-8a1d-981b03d4cff0,covid_community.IAA,34799c80-7805-4fbe-a9fc-11bd053f3721,Copied from  227 (Denise Toor) at 2021-04-07T222851,True,07d72ad0-82d1-45ec-a523-f075df7ee7a5,NOT_FOUND,Communityv4.2,01.17.04,0,0eb315f8-ef3b-4c76-849b-50b567c84301,{},0,0,0,,17,4,9d9f530a9448a43b2bc0384bef23e6280fa75708378dc016789a310fff2478b0,1,[0]
1549,SFU_Articles/covid19/719786302.txt,719786302,719786302.txt,96a7e8a84288c968dc985d5c20ff72e621648592aa2c0f7e31ee9ec1464235fb,20017,1b6d174c-8544-4fc2-8a1d-981b03d4cff0,covid_community.IAA,34799c80-7805-4fbe-a9fc-11bd053f3721,Copied from  227 (Denise Toor) at 2021-04-07T222851,True,07d72ad0-82d1-45ec-a523-f075df7ee7a5,NOT_FOUND,Communityv4.2,01.18.06,0,f785aeae-6b41-4157-9cae-978c80a2962b,{},0,0,0,,18,6,9d9f530a9448a43b2bc0384bef23e6280fa75708378dc016789a310fff2478b0,1,[0]
1550,SFU_Articles/covid19/719786302.txt,719786302,719786302.txt,96a7e8a84288c968dc985d5c20ff72e621648592aa2c0f7e31ee9ec1464235fb,20017,1b6d174c-8544-4fc2-8a1d-981b03d4cff0,covid_community.IAA,34799c80-7805-4fbe-a9fc-11bd053f3721,Copied from  227 (Denise Toor) at 2021-04-07T222851,True,07d72ad0-82d1-45ec-a523-f075df7ee7a5,NOT_FOUND,Communityv4.2,01.19.01,0,bc9404ed-4143-4fbf-b3ed-51963f25bddd,{},0,0,0,,19,1,9d9f530a9448a43b2bc0384bef23e6280fa75708378dc016789a310fff2478b0,1,[0]
