,article_batch_name,article_number,article_filename,article_sha256,article_text_length,tua_group_uuid,tua_group_name,tua_batch_uuid,tua_batch_name,tua_batch_final,source_task_uuid,tua_uuid,namespace,topic_name,case_number,answer_uuid,extra,highlight_count,start_pos,end_pos,target_text,question_Number,agreed_Answer,schema_sha256,agreement_score,highlighted_indices
306,SFU_Articles/covid19/1393239858.txt,1393239858,1393239858.txt,0b2c3ef4272371f879792a71efb1ab96e5f5239bf89c74fbdfbb440e674f7c2d,3500,1b6d174c-8544-4fc2-8a1d-981b03d4cff0,covid_community.IAA,f02b777d-265c-4fea-ab8f-6aeffd5167fc,Consensus generated at 2021-03-23T025626,True,c2dc6b54-a8da-450e-a211-851f3adf912e,NOT_FOUND,Communityv4.2,01.01.01,1,7b6c6303-6eba-49e8-b7a4-9c6c3ecffb7d,"{""contrib_count"": 2, ""answer_text_list"": []}",0,0,0,,1,1,9d9f530a9448a43b2bc0384bef23e6280fa75708378dc016789a310fff2478b0,1,[0]
307,SFU_Articles/covid19/1393239858.txt,1393239858,1393239858.txt,0b2c3ef4272371f879792a71efb1ab96e5f5239bf89c74fbdfbb440e674f7c2d,3500,1b6d174c-8544-4fc2-8a1d-981b03d4cff0,covid_community.IAA,f02b777d-265c-4fea-ab8f-6aeffd5167fc,Consensus generated at 2021-03-23T025626,True,c2dc6b54-a8da-450e-a211-851f3adf912e,NOT_FOUND,Communityv4.2,01.02.02,1,b3ccbee0-ec5a-4bf4-91b2-12ffad74bbdd,"{""contrib_count"": 2, ""answer_text_list"": []}",0,0,0,,2,2,9d9f530a9448a43b2bc0384bef23e6280fa75708378dc016789a310fff2478b0,1,[0]
308,SFU_Articles/covid19/1393239858.txt,1393239858,1393239858.txt,0b2c3ef4272371f879792a71efb1ab96e5f5239bf89c74fbdfbb440e674f7c2d,3500,1b6d174c-8544-4fc2-8a1d-981b03d4cff0,covid_community.IAA,f02b777d-265c-4fea-ab8f-6aeffd5167fc,Consensus generated at 2021-03-23T025626,True,c2dc6b54-a8da-450e-a211-851f3adf912e,NOT_FOUND,Communityv4.2,01.19.01,1,bc9404ed-4143-4fbf-b3ed-51963f25bddd,"{""contrib_count"": 3, ""answer_text_list"": []}",0,0,0,,19,1,9d9f530a9448a43b2bc0384bef23e6280fa75708378dc016789a310fff2478b0,1,[0]
2873,SFU_Articles/covid19/1393239858.txt,1393239858,1393239858.txt,0b2c3ef4272371f879792a71efb1ab96e5f5239bf89c74fbdfbb440e674f7c2d,3500,1b6d174c-8544-4fc2-8a1d-981b03d4cff0,covid_community.IAA,34799c80-7805-4fbe-a9fc-11bd053f3721,Copied from  227 (Denise Toor) at 2021-04-07T222851,True,c2dc6b54-a8da-450e-a211-851f3adf912e,NOT_FOUND,Communityv4.2,01.01.01,0,7b6c6303-6eba-49e8-b7a4-9c6c3ecffb7d,{},0,0,0,,1,1,9d9f530a9448a43b2bc0384bef23e6280fa75708378dc016789a310fff2478b0,1,[0]
2874,SFU_Articles/covid19/1393239858.txt,1393239858,1393239858.txt,0b2c3ef4272371f879792a71efb1ab96e5f5239bf89c74fbdfbb440e674f7c2d,3500,1b6d174c-8544-4fc2-8a1d-981b03d4cff0,covid_community.IAA,34799c80-7805-4fbe-a9fc-11bd053f3721,Copied from  227 (Denise Toor) at 2021-04-07T222851,True,c2dc6b54-a8da-450e-a211-851f3adf912e,NOT_FOUND,Communityv4.2,01.02.01,0,d34736bb-b71d-49c9-8491-a7840c659160,{},0,0,0,,2,1,9d9f530a9448a43b2bc0384bef23e6280fa75708378dc016789a310fff2478b0,1,[0]
2875,SFU_Articles/covid19/1393239858.txt,1393239858,1393239858.txt,0b2c3ef4272371f879792a71efb1ab96e5f5239bf89c74fbdfbb440e674f7c2d,3500,1b6d174c-8544-4fc2-8a1d-981b03d4cff0,covid_community.IAA,34799c80-7805-4fbe-a9fc-11bd053f3721,Copied from  227 (Denise Toor) at 2021-04-07T222851,True,c2dc6b54-a8da-450e-a211-851f3adf912e,NOT_FOUND,Communityv4.2,01.03.03,1,b676bd14-ffca-41ed-b76e-855061a0916f,{},1,1087,1111,pro-democracy protesters,3,3,9d9f530a9448a43b2bc0384bef23e6280fa75708378dc016789a310fff2478b0,1,"[1087, 1088, 1089, 1090, 1091, 1092, 1093, 1094, 1095, 1096, 1097, 1098, 1099, 1100, 1101, 1102, 1103, 1104, 1105, 1106, 1107, 1108, 1109, 1110, 1111]"
2876,SFU_Articles/covid19/1393239858.txt,1393239858,1393239858.txt,0b2c3ef4272371f879792a71efb1ab96e5f5239bf89c74fbdfbb440e674f7c2d,3500,1b6d174c-8544-4fc2-8a1d-981b03d4cff0,covid_community.IAA,34799c80-7805-4fbe-a9fc-11bd053f3721,Copied from  227 (Denise Toor) at 2021-04-07T222851,True,c2dc6b54-a8da-450e-a211-851f3adf912e,NOT_FOUND,Communityv4.2,01.17.05,0,3f9fbe4f-0d64-4e89-81fd-5e843cca9d25,{},0,0,0,,17,5,9d9f530a9448a43b2bc0384bef23e6280fa75708378dc016789a310fff2478b0,1,[0]
2877,SFU_Articles/covid19/1393239858.txt,1393239858,1393239858.txt,0b2c3ef4272371f879792a71efb1ab96e5f5239bf89c74fbdfbb440e674f7c2d,3500,1b6d174c-8544-4fc2-8a1d-981b03d4cff0,covid_community.IAA,34799c80-7805-4fbe-a9fc-11bd053f3721,Copied from  227 (Denise Toor) at 2021-04-07T222851,True,c2dc6b54-a8da-450e-a211-851f3adf912e,NOT_FOUND,Communityv4.2,01.18.05,0,1755a5d5-d0ed-4157-8172-61d83a914563,{},0,0,0,,18,5,9d9f530a9448a43b2bc0384bef23e6280fa75708378dc016789a310fff2478b0,1,[0]
2878,SFU_Articles/covid19/1393239858.txt,1393239858,1393239858.txt,0b2c3ef4272371f879792a71efb1ab96e5f5239bf89c74fbdfbb440e674f7c2d,3500,1b6d174c-8544-4fc2-8a1d-981b03d4cff0,covid_community.IAA,34799c80-7805-4fbe-a9fc-11bd053f3721,Copied from  227 (Denise Toor) at 2021-04-07T222851,True,c2dc6b54-a8da-450e-a211-851f3adf912e,NOT_FOUND,Communityv4.2,01.19.01,0,bc9404ed-4143-4fbf-b3ed-51963f25bddd,{},0,0,0,,19,1,9d9f530a9448a43b2bc0384bef23e6280fa75708378dc016789a310fff2478b0,1,[0]
