,article_batch_name,article_number,article_filename,article_sha256,article_text_length,tua_group_uuid,tua_group_name,tua_batch_uuid,tua_batch_name,tua_batch_final,source_task_uuid,tua_uuid,namespace,topic_name,case_number,answer_uuid,extra,highlight_count,start_pos,end_pos,target_text,question_Number,agreed_Answer,schema_sha256,agreement_score,highlighted_indices
906,SFU_Articles/covid19/1393239858.txt,1393239858,1393239858.txt,0b2c3ef4272371f879792a71efb1ab96e5f5239bf89c74fbdfbb440e674f7c2d,3500,1b6d174c-8544-4fc2-8a1d-981b03d4cff0,covid_community.IAA,f02b777d-265c-4fea-ab8f-6aeffd5167fc,Consensus generated at 2021-03-23T025626,True,84027af1-9f71-459c-8644-8a84f89160fe,NOT_FOUND,Communityv4.2,01.01.03,1,15cefb82-86ee-40f8-a8f0-7f24896c2ad1,"{""contrib_count"": 2, ""answer_text_list"": []}",0,0,0,,1,3,9d9f530a9448a43b2bc0384bef23e6280fa75708378dc016789a310fff2478b0,1,[0]
907,SFU_Articles/covid19/1393239858.txt,1393239858,1393239858.txt,0b2c3ef4272371f879792a71efb1ab96e5f5239bf89c74fbdfbb440e674f7c2d,3500,1b6d174c-8544-4fc2-8a1d-981b03d4cff0,covid_community.IAA,f02b777d-265c-4fea-ab8f-6aeffd5167fc,Consensus generated at 2021-03-23T025626,True,84027af1-9f71-459c-8644-8a84f89160fe,NOT_FOUND,Communityv4.2,01.19.01,1,bc9404ed-4143-4fbf-b3ed-51963f25bddd,"{""contrib_count"": 3, ""answer_text_list"": []}",0,0,0,,19,1,9d9f530a9448a43b2bc0384bef23e6280fa75708378dc016789a310fff2478b0,1,[0]
2906,SFU_Articles/covid19/1393239858.txt,1393239858,1393239858.txt,0b2c3ef4272371f879792a71efb1ab96e5f5239bf89c74fbdfbb440e674f7c2d,3500,1b6d174c-8544-4fc2-8a1d-981b03d4cff0,covid_community.IAA,34799c80-7805-4fbe-a9fc-11bd053f3721,Copied from  227 (Denise Toor) at 2021-04-07T222851,True,84027af1-9f71-459c-8644-8a84f89160fe,NOT_FOUND,Communityv4.2,01.01.01,0,7b6c6303-6eba-49e8-b7a4-9c6c3ecffb7d,{},0,0,0,,1,1,9d9f530a9448a43b2bc0384bef23e6280fa75708378dc016789a310fff2478b0,1,[0]
2907,SFU_Articles/covid19/1393239858.txt,1393239858,1393239858.txt,0b2c3ef4272371f879792a71efb1ab96e5f5239bf89c74fbdfbb440e674f7c2d,3500,1b6d174c-8544-4fc2-8a1d-981b03d4cff0,covid_community.IAA,34799c80-7805-4fbe-a9fc-11bd053f3721,Copied from  227 (Denise Toor) at 2021-04-07T222851,True,84027af1-9f71-459c-8644-8a84f89160fe,NOT_FOUND,Communityv4.2,01.02.05,0,ae8d134c-2ee3-4782-9ac0-981b46313837,{},0,0,0,,2,5,9d9f530a9448a43b2bc0384bef23e6280fa75708378dc016789a310fff2478b0,1,[0]
2908,SFU_Articles/covid19/1393239858.txt,1393239858,1393239858.txt,0b2c3ef4272371f879792a71efb1ab96e5f5239bf89c74fbdfbb440e674f7c2d,3500,1b6d174c-8544-4fc2-8a1d-981b03d4cff0,covid_community.IAA,34799c80-7805-4fbe-a9fc-11bd053f3721,Copied from  227 (Denise Toor) at 2021-04-07T222851,True,84027af1-9f71-459c-8644-8a84f89160fe,NOT_FOUND,Communityv4.2,01.12.04,1,b0bc2cd0-82a9-4e70-9925-4d4235fad257,{},1,1541,1620,airline bookings to Hong Kong have fallen 10% since the beginning of the unrest,12,4,9d9f530a9448a43b2bc0384bef23e6280fa75708378dc016789a310fff2478b0,1,"[1541, 1542, 1543, 1544, 1545, 1546, 1547, 1548, 1549, 1550, 1551, 1552, 1553, 1554, 1555, 1556, 1557, 1558, 1559, 1560, 1561, 1562, 1563, 1564, 1565, 1566, 1567, 1568, 1569, 1570, 1571, 1572, 1573, 1574, 1575, 1576, 1577, 1578, 1579, 1580, 1581, 1582, 1583, 1584, 1585, 1586, 1587, 1588, 1589, 1590, 1591, 1592, 1593, 1594, 1595, 1596, 1597, 1598, 1599, 1600, 1601, 1602, 1603, 1604, 1605, 1606, 1607, 1608, 1609, 1610, 1611, 1612, 1613, 1614, 1615, 1616, 1617, 1618, 1619, 1620]"
2909,SFU_Articles/covid19/1393239858.txt,1393239858,1393239858.txt,0b2c3ef4272371f879792a71efb1ab96e5f5239bf89c74fbdfbb440e674f7c2d,3500,1b6d174c-8544-4fc2-8a1d-981b03d4cff0,covid_community.IAA,34799c80-7805-4fbe-a9fc-11bd053f3721,Copied from  227 (Denise Toor) at 2021-04-07T222851,True,84027af1-9f71-459c-8644-8a84f89160fe,NOT_FOUND,Communityv4.2,01.17.05,0,3f9fbe4f-0d64-4e89-81fd-5e843cca9d25,{},0,0,0,,17,5,9d9f530a9448a43b2bc0384bef23e6280fa75708378dc016789a310fff2478b0,1,[0]
2910,SFU_Articles/covid19/1393239858.txt,1393239858,1393239858.txt,0b2c3ef4272371f879792a71efb1ab96e5f5239bf89c74fbdfbb440e674f7c2d,3500,1b6d174c-8544-4fc2-8a1d-981b03d4cff0,covid_community.IAA,34799c80-7805-4fbe-a9fc-11bd053f3721,Copied from  227 (Denise Toor) at 2021-04-07T222851,True,84027af1-9f71-459c-8644-8a84f89160fe,NOT_FOUND,Communityv4.2,01.18.05,0,1755a5d5-d0ed-4157-8172-61d83a914563,{},0,0,0,,18,5,9d9f530a9448a43b2bc0384bef23e6280fa75708378dc016789a310fff2478b0,1,[0]
2911,SFU_Articles/covid19/1393239858.txt,1393239858,1393239858.txt,0b2c3ef4272371f879792a71efb1ab96e5f5239bf89c74fbdfbb440e674f7c2d,3500,1b6d174c-8544-4fc2-8a1d-981b03d4cff0,covid_community.IAA,34799c80-7805-4fbe-a9fc-11bd053f3721,Copied from  227 (Denise Toor) at 2021-04-07T222851,True,84027af1-9f71-459c-8644-8a84f89160fe,NOT_FOUND,Communityv4.2,01.19.01,0,bc9404ed-4143-4fbf-b3ed-51963f25bddd,{},0,0,0,,19,1,9d9f530a9448a43b2bc0384bef23e6280fa75708378dc016789a310fff2478b0,1,[0]
