,article_batch_name,article_number,article_filename,article_sha256,article_text_length,tua_group_uuid,tua_group_name,tua_batch_uuid,tua_batch_name,tua_batch_final,source_task_uuid,tua_uuid,namespace,topic_name,case_number,answer_uuid,extra,highlight_count,start_pos,end_pos,target_text,question_Number,agreed_Answer,schema_sha256,agreement_score,highlighted_indices
368,SFU_Articles/covid19/760772746.txt,760772746,760772746.txt,29e3ef91307bff0915d59297c3366d813e892ab71b2009b6783226a82c9e997d,19289,1b6d174c-8544-4fc2-8a1d-981b03d4cff0,covid_community.IAA,f02b777d-265c-4fea-ab8f-6aeffd5167fc,Consensus generated at 2021-03-23T025626,True,2f784aae-953f-47c1-be39-89705caec74e,NOT_FOUND,Communityv4.2,01.02.02,1,b3ccbee0-ec5a-4bf4-91b2-12ffad74bbdd,"{""contrib_count"": 2, ""answer_text_list"": []}",0,0,0,,2,2,9d9f530a9448a43b2bc0384bef23e6280fa75708378dc016789a310fff2478b0,1,[0]
369,SFU_Articles/covid19/760772746.txt,760772746,760772746.txt,29e3ef91307bff0915d59297c3366d813e892ab71b2009b6783226a82c9e997d,19289,1b6d174c-8544-4fc2-8a1d-981b03d4cff0,covid_community.IAA,f02b777d-265c-4fea-ab8f-6aeffd5167fc,Consensus generated at 2021-03-23T025626,True,2f784aae-953f-47c1-be39-89705caec74e,NOT_FOUND,Communityv4.2,01.17.02,1,b9a2b27c-9001-4ac8-9c40-ad8a1a1b63f0,"{""contrib_count"": 2, ""answer_text_list"": []}",0,0,0,,17,2,9d9f530a9448a43b2bc0384bef23e6280fa75708378dc016789a310fff2478b0,1,[0]
370,SFU_Articles/covid19/760772746.txt,760772746,760772746.txt,29e3ef91307bff0915d59297c3366d813e892ab71b2009b6783226a82c9e997d,19289,1b6d174c-8544-4fc2-8a1d-981b03d4cff0,covid_community.IAA,f02b777d-265c-4fea-ab8f-6aeffd5167fc,Consensus generated at 2021-03-23T025626,True,2f784aae-953f-47c1-be39-89705caec74e,NOT_FOUND,Communityv4.2,01.19.01,1,bc9404ed-4143-4fbf-b3ed-51963f25bddd,"{""contrib_count"": 3, ""answer_text_list"": []}",0,0,0,,19,1,9d9f530a9448a43b2bc0384bef23e6280fa75708378dc016789a310fff2478b0,1,[0]
1595,SFU_Articles/covid19/760772746.txt,760772746,760772746.txt,29e3ef91307bff0915d59297c3366d813e892ab71b2009b6783226a82c9e997d,19289,1b6d174c-8544-4fc2-8a1d-981b03d4cff0,covid_community.IAA,34799c80-7805-4fbe-a9fc-11bd053f3721,Copied from  227 (Denise Toor) at 2021-04-07T222851,True,2f784aae-953f-47c1-be39-89705caec74e,NOT_FOUND,Communityv4.2,01.01.01,0,7b6c6303-6eba-49e8-b7a4-9c6c3ecffb7d,{},0,0,0,,1,1,9d9f530a9448a43b2bc0384bef23e6280fa75708378dc016789a310fff2478b0,1,[0]
1596,SFU_Articles/covid19/760772746.txt,760772746,760772746.txt,29e3ef91307bff0915d59297c3366d813e892ab71b2009b6783226a82c9e997d,19289,1b6d174c-8544-4fc2-8a1d-981b03d4cff0,covid_community.IAA,34799c80-7805-4fbe-a9fc-11bd053f3721,Copied from  227 (Denise Toor) at 2021-04-07T222851,True,2f784aae-953f-47c1-be39-89705caec74e,NOT_FOUND,Communityv4.2,01.02.02,0,b3ccbee0-ec5a-4bf4-91b2-12ffad74bbdd,{},0,0,0,,2,2,9d9f530a9448a43b2bc0384bef23e6280fa75708378dc016789a310fff2478b0,1,[0]
1597,SFU_Articles/covid19/760772746.txt,760772746,760772746.txt,29e3ef91307bff0915d59297c3366d813e892ab71b2009b6783226a82c9e997d,19289,1b6d174c-8544-4fc2-8a1d-981b03d4cff0,covid_community.IAA,34799c80-7805-4fbe-a9fc-11bd053f3721,Copied from  227 (Denise Toor) at 2021-04-07T222851,True,2f784aae-953f-47c1-be39-89705caec74e,NOT_FOUND,Communityv4.2,01.05.01,1,40ba2b81-9d34-4c03-9f91-a11c958a6e6a,{},1,3051,3117,collaboration with Anthony Scott\u2019s group including Osman Abdullahi,5,1,9d9f530a9448a43b2bc0384bef23e6280fa75708378dc016789a310fff2478b0,1,"[3051, 3052, 3053, 3054, 3055, 3056, 3057, 3058, 3059, 3060, 3061, 3062, 3063, 3064, 3065, 3066, 3067, 3068, 3069, 3070, 3071, 3072, 3073, 3074, 3075, 3076, 3077, 3078, 3079, 3080, 3081, 3082, 3083, 3084, 3085, 3086, 3087, 3088, 3089, 3090, 3091, 3092, 3093, 3094, 3095, 3096, 3097, 3098, 3099, 3100, 3101, 3102, 3103, 3104, 3105, 3106, 3107, 3108, 3109, 3110, 3111, 3112, 3113, 3114, 3115, 3116, 3117]"
1598,SFU_Articles/covid19/760772746.txt,760772746,760772746.txt,29e3ef91307bff0915d59297c3366d813e892ab71b2009b6783226a82c9e997d,19289,1b6d174c-8544-4fc2-8a1d-981b03d4cff0,covid_community.IAA,34799c80-7805-4fbe-a9fc-11bd053f3721,Copied from  227 (Denise Toor) at 2021-04-07T222851,True,2f784aae-953f-47c1-be39-89705caec74e,NOT_FOUND,Communityv4.2,01.06.02,0,ece60924-9bd7-4ef8-b2a8-18d550e045ef,{},0,0,0,,6,2,9d9f530a9448a43b2bc0384bef23e6280fa75708378dc016789a310fff2478b0,1,[0]
1599,SFU_Articles/covid19/760772746.txt,760772746,760772746.txt,29e3ef91307bff0915d59297c3366d813e892ab71b2009b6783226a82c9e997d,19289,1b6d174c-8544-4fc2-8a1d-981b03d4cff0,covid_community.IAA,34799c80-7805-4fbe-a9fc-11bd053f3721,Copied from  227 (Denise Toor) at 2021-04-07T222851,True,2f784aae-953f-47c1-be39-89705caec74e,NOT_FOUND,Communityv4.2,01.17.02,0,b9a2b27c-9001-4ac8-9c40-ad8a1a1b63f0,{},0,0,0,,17,2,9d9f530a9448a43b2bc0384bef23e6280fa75708378dc016789a310fff2478b0,1,[0]
1600,SFU_Articles/covid19/760772746.txt,760772746,760772746.txt,29e3ef91307bff0915d59297c3366d813e892ab71b2009b6783226a82c9e997d,19289,1b6d174c-8544-4fc2-8a1d-981b03d4cff0,covid_community.IAA,34799c80-7805-4fbe-a9fc-11bd053f3721,Copied from  227 (Denise Toor) at 2021-04-07T222851,True,2f784aae-953f-47c1-be39-89705caec74e,NOT_FOUND,Communityv4.2,01.18.08,0,c544b68a-c022-4754-8c3a-b0f6ff6555b9,{},0,0,0,,18,8,9d9f530a9448a43b2bc0384bef23e6280fa75708378dc016789a310fff2478b0,1,[0]
1601,SFU_Articles/covid19/760772746.txt,760772746,760772746.txt,29e3ef91307bff0915d59297c3366d813e892ab71b2009b6783226a82c9e997d,19289,1b6d174c-8544-4fc2-8a1d-981b03d4cff0,covid_community.IAA,34799c80-7805-4fbe-a9fc-11bd053f3721,Copied from  227 (Denise Toor) at 2021-04-07T222851,True,2f784aae-953f-47c1-be39-89705caec74e,NOT_FOUND,Communityv4.2,01.19.01,0,bc9404ed-4143-4fbf-b3ed-51963f25bddd,{},0,0,0,,19,1,9d9f530a9448a43b2bc0384bef23e6280fa75708378dc016789a310fff2478b0,1,[0]
