,article_batch_name,article_number,article_filename,article_sha256,article_text_length,tua_group_uuid,tua_group_name,tua_batch_uuid,tua_batch_name,tua_batch_final,source_task_uuid,tua_uuid,namespace,topic_name,case_number,answer_uuid,extra,highlight_count,start_pos,end_pos,target_text,question_Number,agreed_Answer,schema_sha256,agreement_score,highlighted_indices
417,SFU_Articles/covid19/760772746.txt,760772746,760772746.txt,29e3ef91307bff0915d59297c3366d813e892ab71b2009b6783226a82c9e997d,19289,1b6d174c-8544-4fc2-8a1d-981b03d4cff0,covid_community.IAA,f02b777d-265c-4fea-ab8f-6aeffd5167fc,Consensus generated at 2021-03-23T025626,True,46e187ac-c25c-4d67-9a41-f8cdfc5e8f55,NOT_FOUND,Communityv4.2,01.18.06,1,f785aeae-6b41-4157-9cae-978c80a2962b,"{""contrib_count"": 2, ""answer_text_list"": []}",0,0,0,,18,6,9d9f530a9448a43b2bc0384bef23e6280fa75708378dc016789a310fff2478b0,1,[0]
418,SFU_Articles/covid19/760772746.txt,760772746,760772746.txt,29e3ef91307bff0915d59297c3366d813e892ab71b2009b6783226a82c9e997d,19289,1b6d174c-8544-4fc2-8a1d-981b03d4cff0,covid_community.IAA,f02b777d-265c-4fea-ab8f-6aeffd5167fc,Consensus generated at 2021-03-23T025626,True,46e187ac-c25c-4d67-9a41-f8cdfc5e8f55,NOT_FOUND,Communityv4.2,01.02.02,1,b3ccbee0-ec5a-4bf4-91b2-12ffad74bbdd,"{""contrib_count"": 2, ""answer_text_list"": []}",0,0,0,,2,2,9d9f530a9448a43b2bc0384bef23e6280fa75708378dc016789a310fff2478b0,1,[0]
419,SFU_Articles/covid19/760772746.txt,760772746,760772746.txt,29e3ef91307bff0915d59297c3366d813e892ab71b2009b6783226a82c9e997d,19289,1b6d174c-8544-4fc2-8a1d-981b03d4cff0,covid_community.IAA,f02b777d-265c-4fea-ab8f-6aeffd5167fc,Consensus generated at 2021-03-23T025626,True,46e187ac-c25c-4d67-9a41-f8cdfc5e8f55,NOT_FOUND,Communityv4.2,01.19.01,1,bc9404ed-4143-4fbf-b3ed-51963f25bddd,"{""contrib_count"": 3, ""answer_text_list"": []}",0,0,0,,19,1,9d9f530a9448a43b2bc0384bef23e6280fa75708378dc016789a310fff2478b0,1,[0]
1772,SFU_Articles/covid19/760772746.txt,760772746,760772746.txt,29e3ef91307bff0915d59297c3366d813e892ab71b2009b6783226a82c9e997d,19289,1b6d174c-8544-4fc2-8a1d-981b03d4cff0,covid_community.IAA,34799c80-7805-4fbe-a9fc-11bd053f3721,Copied from  227 (Denise Toor) at 2021-04-07T222851,True,46e187ac-c25c-4d67-9a41-f8cdfc5e8f55,NOT_FOUND,Communityv4.2,01.01.01,0,7b6c6303-6eba-49e8-b7a4-9c6c3ecffb7d,{},0,0,0,,1,1,9d9f530a9448a43b2bc0384bef23e6280fa75708378dc016789a310fff2478b0,1,[0]
1773,SFU_Articles/covid19/760772746.txt,760772746,760772746.txt,29e3ef91307bff0915d59297c3366d813e892ab71b2009b6783226a82c9e997d,19289,1b6d174c-8544-4fc2-8a1d-981b03d4cff0,covid_community.IAA,34799c80-7805-4fbe-a9fc-11bd053f3721,Copied from  227 (Denise Toor) at 2021-04-07T222851,True,46e187ac-c25c-4d67-9a41-f8cdfc5e8f55,NOT_FOUND,Communityv4.2,01.02.02,0,b3ccbee0-ec5a-4bf4-91b2-12ffad74bbdd,{},0,0,0,,2,2,9d9f530a9448a43b2bc0384bef23e6280fa75708378dc016789a310fff2478b0,1,[0]
1774,SFU_Articles/covid19/760772746.txt,760772746,760772746.txt,29e3ef91307bff0915d59297c3366d813e892ab71b2009b6783226a82c9e997d,19289,1b6d174c-8544-4fc2-8a1d-981b03d4cff0,covid_community.IAA,34799c80-7805-4fbe-a9fc-11bd053f3721,Copied from  227 (Denise Toor) at 2021-04-07T222851,True,46e187ac-c25c-4d67-9a41-f8cdfc5e8f55,NOT_FOUND,Communityv4.2,01.05.01,1,40ba2b81-9d34-4c03-9f91-a11c958a6e6a,{},1,11550,11621,with Anne Presanis and multiple collaborators in public health agencies,5,1,9d9f530a9448a43b2bc0384bef23e6280fa75708378dc016789a310fff2478b0,1,"[11550, 11551, 11552, 11553, 11554, 11555, 11556, 11557, 11558, 11559, 11560, 11561, 11562, 11563, 11564, 11565, 11566, 11567, 11568, 11569, 11570, 11571, 11572, 11573, 11574, 11575, 11576, 11577, 11578, 11579, 11580, 11581, 11582, 11583, 11584, 11585, 11586, 11587, 11588, 11589, 11590, 11591, 11592, 11593, 11594, 11595, 11596, 11597, 11598, 11599, 11600, 11601, 11602, 11603, 11604, 11605, 11606, 11607, 11608, 11609, 11610, 11611, 11612, 11613, 11614, 11615, 11616, 11617, 11618, 11619, 11620, 11621]"
1775,SFU_Articles/covid19/760772746.txt,760772746,760772746.txt,29e3ef91307bff0915d59297c3366d813e892ab71b2009b6783226a82c9e997d,19289,1b6d174c-8544-4fc2-8a1d-981b03d4cff0,covid_community.IAA,34799c80-7805-4fbe-a9fc-11bd053f3721,Copied from  227 (Denise Toor) at 2021-04-07T222851,True,46e187ac-c25c-4d67-9a41-f8cdfc5e8f55,NOT_FOUND,Communityv4.2,01.06.02,0,ece60924-9bd7-4ef8-b2a8-18d550e045ef,{},0,0,0,,6,2,9d9f530a9448a43b2bc0384bef23e6280fa75708378dc016789a310fff2478b0,1,[0]
1776,SFU_Articles/covid19/760772746.txt,760772746,760772746.txt,29e3ef91307bff0915d59297c3366d813e892ab71b2009b6783226a82c9e997d,19289,1b6d174c-8544-4fc2-8a1d-981b03d4cff0,covid_community.IAA,34799c80-7805-4fbe-a9fc-11bd053f3721,Copied from  227 (Denise Toor) at 2021-04-07T222851,True,46e187ac-c25c-4d67-9a41-f8cdfc5e8f55,NOT_FOUND,Communityv4.2,01.17.04,0,0eb315f8-ef3b-4c76-849b-50b567c84301,{},0,0,0,,17,4,9d9f530a9448a43b2bc0384bef23e6280fa75708378dc016789a310fff2478b0,1,[0]
1777,SFU_Articles/covid19/760772746.txt,760772746,760772746.txt,29e3ef91307bff0915d59297c3366d813e892ab71b2009b6783226a82c9e997d,19289,1b6d174c-8544-4fc2-8a1d-981b03d4cff0,covid_community.IAA,34799c80-7805-4fbe-a9fc-11bd053f3721,Copied from  227 (Denise Toor) at 2021-04-07T222851,True,46e187ac-c25c-4d67-9a41-f8cdfc5e8f55,NOT_FOUND,Communityv4.2,01.18.06,0,f785aeae-6b41-4157-9cae-978c80a2962b,{},0,0,0,,18,6,9d9f530a9448a43b2bc0384bef23e6280fa75708378dc016789a310fff2478b0,1,[0]
1778,SFU_Articles/covid19/760772746.txt,760772746,760772746.txt,29e3ef91307bff0915d59297c3366d813e892ab71b2009b6783226a82c9e997d,19289,1b6d174c-8544-4fc2-8a1d-981b03d4cff0,covid_community.IAA,34799c80-7805-4fbe-a9fc-11bd053f3721,Copied from  227 (Denise Toor) at 2021-04-07T222851,True,46e187ac-c25c-4d67-9a41-f8cdfc5e8f55,NOT_FOUND,Communityv4.2,01.19.01,0,bc9404ed-4143-4fbf-b3ed-51963f25bddd,{},0,0,0,,19,1,9d9f530a9448a43b2bc0384bef23e6280fa75708378dc016789a310fff2478b0,1,[0]
