,article_batch_name,article_number,article_filename,article_sha256,article_text_length,tua_group_uuid,tua_group_name,tua_batch_uuid,tua_batch_name,tua_batch_final,source_task_uuid,tua_uuid,namespace,topic_name,case_number,answer_uuid,extra,highlight_count,start_pos,end_pos,target_text,question_Number,agreed_Answer,schema_sha256,agreement_score,highlighted_indices
553,SFU_Articles/covid19/1383193530.txt,1383193530,1383193530.txt,b4b0372f684a7d76faf8755947eef36a8f632f94348795806cc559b56a48872b,7581,1b6d174c-8544-4fc2-8a1d-981b03d4cff0,covid_community.IAA,f02b777d-265c-4fea-ab8f-6aeffd5167fc,Consensus generated at 2021-03-23T025626,True,5f933a05-d0d9-4f5f-8cc8-740fccbe3340,NOT_FOUND,Communityv4.2,01.01.03,1,15cefb82-86ee-40f8-a8f0-7f24896c2ad1,"{""contrib_count"": 2, ""answer_text_list"": []}",0,0,0,,1,3,9d9f530a9448a43b2bc0384bef23e6280fa75708378dc016789a310fff2478b0,1,[0]
554,SFU_Articles/covid19/1383193530.txt,1383193530,1383193530.txt,b4b0372f684a7d76faf8755947eef36a8f632f94348795806cc559b56a48872b,7581,1b6d174c-8544-4fc2-8a1d-981b03d4cff0,covid_community.IAA,f02b777d-265c-4fea-ab8f-6aeffd5167fc,Consensus generated at 2021-03-23T025626,True,5f933a05-d0d9-4f5f-8cc8-740fccbe3340,NOT_FOUND,Communityv4.2,01.19.01,1,bc9404ed-4143-4fbf-b3ed-51963f25bddd,"{""contrib_count"": 3, ""answer_text_list"": []}",0,0,0,,19,1,9d9f530a9448a43b2bc0384bef23e6280fa75708378dc016789a310fff2478b0,1,[0]
2060,SFU_Articles/covid19/1383193530.txt,1383193530,1383193530.txt,b4b0372f684a7d76faf8755947eef36a8f632f94348795806cc559b56a48872b,7581,1b6d174c-8544-4fc2-8a1d-981b03d4cff0,covid_community.IAA,34799c80-7805-4fbe-a9fc-11bd053f3721,Copied from  227 (Denise Toor) at 2021-04-07T222851,True,5f933a05-d0d9-4f5f-8cc8-740fccbe3340,NOT_FOUND,Communityv4.2,01.01.02,0,5467da6e-ff10-42bd-b756-48ed70351f11,{},0,0,0,,1,2,9d9f530a9448a43b2bc0384bef23e6280fa75708378dc016789a310fff2478b0,1,[0]
2061,SFU_Articles/covid19/1383193530.txt,1383193530,1383193530.txt,b4b0372f684a7d76faf8755947eef36a8f632f94348795806cc559b56a48872b,7581,1b6d174c-8544-4fc2-8a1d-981b03d4cff0,covid_community.IAA,34799c80-7805-4fbe-a9fc-11bd053f3721,Copied from  227 (Denise Toor) at 2021-04-07T222851,True,5f933a05-d0d9-4f5f-8cc8-740fccbe3340,NOT_FOUND,Communityv4.2,01.02.01,0,d34736bb-b71d-49c9-8491-a7840c659160,{},0,0,0,,2,1,9d9f530a9448a43b2bc0384bef23e6280fa75708378dc016789a310fff2478b0,1,[0]
2062,SFU_Articles/covid19/1383193530.txt,1383193530,1383193530.txt,b4b0372f684a7d76faf8755947eef36a8f632f94348795806cc559b56a48872b,7581,1b6d174c-8544-4fc2-8a1d-981b03d4cff0,covid_community.IAA,34799c80-7805-4fbe-a9fc-11bd053f3721,Copied from  227 (Denise Toor) at 2021-04-07T222851,True,5f933a05-d0d9-4f5f-8cc8-740fccbe3340,NOT_FOUND,Communityv4.2,01.02.02,0,b3ccbee0-ec5a-4bf4-91b2-12ffad74bbdd,{},0,0,0,,2,2,9d9f530a9448a43b2bc0384bef23e6280fa75708378dc016789a310fff2478b0,1,[0]
2063,SFU_Articles/covid19/1383193530.txt,1383193530,1383193530.txt,b4b0372f684a7d76faf8755947eef36a8f632f94348795806cc559b56a48872b,7581,1b6d174c-8544-4fc2-8a1d-981b03d4cff0,covid_community.IAA,34799c80-7805-4fbe-a9fc-11bd053f3721,Copied from  227 (Denise Toor) at 2021-04-07T222851,True,5f933a05-d0d9-4f5f-8cc8-740fccbe3340,NOT_FOUND,Communityv4.2,01.03.01,1,bff2ae90-662e-4701-bf93-d6a1738e2fd1,{},1,748,767,cryptocurrency ATMs,3,1,9d9f530a9448a43b2bc0384bef23e6280fa75708378dc016789a310fff2478b0,1,"[748, 749, 750, 751, 752, 753, 754, 755, 756, 757, 758, 759, 760, 761, 762, 763, 764, 765, 766, 767]"
2064,SFU_Articles/covid19/1383193530.txt,1383193530,1383193530.txt,b4b0372f684a7d76faf8755947eef36a8f632f94348795806cc559b56a48872b,7581,1b6d174c-8544-4fc2-8a1d-981b03d4cff0,covid_community.IAA,34799c80-7805-4fbe-a9fc-11bd053f3721,Copied from  227 (Denise Toor) at 2021-04-07T222851,True,5f933a05-d0d9-4f5f-8cc8-740fccbe3340,NOT_FOUND,Communityv4.2,01.04.03,0,fa7e535c-43c8-41a7-a52d-d42bc7749159,{},0,0,0,,4,3,9d9f530a9448a43b2bc0384bef23e6280fa75708378dc016789a310fff2478b0,1,[0]
2065,SFU_Articles/covid19/1383193530.txt,1383193530,1383193530.txt,b4b0372f684a7d76faf8755947eef36a8f632f94348795806cc559b56a48872b,7581,1b6d174c-8544-4fc2-8a1d-981b03d4cff0,covid_community.IAA,34799c80-7805-4fbe-a9fc-11bd053f3721,Copied from  227 (Denise Toor) at 2021-04-07T222851,True,5f933a05-d0d9-4f5f-8cc8-740fccbe3340,NOT_FOUND,Communityv4.2,01.05.03,1,54ecf2ec-9b71-44fc-87ac-30e6c55c7145,{},1,763,767,ATMs,5,3,9d9f530a9448a43b2bc0384bef23e6280fa75708378dc016789a310fff2478b0,1,"[763, 764, 765, 766, 767]"
2066,SFU_Articles/covid19/1383193530.txt,1383193530,1383193530.txt,b4b0372f684a7d76faf8755947eef36a8f632f94348795806cc559b56a48872b,7581,1b6d174c-8544-4fc2-8a1d-981b03d4cff0,covid_community.IAA,34799c80-7805-4fbe-a9fc-11bd053f3721,Copied from  227 (Denise Toor) at 2021-04-07T222851,True,5f933a05-d0d9-4f5f-8cc8-740fccbe3340,NOT_FOUND,Communityv4.2,01.17.05,0,3f9fbe4f-0d64-4e89-81fd-5e843cca9d25,{},0,0,0,,17,5,9d9f530a9448a43b2bc0384bef23e6280fa75708378dc016789a310fff2478b0,1,[0]
2067,SFU_Articles/covid19/1383193530.txt,1383193530,1383193530.txt,b4b0372f684a7d76faf8755947eef36a8f632f94348795806cc559b56a48872b,7581,1b6d174c-8544-4fc2-8a1d-981b03d4cff0,covid_community.IAA,34799c80-7805-4fbe-a9fc-11bd053f3721,Copied from  227 (Denise Toor) at 2021-04-07T222851,True,5f933a05-d0d9-4f5f-8cc8-740fccbe3340,NOT_FOUND,Communityv4.2,01.18.05,0,1755a5d5-d0ed-4157-8172-61d83a914563,{},0,0,0,,18,5,9d9f530a9448a43b2bc0384bef23e6280fa75708378dc016789a310fff2478b0,1,[0]
2068,SFU_Articles/covid19/1383193530.txt,1383193530,1383193530.txt,b4b0372f684a7d76faf8755947eef36a8f632f94348795806cc559b56a48872b,7581,1b6d174c-8544-4fc2-8a1d-981b03d4cff0,covid_community.IAA,34799c80-7805-4fbe-a9fc-11bd053f3721,Copied from  227 (Denise Toor) at 2021-04-07T222851,True,5f933a05-d0d9-4f5f-8cc8-740fccbe3340,NOT_FOUND,Communityv4.2,01.19.01,0,bc9404ed-4143-4fbf-b3ed-51963f25bddd,{},0,0,0,,19,1,9d9f530a9448a43b2bc0384bef23e6280fa75708378dc016789a310fff2478b0,1,[0]
