,article_batch_name,article_number,article_filename,article_sha256,article_text_length,tua_group_uuid,tua_group_name,tua_batch_uuid,tua_batch_name,tua_batch_final,source_task_uuid,tua_uuid,namespace,topic_name,case_number,answer_uuid,extra,highlight_count,start_pos,end_pos,target_text,question_Number,agreed_Answer,schema_sha256,agreement_score,highlighted_indices
541,SFU_Articles/covid19/760772746.txt,760772746,760772746.txt,29e3ef91307bff0915d59297c3366d813e892ab71b2009b6783226a82c9e997d,19289,1b6d174c-8544-4fc2-8a1d-981b03d4cff0,covid_community.IAA,f02b777d-265c-4fea-ab8f-6aeffd5167fc,Consensus generated at 2021-03-23T025626,True,398276a8-650d-4efb-a99d-90488456fa56,NOT_FOUND,Communityv4.2,01.18.06,1,f785aeae-6b41-4157-9cae-978c80a2962b,"{""contrib_count"": 2, ""answer_text_list"": []}",0,0,0,,18,6,9d9f530a9448a43b2bc0384bef23e6280fa75708378dc016789a310fff2478b0,1,[0]
542,SFU_Articles/covid19/760772746.txt,760772746,760772746.txt,29e3ef91307bff0915d59297c3366d813e892ab71b2009b6783226a82c9e997d,19289,1b6d174c-8544-4fc2-8a1d-981b03d4cff0,covid_community.IAA,f02b777d-265c-4fea-ab8f-6aeffd5167fc,Consensus generated at 2021-03-23T025626,True,398276a8-650d-4efb-a99d-90488456fa56,NOT_FOUND,Communityv4.2,01.12.02,1,9cd76b51-81a2-4806-b462-a5e965ed6f05,"{""contrib_count"": 2, ""answer_text_list"": []}",1,18119,18133,New York Times,12,2,9d9f530a9448a43b2bc0384bef23e6280fa75708378dc016789a310fff2478b0,1,"[18119, 18120, 18121, 18122, 18123, 18124, 18125, 18126, 18127, 18128, 18129, 18130, 18131, 18132, 18133]"
543,SFU_Articles/covid19/760772746.txt,760772746,760772746.txt,29e3ef91307bff0915d59297c3366d813e892ab71b2009b6783226a82c9e997d,19289,1b6d174c-8544-4fc2-8a1d-981b03d4cff0,covid_community.IAA,f02b777d-265c-4fea-ab8f-6aeffd5167fc,Consensus generated at 2021-03-23T025626,True,398276a8-650d-4efb-a99d-90488456fa56,NOT_FOUND,Communityv4.2,01.17.04,1,0eb315f8-ef3b-4c76-849b-50b567c84301,"{""contrib_count"": 2, ""answer_text_list"": []}",0,0,0,,17,4,9d9f530a9448a43b2bc0384bef23e6280fa75708378dc016789a310fff2478b0,1,[0]
544,SFU_Articles/covid19/760772746.txt,760772746,760772746.txt,29e3ef91307bff0915d59297c3366d813e892ab71b2009b6783226a82c9e997d,19289,1b6d174c-8544-4fc2-8a1d-981b03d4cff0,covid_community.IAA,f02b777d-265c-4fea-ab8f-6aeffd5167fc,Consensus generated at 2021-03-23T025626,True,398276a8-650d-4efb-a99d-90488456fa56,NOT_FOUND,Communityv4.2,01.02.05,1,ae8d134c-2ee3-4782-9ac0-981b46313837,"{""contrib_count"": 2, ""answer_text_list"": []}",0,0,0,,2,5,9d9f530a9448a43b2bc0384bef23e6280fa75708378dc016789a310fff2478b0,1,[0]
545,SFU_Articles/covid19/760772746.txt,760772746,760772746.txt,29e3ef91307bff0915d59297c3366d813e892ab71b2009b6783226a82c9e997d,19289,1b6d174c-8544-4fc2-8a1d-981b03d4cff0,covid_community.IAA,f02b777d-265c-4fea-ab8f-6aeffd5167fc,Consensus generated at 2021-03-23T025626,True,398276a8-650d-4efb-a99d-90488456fa56,NOT_FOUND,Communityv4.2,01.19.01,1,bc9404ed-4143-4fbf-b3ed-51963f25bddd,"{""contrib_count"": 3, ""answer_text_list"": []}",0,0,0,,19,1,9d9f530a9448a43b2bc0384bef23e6280fa75708378dc016789a310fff2478b0,1,[0]
1972,SFU_Articles/covid19/760772746.txt,760772746,760772746.txt,29e3ef91307bff0915d59297c3366d813e892ab71b2009b6783226a82c9e997d,19289,1b6d174c-8544-4fc2-8a1d-981b03d4cff0,covid_community.IAA,34799c80-7805-4fbe-a9fc-11bd053f3721,Copied from  227 (Denise Toor) at 2021-04-07T222851,True,398276a8-650d-4efb-a99d-90488456fa56,NOT_FOUND,Communityv4.2,01.01.01,0,7b6c6303-6eba-49e8-b7a4-9c6c3ecffb7d,{},0,0,0,,1,1,9d9f530a9448a43b2bc0384bef23e6280fa75708378dc016789a310fff2478b0,1,[0]
1973,SFU_Articles/covid19/760772746.txt,760772746,760772746.txt,29e3ef91307bff0915d59297c3366d813e892ab71b2009b6783226a82c9e997d,19289,1b6d174c-8544-4fc2-8a1d-981b03d4cff0,covid_community.IAA,34799c80-7805-4fbe-a9fc-11bd053f3721,Copied from  227 (Denise Toor) at 2021-04-07T222851,True,398276a8-650d-4efb-a99d-90488456fa56,NOT_FOUND,Communityv4.2,01.02.05,0,ae8d134c-2ee3-4782-9ac0-981b46313837,{},0,0,0,,2,5,9d9f530a9448a43b2bc0384bef23e6280fa75708378dc016789a310fff2478b0,1,[0]
1974,SFU_Articles/covid19/760772746.txt,760772746,760772746.txt,29e3ef91307bff0915d59297c3366d813e892ab71b2009b6783226a82c9e997d,19289,1b6d174c-8544-4fc2-8a1d-981b03d4cff0,covid_community.IAA,34799c80-7805-4fbe-a9fc-11bd053f3721,Copied from  227 (Denise Toor) at 2021-04-07T222851,True,398276a8-650d-4efb-a99d-90488456fa56,NOT_FOUND,Communityv4.2,01.12.07,1,54f15160-74cb-4a61-8167-b0b4c06172b2,{},1,18107,18139,argued in a New York Times op-ed,12,7,9d9f530a9448a43b2bc0384bef23e6280fa75708378dc016789a310fff2478b0,1,"[18107, 18108, 18109, 18110, 18111, 18112, 18113, 18114, 18115, 18116, 18117, 18118, 18119, 18120, 18121, 18122, 18123, 18124, 18125, 18126, 18127, 18128, 18129, 18130, 18131, 18132, 18133, 18134, 18135, 18136, 18137, 18138, 18139]"
1975,SFU_Articles/covid19/760772746.txt,760772746,760772746.txt,29e3ef91307bff0915d59297c3366d813e892ab71b2009b6783226a82c9e997d,19289,1b6d174c-8544-4fc2-8a1d-981b03d4cff0,covid_community.IAA,34799c80-7805-4fbe-a9fc-11bd053f3721,Copied from  227 (Denise Toor) at 2021-04-07T222851,True,398276a8-650d-4efb-a99d-90488456fa56,NOT_FOUND,Communityv4.2,01.17.04,0,0eb315f8-ef3b-4c76-849b-50b567c84301,{},0,0,0,,17,4,9d9f530a9448a43b2bc0384bef23e6280fa75708378dc016789a310fff2478b0,1,[0]
1976,SFU_Articles/covid19/760772746.txt,760772746,760772746.txt,29e3ef91307bff0915d59297c3366d813e892ab71b2009b6783226a82c9e997d,19289,1b6d174c-8544-4fc2-8a1d-981b03d4cff0,covid_community.IAA,34799c80-7805-4fbe-a9fc-11bd053f3721,Copied from  227 (Denise Toor) at 2021-04-07T222851,True,398276a8-650d-4efb-a99d-90488456fa56,NOT_FOUND,Communityv4.2,01.18.06,0,f785aeae-6b41-4157-9cae-978c80a2962b,{},0,0,0,,18,6,9d9f530a9448a43b2bc0384bef23e6280fa75708378dc016789a310fff2478b0,1,[0]
1977,SFU_Articles/covid19/760772746.txt,760772746,760772746.txt,29e3ef91307bff0915d59297c3366d813e892ab71b2009b6783226a82c9e997d,19289,1b6d174c-8544-4fc2-8a1d-981b03d4cff0,covid_community.IAA,34799c80-7805-4fbe-a9fc-11bd053f3721,Copied from  227 (Denise Toor) at 2021-04-07T222851,True,398276a8-650d-4efb-a99d-90488456fa56,NOT_FOUND,Communityv4.2,01.19.01,0,bc9404ed-4143-4fbf-b3ed-51963f25bddd,{},0,0,0,,19,1,9d9f530a9448a43b2bc0384bef23e6280fa75708378dc016789a310fff2478b0,1,[0]
