,article_batch_name,article_number,article_filename,article_sha256,article_text_length,tua_group_uuid,tua_group_name,tua_batch_uuid,tua_batch_name,tua_batch_final,source_task_uuid,tua_uuid,namespace,topic_name,case_number,answer_uuid,extra,highlight_count,start_pos,end_pos,target_text,question_Number,agreed_Answer,schema_sha256,agreement_score,highlighted_indices
994,SFU_Articles/covid19/1393239858.txt,1393239858,1393239858.txt,0b2c3ef4272371f879792a71efb1ab96e5f5239bf89c74fbdfbb440e674f7c2d,3500,1b6d174c-8544-4fc2-8a1d-981b03d4cff0,covid_community.IAA,f02b777d-265c-4fea-ab8f-6aeffd5167fc,Consensus generated at 2021-03-23T025626,True,cd9c388e-dab4-442c-a461-c6de8465c42a,NOT_FOUND,Communityv4.2,01.01.03,1,15cefb82-86ee-40f8-a8f0-7f24896c2ad1,"{""contrib_count"": 3, ""answer_text_list"": []}",0,0,0,,1,3,9d9f530a9448a43b2bc0384bef23e6280fa75708378dc016789a310fff2478b0,1,[0]
995,SFU_Articles/covid19/1393239858.txt,1393239858,1393239858.txt,0b2c3ef4272371f879792a71efb1ab96e5f5239bf89c74fbdfbb440e674f7c2d,3500,1b6d174c-8544-4fc2-8a1d-981b03d4cff0,covid_community.IAA,f02b777d-265c-4fea-ab8f-6aeffd5167fc,Consensus generated at 2021-03-23T025626,True,cd9c388e-dab4-442c-a461-c6de8465c42a,NOT_FOUND,Communityv4.2,01.17.04,1,0eb315f8-ef3b-4c76-849b-50b567c84301,"{""contrib_count"": 2, ""answer_text_list"": []}",0,0,0,,17,4,9d9f530a9448a43b2bc0384bef23e6280fa75708378dc016789a310fff2478b0,1,[0]
996,SFU_Articles/covid19/1393239858.txt,1393239858,1393239858.txt,0b2c3ef4272371f879792a71efb1ab96e5f5239bf89c74fbdfbb440e674f7c2d,3500,1b6d174c-8544-4fc2-8a1d-981b03d4cff0,covid_community.IAA,f02b777d-265c-4fea-ab8f-6aeffd5167fc,Consensus generated at 2021-03-23T025626,True,cd9c388e-dab4-442c-a461-c6de8465c42a,NOT_FOUND,Communityv4.2,01.19.01,1,bc9404ed-4143-4fbf-b3ed-51963f25bddd,"{""contrib_count"": 3, ""answer_text_list"": []}",0,0,0,,19,1,9d9f530a9448a43b2bc0384bef23e6280fa75708378dc016789a310fff2478b0,1,[0]
2861,SFU_Articles/covid19/1393239858.txt,1393239858,1393239858.txt,0b2c3ef4272371f879792a71efb1ab96e5f5239bf89c74fbdfbb440e674f7c2d,3500,1b6d174c-8544-4fc2-8a1d-981b03d4cff0,covid_community.IAA,34799c80-7805-4fbe-a9fc-11bd053f3721,Copied from  227 (Denise Toor) at 2021-04-07T222851,True,cd9c388e-dab4-442c-a461-c6de8465c42a,NOT_FOUND,Communityv4.2,01.01.03,0,15cefb82-86ee-40f8-a8f0-7f24896c2ad1,{},0,0,0,,1,3,9d9f530a9448a43b2bc0384bef23e6280fa75708378dc016789a310fff2478b0,1,[0]
2862,SFU_Articles/covid19/1393239858.txt,1393239858,1393239858.txt,0b2c3ef4272371f879792a71efb1ab96e5f5239bf89c74fbdfbb440e674f7c2d,3500,1b6d174c-8544-4fc2-8a1d-981b03d4cff0,covid_community.IAA,34799c80-7805-4fbe-a9fc-11bd053f3721,Copied from  227 (Denise Toor) at 2021-04-07T222851,True,cd9c388e-dab4-442c-a461-c6de8465c42a,NOT_FOUND,Communityv4.2,01.17.04,0,0eb315f8-ef3b-4c76-849b-50b567c84301,{},0,0,0,,17,4,9d9f530a9448a43b2bc0384bef23e6280fa75708378dc016789a310fff2478b0,1,[0]
2863,SFU_Articles/covid19/1393239858.txt,1393239858,1393239858.txt,0b2c3ef4272371f879792a71efb1ab96e5f5239bf89c74fbdfbb440e674f7c2d,3500,1b6d174c-8544-4fc2-8a1d-981b03d4cff0,covid_community.IAA,34799c80-7805-4fbe-a9fc-11bd053f3721,Copied from  227 (Denise Toor) at 2021-04-07T222851,True,cd9c388e-dab4-442c-a461-c6de8465c42a,NOT_FOUND,Communityv4.2,01.18.04,0,c6dae17e-4495-4463-bb13-e848de2cc71b,{},0,0,0,,18,4,9d9f530a9448a43b2bc0384bef23e6280fa75708378dc016789a310fff2478b0,1,[0]
2864,SFU_Articles/covid19/1393239858.txt,1393239858,1393239858.txt,0b2c3ef4272371f879792a71efb1ab96e5f5239bf89c74fbdfbb440e674f7c2d,3500,1b6d174c-8544-4fc2-8a1d-981b03d4cff0,covid_community.IAA,34799c80-7805-4fbe-a9fc-11bd053f3721,Copied from  227 (Denise Toor) at 2021-04-07T222851,True,cd9c388e-dab4-442c-a461-c6de8465c42a,NOT_FOUND,Communityv4.2,01.19.01,0,bc9404ed-4143-4fbf-b3ed-51963f25bddd,{},0,0,0,,19,1,9d9f530a9448a43b2bc0384bef23e6280fa75708378dc016789a310fff2478b0,1,[0]
