,article_batch_name,article_number,article_filename,article_sha256,article_text_length,tua_group_uuid,tua_group_name,tua_batch_uuid,tua_batch_name,tua_batch_final,source_task_uuid,tua_uuid,namespace,topic_name,case_number,answer_uuid,extra,highlight_count,start_pos,end_pos,target_text,question_Number,agreed_Answer,schema_sha256,agreement_score,highlighted_indices
659,SFU_Articles/covid19/1383193530.txt,1383193530,1383193530.txt,b4b0372f684a7d76faf8755947eef36a8f632f94348795806cc559b56a48872b,7581,1b6d174c-8544-4fc2-8a1d-981b03d4cff0,covid_community.IAA,f02b777d-265c-4fea-ab8f-6aeffd5167fc,Consensus generated at 2021-03-23T025626,True,801fb2ae-3cb4-4e6e-abaf-fd4992c622a1,NOT_FOUND,Communityv4.2,01.18.06,1,f785aeae-6b41-4157-9cae-978c80a2962b,"{""contrib_count"": 2, ""answer_text_list"": []}",0,0,0,,18,6,9d9f530a9448a43b2bc0384bef23e6280fa75708378dc016789a310fff2478b0,1,[0]
660,SFU_Articles/covid19/1383193530.txt,1383193530,1383193530.txt,b4b0372f684a7d76faf8755947eef36a8f632f94348795806cc559b56a48872b,7581,1b6d174c-8544-4fc2-8a1d-981b03d4cff0,covid_community.IAA,f02b777d-265c-4fea-ab8f-6aeffd5167fc,Consensus generated at 2021-03-23T025626,True,801fb2ae-3cb4-4e6e-abaf-fd4992c622a1,NOT_FOUND,Communityv4.2,01.02.05,1,ae8d134c-2ee3-4782-9ac0-981b46313837,"{""contrib_count"": 2, ""answer_text_list"": []}",0,0,0,,2,5,9d9f530a9448a43b2bc0384bef23e6280fa75708378dc016789a310fff2478b0,1,[0]
661,SFU_Articles/covid19/1383193530.txt,1383193530,1383193530.txt,b4b0372f684a7d76faf8755947eef36a8f632f94348795806cc559b56a48872b,7581,1b6d174c-8544-4fc2-8a1d-981b03d4cff0,covid_community.IAA,f02b777d-265c-4fea-ab8f-6aeffd5167fc,Consensus generated at 2021-03-23T025626,True,801fb2ae-3cb4-4e6e-abaf-fd4992c622a1,NOT_FOUND,Communityv4.2,01.19.01,1,bc9404ed-4143-4fbf-b3ed-51963f25bddd,"{""contrib_count"": 3, ""answer_text_list"": []}",0,0,0,,19,1,9d9f530a9448a43b2bc0384bef23e6280fa75708378dc016789a310fff2478b0,1,[0]
2339,SFU_Articles/covid19/1383193530.txt,1383193530,1383193530.txt,b4b0372f684a7d76faf8755947eef36a8f632f94348795806cc559b56a48872b,7581,1b6d174c-8544-4fc2-8a1d-981b03d4cff0,covid_community.IAA,34799c80-7805-4fbe-a9fc-11bd053f3721,Copied from  227 (Denise Toor) at 2021-04-07T222851,True,801fb2ae-3cb4-4e6e-abaf-fd4992c622a1,NOT_FOUND,Communityv4.2,01.01.01,0,7b6c6303-6eba-49e8-b7a4-9c6c3ecffb7d,{},0,0,0,,1,1,9d9f530a9448a43b2bc0384bef23e6280fa75708378dc016789a310fff2478b0,1,[0]
2340,SFU_Articles/covid19/1383193530.txt,1383193530,1383193530.txt,b4b0372f684a7d76faf8755947eef36a8f632f94348795806cc559b56a48872b,7581,1b6d174c-8544-4fc2-8a1d-981b03d4cff0,covid_community.IAA,34799c80-7805-4fbe-a9fc-11bd053f3721,Copied from  227 (Denise Toor) at 2021-04-07T222851,True,801fb2ae-3cb4-4e6e-abaf-fd4992c622a1,NOT_FOUND,Communityv4.2,01.02.05,0,ae8d134c-2ee3-4782-9ac0-981b46313837,{},0,0,0,,2,5,9d9f530a9448a43b2bc0384bef23e6280fa75708378dc016789a310fff2478b0,1,[0]
2341,SFU_Articles/covid19/1383193530.txt,1383193530,1383193530.txt,b4b0372f684a7d76faf8755947eef36a8f632f94348795806cc559b56a48872b,7581,1b6d174c-8544-4fc2-8a1d-981b03d4cff0,covid_community.IAA,34799c80-7805-4fbe-a9fc-11bd053f3721,Copied from  227 (Denise Toor) at 2021-04-07T222851,True,801fb2ae-3cb4-4e6e-abaf-fd4992c622a1,NOT_FOUND,Communityv4.2,01.12.07,1,54f15160-74cb-4a61-8167-b0b4c06172b2,{},1,6531,6552,Coindesk.com reported,12,7,9d9f530a9448a43b2bc0384bef23e6280fa75708378dc016789a310fff2478b0,1,"[6531, 6532, 6533, 6534, 6535, 6536, 6537, 6538, 6539, 6540, 6541, 6542, 6543, 6544, 6545, 6546, 6547, 6548, 6549, 6550, 6551, 6552]"
2342,SFU_Articles/covid19/1383193530.txt,1383193530,1383193530.txt,b4b0372f684a7d76faf8755947eef36a8f632f94348795806cc559b56a48872b,7581,1b6d174c-8544-4fc2-8a1d-981b03d4cff0,covid_community.IAA,34799c80-7805-4fbe-a9fc-11bd053f3721,Copied from  227 (Denise Toor) at 2021-04-07T222851,True,801fb2ae-3cb4-4e6e-abaf-fd4992c622a1,NOT_FOUND,Communityv4.2,01.17.05,0,3f9fbe4f-0d64-4e89-81fd-5e843cca9d25,{},0,0,0,,17,5,9d9f530a9448a43b2bc0384bef23e6280fa75708378dc016789a310fff2478b0,1,[0]
2343,SFU_Articles/covid19/1383193530.txt,1383193530,1383193530.txt,b4b0372f684a7d76faf8755947eef36a8f632f94348795806cc559b56a48872b,7581,1b6d174c-8544-4fc2-8a1d-981b03d4cff0,covid_community.IAA,34799c80-7805-4fbe-a9fc-11bd053f3721,Copied from  227 (Denise Toor) at 2021-04-07T222851,True,801fb2ae-3cb4-4e6e-abaf-fd4992c622a1,NOT_FOUND,Communityv4.2,01.18.06,0,f785aeae-6b41-4157-9cae-978c80a2962b,{},0,0,0,,18,6,9d9f530a9448a43b2bc0384bef23e6280fa75708378dc016789a310fff2478b0,1,[0]
2344,SFU_Articles/covid19/1383193530.txt,1383193530,1383193530.txt,b4b0372f684a7d76faf8755947eef36a8f632f94348795806cc559b56a48872b,7581,1b6d174c-8544-4fc2-8a1d-981b03d4cff0,covid_community.IAA,34799c80-7805-4fbe-a9fc-11bd053f3721,Copied from  227 (Denise Toor) at 2021-04-07T222851,True,801fb2ae-3cb4-4e6e-abaf-fd4992c622a1,NOT_FOUND,Communityv4.2,01.19.01,0,bc9404ed-4143-4fbf-b3ed-51963f25bddd,{},0,0,0,,19,1,9d9f530a9448a43b2bc0384bef23e6280fa75708378dc016789a310fff2478b0,1,[0]
