,article_batch_name,article_number,article_filename,article_sha256,article_text_length,tua_group_uuid,tua_group_name,tua_batch_uuid,tua_batch_name,tua_batch_final,source_task_uuid,tua_uuid,namespace,topic_name,case_number,answer_uuid,extra,highlight_count,start_pos,end_pos,target_text,question_Number,agreed_Answer,schema_sha256,agreement_score,highlighted_indices
280,SFU_Articles/covid19/760772746.txt,760772746,760772746.txt,29e3ef91307bff0915d59297c3366d813e892ab71b2009b6783226a82c9e997d,19289,1b6d174c-8544-4fc2-8a1d-981b03d4cff0,covid_community.IAA,f02b777d-265c-4fea-ab8f-6aeffd5167fc,Consensus generated at 2021-03-23T025626,True,c5c59e84-3f69-4ee6-80d8-a4ecdb843276,NOT_FOUND,Communityv4.2,01.12.01,1,67581b1d-bbbb-45ef-b26e-7671bd7d3eb9,"{""contrib_count"": 2, ""answer_text_list"": []}",1,15485,15522,Alethea McCormick and Nadia Abuelezam,12,1,9d9f530a9448a43b2bc0384bef23e6280fa75708378dc016789a310fff2478b0,1,"[15485, 15486, 15487, 15488, 15489, 15490, 15491, 15492, 15493, 15494, 15495, 15496, 15497, 15498, 15499, 15500, 15501, 15502, 15503, 15504, 15505, 15506, 15507, 15508, 15509, 15510, 15511, 15512, 15513, 15514, 15515, 15516, 15517, 15518, 15519, 15520, 15521, 15522]"
281,SFU_Articles/covid19/760772746.txt,760772746,760772746.txt,29e3ef91307bff0915d59297c3366d813e892ab71b2009b6783226a82c9e997d,19289,1b6d174c-8544-4fc2-8a1d-981b03d4cff0,covid_community.IAA,f02b777d-265c-4fea-ab8f-6aeffd5167fc,Consensus generated at 2021-03-23T025626,True,c5c59e84-3f69-4ee6-80d8-a4ecdb843276,NOT_FOUND,Communityv4.2,01.19.01,1,bc9404ed-4143-4fbf-b3ed-51963f25bddd,"{""contrib_count"": 3, ""answer_text_list"": []}",0,0,0,,19,1,9d9f530a9448a43b2bc0384bef23e6280fa75708378dc016789a310fff2478b0,1,[0]
282,SFU_Articles/covid19/760772746.txt,760772746,760772746.txt,29e3ef91307bff0915d59297c3366d813e892ab71b2009b6783226a82c9e997d,19289,1b6d174c-8544-4fc2-8a1d-981b03d4cff0,covid_community.IAA,f02b777d-265c-4fea-ab8f-6aeffd5167fc,Consensus generated at 2021-03-23T025626,True,c5c59e84-3f69-4ee6-80d8-a4ecdb843276,NOT_FOUND,Communityv4.2,01.02.05,1,ae8d134c-2ee3-4782-9ac0-981b46313837,"{""contrib_count"": 2, ""answer_text_list"": []}",0,0,0,,2,5,9d9f530a9448a43b2bc0384bef23e6280fa75708378dc016789a310fff2478b0,1,[0]
1899,SFU_Articles/covid19/760772746.txt,760772746,760772746.txt,29e3ef91307bff0915d59297c3366d813e892ab71b2009b6783226a82c9e997d,19289,1b6d174c-8544-4fc2-8a1d-981b03d4cff0,covid_community.IAA,34799c80-7805-4fbe-a9fc-11bd053f3721,Copied from  227 (Denise Toor) at 2021-04-07T222851,True,c5c59e84-3f69-4ee6-80d8-a4ecdb843276,NOT_FOUND,Communityv4.2,01.01.01,0,7b6c6303-6eba-49e8-b7a4-9c6c3ecffb7d,{},0,0,0,,1,1,9d9f530a9448a43b2bc0384bef23e6280fa75708378dc016789a310fff2478b0,1,[0]
1900,SFU_Articles/covid19/760772746.txt,760772746,760772746.txt,29e3ef91307bff0915d59297c3366d813e892ab71b2009b6783226a82c9e997d,19289,1b6d174c-8544-4fc2-8a1d-981b03d4cff0,covid_community.IAA,34799c80-7805-4fbe-a9fc-11bd053f3721,Copied from  227 (Denise Toor) at 2021-04-07T222851,True,c5c59e84-3f69-4ee6-80d8-a4ecdb843276,NOT_FOUND,Communityv4.2,01.02.05,0,ae8d134c-2ee3-4782-9ac0-981b46313837,{},0,0,0,,2,5,9d9f530a9448a43b2bc0384bef23e6280fa75708378dc016789a310fff2478b0,1,[0]
1901,SFU_Articles/covid19/760772746.txt,760772746,760772746.txt,29e3ef91307bff0915d59297c3366d813e892ab71b2009b6783226a82c9e997d,19289,1b6d174c-8544-4fc2-8a1d-981b03d4cff0,covid_community.IAA,34799c80-7805-4fbe-a9fc-11bd053f3721,Copied from  227 (Denise Toor) at 2021-04-07T222851,True,c5c59e84-3f69-4ee6-80d8-a4ecdb843276,NOT_FOUND,Communityv4.2,01.02.02,0,b3ccbee0-ec5a-4bf4-91b2-12ffad74bbdd,{},0,0,0,,2,2,9d9f530a9448a43b2bc0384bef23e6280fa75708378dc016789a310fff2478b0,1,[0]
1902,SFU_Articles/covid19/760772746.txt,760772746,760772746.txt,29e3ef91307bff0915d59297c3366d813e892ab71b2009b6783226a82c9e997d,19289,1b6d174c-8544-4fc2-8a1d-981b03d4cff0,covid_community.IAA,34799c80-7805-4fbe-a9fc-11bd053f3721,Copied from  227 (Denise Toor) at 2021-04-07T222851,True,c5c59e84-3f69-4ee6-80d8-a4ecdb843276,NOT_FOUND,Communityv4.2,01.05.01,1,40ba2b81-9d34-4c03-9f91-a11c958a6e6a,{},1,15478,15522,led by Alethea McCormick and Nadia Abuelezam,5,1,9d9f530a9448a43b2bc0384bef23e6280fa75708378dc016789a310fff2478b0,1,"[15478, 15479, 15480, 15481, 15482, 15483, 15484, 15485, 15486, 15487, 15488, 15489, 15490, 15491, 15492, 15493, 15494, 15495, 15496, 15497, 15498, 15499, 15500, 15501, 15502, 15503, 15504, 15505, 15506, 15507, 15508, 15509, 15510, 15511, 15512, 15513, 15514, 15515, 15516, 15517, 15518, 15519, 15520, 15521, 15522]"
1903,SFU_Articles/covid19/760772746.txt,760772746,760772746.txt,29e3ef91307bff0915d59297c3366d813e892ab71b2009b6783226a82c9e997d,19289,1b6d174c-8544-4fc2-8a1d-981b03d4cff0,covid_community.IAA,34799c80-7805-4fbe-a9fc-11bd053f3721,Copied from  227 (Denise Toor) at 2021-04-07T222851,True,c5c59e84-3f69-4ee6-80d8-a4ecdb843276,NOT_FOUND,Communityv4.2,01.06.02,0,ece60924-9bd7-4ef8-b2a8-18d550e045ef,{},0,0,0,,6,2,9d9f530a9448a43b2bc0384bef23e6280fa75708378dc016789a310fff2478b0,1,[0]
1904,SFU_Articles/covid19/760772746.txt,760772746,760772746.txt,29e3ef91307bff0915d59297c3366d813e892ab71b2009b6783226a82c9e997d,19289,1b6d174c-8544-4fc2-8a1d-981b03d4cff0,covid_community.IAA,34799c80-7805-4fbe-a9fc-11bd053f3721,Copied from  227 (Denise Toor) at 2021-04-07T222851,True,c5c59e84-3f69-4ee6-80d8-a4ecdb843276,NOT_FOUND,Communityv4.2,01.17.05,0,3f9fbe4f-0d64-4e89-81fd-5e843cca9d25,{},0,0,0,,17,5,9d9f530a9448a43b2bc0384bef23e6280fa75708378dc016789a310fff2478b0,1,[0]
1905,SFU_Articles/covid19/760772746.txt,760772746,760772746.txt,29e3ef91307bff0915d59297c3366d813e892ab71b2009b6783226a82c9e997d,19289,1b6d174c-8544-4fc2-8a1d-981b03d4cff0,covid_community.IAA,34799c80-7805-4fbe-a9fc-11bd053f3721,Copied from  227 (Denise Toor) at 2021-04-07T222851,True,c5c59e84-3f69-4ee6-80d8-a4ecdb843276,NOT_FOUND,Communityv4.2,01.18.05,0,1755a5d5-d0ed-4157-8172-61d83a914563,{},0,0,0,,18,5,9d9f530a9448a43b2bc0384bef23e6280fa75708378dc016789a310fff2478b0,1,[0]
1906,SFU_Articles/covid19/760772746.txt,760772746,760772746.txt,29e3ef91307bff0915d59297c3366d813e892ab71b2009b6783226a82c9e997d,19289,1b6d174c-8544-4fc2-8a1d-981b03d4cff0,covid_community.IAA,34799c80-7805-4fbe-a9fc-11bd053f3721,Copied from  227 (Denise Toor) at 2021-04-07T222851,True,c5c59e84-3f69-4ee6-80d8-a4ecdb843276,NOT_FOUND,Communityv4.2,01.19.01,0,bc9404ed-4143-4fbf-b3ed-51963f25bddd,{},0,0,0,,19,1,9d9f530a9448a43b2bc0384bef23e6280fa75708378dc016789a310fff2478b0,1,[0]
