,article_batch_name,article_number,article_filename,article_sha256,article_text_length,tua_group_uuid,tua_group_name,tua_batch_uuid,tua_batch_name,tua_batch_final,source_task_uuid,tua_uuid,namespace,topic_name,case_number,answer_uuid,extra,highlight_count,start_pos,end_pos,target_text,question_Number,agreed_Answer,schema_sha256,agreement_score,highlighted_indices
243,SFU_Articles/covid19/1388012947.txt,1388012947,1388012947.txt,fa0076cd48ed5d46fdc923fa28059a51998bedb59103952fd67d5c7980c4327a,9573,1b6d174c-8544-4fc2-8a1d-981b03d4cff0,covid_community.IAA,f02b777d-265c-4fea-ab8f-6aeffd5167fc,Consensus generated at 2021-03-23T025626,True,37d70c5a-8bfe-4872-a5ec-5b7b776966b6,NOT_FOUND,Communityv4.2,01.01.01,1,7b6c6303-6eba-49e8-b7a4-9c6c3ecffb7d,"{""contrib_count"": 2, ""answer_text_list"": []}",0,0,0,,1,1,9d9f530a9448a43b2bc0384bef23e6280fa75708378dc016789a310fff2478b0,1,[0]
244,SFU_Articles/covid19/1388012947.txt,1388012947,1388012947.txt,fa0076cd48ed5d46fdc923fa28059a51998bedb59103952fd67d5c7980c4327a,9573,1b6d174c-8544-4fc2-8a1d-981b03d4cff0,covid_community.IAA,f02b777d-265c-4fea-ab8f-6aeffd5167fc,Consensus generated at 2021-03-23T025626,True,37d70c5a-8bfe-4872-a5ec-5b7b776966b6,NOT_FOUND,Communityv4.2,01.05.01,1,40ba2b81-9d34-4c03-9f91-a11c958a6e6a,"{""contrib_count"": 2, ""answer_text_list"": []}",1,7579,7593,Our executives,5,1,9d9f530a9448a43b2bc0384bef23e6280fa75708378dc016789a310fff2478b0,1,"[7579, 7580, 7581, 7582, 7583, 7584, 7585, 7586, 7587, 7588, 7589, 7590, 7591, 7592, 7593]"
245,SFU_Articles/covid19/1388012947.txt,1388012947,1388012947.txt,fa0076cd48ed5d46fdc923fa28059a51998bedb59103952fd67d5c7980c4327a,9573,1b6d174c-8544-4fc2-8a1d-981b03d4cff0,covid_community.IAA,f02b777d-265c-4fea-ab8f-6aeffd5167fc,Consensus generated at 2021-03-23T025626,True,37d70c5a-8bfe-4872-a5ec-5b7b776966b6,NOT_FOUND,Communityv4.2,01.02.02,1,b3ccbee0-ec5a-4bf4-91b2-12ffad74bbdd,"{""contrib_count"": 2, ""answer_text_list"": []}",0,0,0,,2,2,9d9f530a9448a43b2bc0384bef23e6280fa75708378dc016789a310fff2478b0,1,[0]
246,SFU_Articles/covid19/1388012947.txt,1388012947,1388012947.txt,fa0076cd48ed5d46fdc923fa28059a51998bedb59103952fd67d5c7980c4327a,9573,1b6d174c-8544-4fc2-8a1d-981b03d4cff0,covid_community.IAA,f02b777d-265c-4fea-ab8f-6aeffd5167fc,Consensus generated at 2021-03-23T025626,True,37d70c5a-8bfe-4872-a5ec-5b7b776966b6,NOT_FOUND,Communityv4.2,01.19.01,1,bc9404ed-4143-4fbf-b3ed-51963f25bddd,"{""contrib_count"": 3, ""answer_text_list"": []}",0,0,0,,19,1,9d9f530a9448a43b2bc0384bef23e6280fa75708378dc016789a310fff2478b0,1,[0]
2491,SFU_Articles/covid19/1388012947.txt,1388012947,1388012947.txt,fa0076cd48ed5d46fdc923fa28059a51998bedb59103952fd67d5c7980c4327a,9573,1b6d174c-8544-4fc2-8a1d-981b03d4cff0,covid_community.IAA,34799c80-7805-4fbe-a9fc-11bd053f3721,Copied from  227 (Denise Toor) at 2021-04-07T222851,True,37d70c5a-8bfe-4872-a5ec-5b7b776966b6,NOT_FOUND,Communityv4.2,01.01.01,0,7b6c6303-6eba-49e8-b7a4-9c6c3ecffb7d,{},0,0,0,,1,1,9d9f530a9448a43b2bc0384bef23e6280fa75708378dc016789a310fff2478b0,1,[0]
2492,SFU_Articles/covid19/1388012947.txt,1388012947,1388012947.txt,fa0076cd48ed5d46fdc923fa28059a51998bedb59103952fd67d5c7980c4327a,9573,1b6d174c-8544-4fc2-8a1d-981b03d4cff0,covid_community.IAA,34799c80-7805-4fbe-a9fc-11bd053f3721,Copied from  227 (Denise Toor) at 2021-04-07T222851,True,37d70c5a-8bfe-4872-a5ec-5b7b776966b6,NOT_FOUND,Communityv4.2,01.02.07,0,877d149e-3edb-44af-99b0-13bf229802e9,{},0,0,0,,2,7,9d9f530a9448a43b2bc0384bef23e6280fa75708378dc016789a310fff2478b0,1,[0]
2493,SFU_Articles/covid19/1388012947.txt,1388012947,1388012947.txt,fa0076cd48ed5d46fdc923fa28059a51998bedb59103952fd67d5c7980c4327a,9573,1b6d174c-8544-4fc2-8a1d-981b03d4cff0,covid_community.IAA,34799c80-7805-4fbe-a9fc-11bd053f3721,Copied from  227 (Denise Toor) at 2021-04-07T222851,True,37d70c5a-8bfe-4872-a5ec-5b7b776966b6,NOT_FOUND,Communityv4.2,01.14.04,1,415523f1-f4ef-4291-a6d3-912cc5f9288c,{},1,7579,7679,Our executives will be pleased to understand your requirements and offer you the best-suited reports,14,4,9d9f530a9448a43b2bc0384bef23e6280fa75708378dc016789a310fff2478b0,1,"[7579, 7580, 7581, 7582, 7583, 7584, 7585, 7586, 7587, 7588, 7589, 7590, 7591, 7592, 7593, 7594, 7595, 7596, 7597, 7598, 7599, 7600, 7601, 7602, 7603, 7604, 7605, 7606, 7607, 7608, 7609, 7610, 7611, 7612, 7613, 7614, 7615, 7616, 7617, 7618, 7619, 7620, 7621, 7622, 7623, 7624, 7625, 7626, 7627, 7628, 7629, 7630, 7631, 7632, 7633, 7634, 7635, 7636, 7637, 7638, 7639, 7640, 7641, 7642, 7643, 7644, 7645, 7646, 7647, 7648, 7649, 7650, 7651, 7652, 7653, 7654, 7655, 7656, 7657, 7658, 7659, 7660, 7661, 7662, 7663, 7664, 7665, 7666, 7667, 7668, 7669, 7670, 7671, 7672, 7673, 7674, 7675, 7676, 7677, 7678, 7679]"
2494,SFU_Articles/covid19/1388012947.txt,1388012947,1388012947.txt,fa0076cd48ed5d46fdc923fa28059a51998bedb59103952fd67d5c7980c4327a,9573,1b6d174c-8544-4fc2-8a1d-981b03d4cff0,covid_community.IAA,34799c80-7805-4fbe-a9fc-11bd053f3721,Copied from  227 (Denise Toor) at 2021-04-07T222851,True,37d70c5a-8bfe-4872-a5ec-5b7b776966b6,NOT_FOUND,Communityv4.2,01.17.05,0,3f9fbe4f-0d64-4e89-81fd-5e843cca9d25,{},0,0,0,,17,5,9d9f530a9448a43b2bc0384bef23e6280fa75708378dc016789a310fff2478b0,1,[0]
2495,SFU_Articles/covid19/1388012947.txt,1388012947,1388012947.txt,fa0076cd48ed5d46fdc923fa28059a51998bedb59103952fd67d5c7980c4327a,9573,1b6d174c-8544-4fc2-8a1d-981b03d4cff0,covid_community.IAA,34799c80-7805-4fbe-a9fc-11bd053f3721,Copied from  227 (Denise Toor) at 2021-04-07T222851,True,37d70c5a-8bfe-4872-a5ec-5b7b776966b6,NOT_FOUND,Communityv4.2,01.18.05,0,1755a5d5-d0ed-4157-8172-61d83a914563,{},0,0,0,,18,5,9d9f530a9448a43b2bc0384bef23e6280fa75708378dc016789a310fff2478b0,1,[0]
2496,SFU_Articles/covid19/1388012947.txt,1388012947,1388012947.txt,fa0076cd48ed5d46fdc923fa28059a51998bedb59103952fd67d5c7980c4327a,9573,1b6d174c-8544-4fc2-8a1d-981b03d4cff0,covid_community.IAA,34799c80-7805-4fbe-a9fc-11bd053f3721,Copied from  227 (Denise Toor) at 2021-04-07T222851,True,37d70c5a-8bfe-4872-a5ec-5b7b776966b6,NOT_FOUND,Communityv4.2,01.19.01,0,bc9404ed-4143-4fbf-b3ed-51963f25bddd,{},0,0,0,,19,1,9d9f530a9448a43b2bc0384bef23e6280fa75708378dc016789a310fff2478b0,1,[0]
