,article_batch_name,article_number,article_filename,article_sha256,article_text_length,tua_group_uuid,tua_group_name,tua_batch_uuid,tua_batch_name,tua_batch_final,source_task_uuid,tua_uuid,namespace,topic_name,case_number,answer_uuid,extra,highlight_count,start_pos,end_pos,target_text,question_Number,agreed_Answer,schema_sha256,agreement_score,highlighted_indices
506,SFU_Articles/covid19/1388274485.txt,1388274485,1388274485.txt,f995c3b7c3047d18d7aceaa3bbbf4505620a93b217f95e30e0d00a4105baf48c,8207,1b6d174c-8544-4fc2-8a1d-981b03d4cff0,covid_community.IAA,f02b777d-265c-4fea-ab8f-6aeffd5167fc,Consensus generated at 2021-03-23T025626,True,f7c01eeb-d5d3-4077-ab94-f30e7255fd39,NOT_FOUND,Communityv4.2,01.02.03,1,54d7e5ab-b350-4f0e-9fb8-df1921ebd0b3,"{""contrib_count"": 2, ""answer_text_list"": []}",0,0,0,,2,3,9d9f530a9448a43b2bc0384bef23e6280fa75708378dc016789a310fff2478b0,1,[0]
507,SFU_Articles/covid19/1388274485.txt,1388274485,1388274485.txt,f995c3b7c3047d18d7aceaa3bbbf4505620a93b217f95e30e0d00a4105baf48c,8207,1b6d174c-8544-4fc2-8a1d-981b03d4cff0,covid_community.IAA,f02b777d-265c-4fea-ab8f-6aeffd5167fc,Consensus generated at 2021-03-23T025626,True,f7c01eeb-d5d3-4077-ab94-f30e7255fd39,NOT_FOUND,Communityv4.2,01.08.01,1,3e2ebf7f-e623-47bd-a482-1fb7fd466ec6,"{""contrib_count"": 2, ""answer_text_list"": []}",1,7148,7163,adverse effects,8,1,9d9f530a9448a43b2bc0384bef23e6280fa75708378dc016789a310fff2478b0,1,"[7148, 7149, 7150, 7151, 7152, 7153, 7154, 7155, 7156, 7157, 7158, 7159, 7160, 7161, 7162, 7163]"
508,SFU_Articles/covid19/1388274485.txt,1388274485,1388274485.txt,f995c3b7c3047d18d7aceaa3bbbf4505620a93b217f95e30e0d00a4105baf48c,8207,1b6d174c-8544-4fc2-8a1d-981b03d4cff0,covid_community.IAA,f02b777d-265c-4fea-ab8f-6aeffd5167fc,Consensus generated at 2021-03-23T025626,True,f7c01eeb-d5d3-4077-ab94-f30e7255fd39,NOT_FOUND,Communityv4.2,01.01.02,1,5467da6e-ff10-42bd-b756-48ed70351f11,"{""contrib_count"": 2, ""answer_text_list"": []}",0,0,0,,1,2,9d9f530a9448a43b2bc0384bef23e6280fa75708378dc016789a310fff2478b0,1,[0]
509,SFU_Articles/covid19/1388274485.txt,1388274485,1388274485.txt,f995c3b7c3047d18d7aceaa3bbbf4505620a93b217f95e30e0d00a4105baf48c,8207,1b6d174c-8544-4fc2-8a1d-981b03d4cff0,covid_community.IAA,f02b777d-265c-4fea-ab8f-6aeffd5167fc,Consensus generated at 2021-03-23T025626,True,f7c01eeb-d5d3-4077-ab94-f30e7255fd39,NOT_FOUND,Communityv4.2,01.19.01,1,bc9404ed-4143-4fbf-b3ed-51963f25bddd,"{""contrib_count"": 3, ""answer_text_list"": []}",0,0,0,,19,1,9d9f530a9448a43b2bc0384bef23e6280fa75708378dc016789a310fff2478b0,1,[0]
2823,SFU_Articles/covid19/1388274485.txt,1388274485,1388274485.txt,f995c3b7c3047d18d7aceaa3bbbf4505620a93b217f95e30e0d00a4105baf48c,8207,1b6d174c-8544-4fc2-8a1d-981b03d4cff0,covid_community.IAA,34799c80-7805-4fbe-a9fc-11bd053f3721,Copied from  227 (Denise Toor) at 2021-04-07T222851,True,f7c01eeb-d5d3-4077-ab94-f30e7255fd39,NOT_FOUND,Communityv4.2,01.01.02,0,5467da6e-ff10-42bd-b756-48ed70351f11,{},0,0,0,,1,2,9d9f530a9448a43b2bc0384bef23e6280fa75708378dc016789a310fff2478b0,1,[0]
2824,SFU_Articles/covid19/1388274485.txt,1388274485,1388274485.txt,f995c3b7c3047d18d7aceaa3bbbf4505620a93b217f95e30e0d00a4105baf48c,8207,1b6d174c-8544-4fc2-8a1d-981b03d4cff0,covid_community.IAA,34799c80-7805-4fbe-a9fc-11bd053f3721,Copied from  227 (Denise Toor) at 2021-04-07T222851,True,f7c01eeb-d5d3-4077-ab94-f30e7255fd39,NOT_FOUND,Communityv4.2,01.02.03,0,54d7e5ab-b350-4f0e-9fb8-df1921ebd0b3,{},0,0,0,,2,3,9d9f530a9448a43b2bc0384bef23e6280fa75708378dc016789a310fff2478b0,1,[0]
2825,SFU_Articles/covid19/1388274485.txt,1388274485,1388274485.txt,f995c3b7c3047d18d7aceaa3bbbf4505620a93b217f95e30e0d00a4105baf48c,8207,1b6d174c-8544-4fc2-8a1d-981b03d4cff0,covid_community.IAA,34799c80-7805-4fbe-a9fc-11bd053f3721,Copied from  227 (Denise Toor) at 2021-04-07T222851,True,f7c01eeb-d5d3-4077-ab94-f30e7255fd39,NOT_FOUND,Communityv4.2,01.09.02,0,84cf7801-90ad-40c0-9bb6-16b58bc7a4f8,{},0,0,0,,9,2,9d9f530a9448a43b2bc0384bef23e6280fa75708378dc016789a310fff2478b0,1,[0]
2826,SFU_Articles/covid19/1388274485.txt,1388274485,1388274485.txt,f995c3b7c3047d18d7aceaa3bbbf4505620a93b217f95e30e0d00a4105baf48c,8207,1b6d174c-8544-4fc2-8a1d-981b03d4cff0,covid_community.IAA,34799c80-7805-4fbe-a9fc-11bd053f3721,Copied from  227 (Denise Toor) at 2021-04-07T222851,True,f7c01eeb-d5d3-4077-ab94-f30e7255fd39,NOT_FOUND,Communityv4.2,01.17.05,0,3f9fbe4f-0d64-4e89-81fd-5e843cca9d25,{},0,0,0,,17,5,9d9f530a9448a43b2bc0384bef23e6280fa75708378dc016789a310fff2478b0,1,[0]
2827,SFU_Articles/covid19/1388274485.txt,1388274485,1388274485.txt,f995c3b7c3047d18d7aceaa3bbbf4505620a93b217f95e30e0d00a4105baf48c,8207,1b6d174c-8544-4fc2-8a1d-981b03d4cff0,covid_community.IAA,34799c80-7805-4fbe-a9fc-11bd053f3721,Copied from  227 (Denise Toor) at 2021-04-07T222851,True,f7c01eeb-d5d3-4077-ab94-f30e7255fd39,NOT_FOUND,Communityv4.2,01.18.05,0,1755a5d5-d0ed-4157-8172-61d83a914563,{},0,0,0,,18,5,9d9f530a9448a43b2bc0384bef23e6280fa75708378dc016789a310fff2478b0,1,[0]
2828,SFU_Articles/covid19/1388274485.txt,1388274485,1388274485.txt,f995c3b7c3047d18d7aceaa3bbbf4505620a93b217f95e30e0d00a4105baf48c,8207,1b6d174c-8544-4fc2-8a1d-981b03d4cff0,covid_community.IAA,34799c80-7805-4fbe-a9fc-11bd053f3721,Copied from  227 (Denise Toor) at 2021-04-07T222851,True,f7c01eeb-d5d3-4077-ab94-f30e7255fd39,NOT_FOUND,Communityv4.2,01.19.01,0,bc9404ed-4143-4fbf-b3ed-51963f25bddd,{},0,0,0,,19,1,9d9f530a9448a43b2bc0384bef23e6280fa75708378dc016789a310fff2478b0,1,[0]
