,article_batch_name,article_number,article_filename,article_sha256,article_text_length,tua_group_uuid,tua_group_name,tua_batch_uuid,tua_batch_name,tua_batch_final,source_task_uuid,tua_uuid,namespace,topic_name,case_number,answer_uuid,extra,highlight_count,start_pos,end_pos,target_text,question_Number,agreed_Answer,schema_sha256,agreement_score,highlighted_indices
703,SFU_Articles/covid19/1393239858.txt,1393239858,1393239858.txt,0b2c3ef4272371f879792a71efb1ab96e5f5239bf89c74fbdfbb440e674f7c2d,3500,1b6d174c-8544-4fc2-8a1d-981b03d4cff0,covid_community.IAA,f02b777d-265c-4fea-ab8f-6aeffd5167fc,Consensus generated at 2021-03-23T025626,True,61afc0f1-e791-4a06-b9b3-4d82739825c1,NOT_FOUND,Communityv4.2,01.18.06,1,f785aeae-6b41-4157-9cae-978c80a2962b,"{""contrib_count"": 2, ""answer_text_list"": []}",0,0,0,,18,6,9d9f530a9448a43b2bc0384bef23e6280fa75708378dc016789a310fff2478b0,1,[0]
704,SFU_Articles/covid19/1393239858.txt,1393239858,1393239858.txt,0b2c3ef4272371f879792a71efb1ab96e5f5239bf89c74fbdfbb440e674f7c2d,3500,1b6d174c-8544-4fc2-8a1d-981b03d4cff0,covid_community.IAA,f02b777d-265c-4fea-ab8f-6aeffd5167fc,Consensus generated at 2021-03-23T025626,True,61afc0f1-e791-4a06-b9b3-4d82739825c1,NOT_FOUND,Communityv4.2,01.17.04,1,0eb315f8-ef3b-4c76-849b-50b567c84301,"{""contrib_count"": 2, ""answer_text_list"": []}",0,0,0,,17,4,9d9f530a9448a43b2bc0384bef23e6280fa75708378dc016789a310fff2478b0,1,[0]
705,SFU_Articles/covid19/1393239858.txt,1393239858,1393239858.txt,0b2c3ef4272371f879792a71efb1ab96e5f5239bf89c74fbdfbb440e674f7c2d,3500,1b6d174c-8544-4fc2-8a1d-981b03d4cff0,covid_community.IAA,f02b777d-265c-4fea-ab8f-6aeffd5167fc,Consensus generated at 2021-03-23T025626,True,61afc0f1-e791-4a06-b9b3-4d82739825c1,NOT_FOUND,Communityv4.2,01.02.05,1,ae8d134c-2ee3-4782-9ac0-981b46313837,"{""contrib_count"": 2, ""answer_text_list"": []}",0,0,0,,2,5,9d9f530a9448a43b2bc0384bef23e6280fa75708378dc016789a310fff2478b0,1,[0]
706,SFU_Articles/covid19/1393239858.txt,1393239858,1393239858.txt,0b2c3ef4272371f879792a71efb1ab96e5f5239bf89c74fbdfbb440e674f7c2d,3500,1b6d174c-8544-4fc2-8a1d-981b03d4cff0,covid_community.IAA,f02b777d-265c-4fea-ab8f-6aeffd5167fc,Consensus generated at 2021-03-23T025626,True,61afc0f1-e791-4a06-b9b3-4d82739825c1,NOT_FOUND,Communityv4.2,01.19.01,1,bc9404ed-4143-4fbf-b3ed-51963f25bddd,"{""contrib_count"": 3, ""answer_text_list"": []}",0,0,0,,19,1,9d9f530a9448a43b2bc0384bef23e6280fa75708378dc016789a310fff2478b0,1,[0]
2912,SFU_Articles/covid19/1393239858.txt,1393239858,1393239858.txt,0b2c3ef4272371f879792a71efb1ab96e5f5239bf89c74fbdfbb440e674f7c2d,3500,1b6d174c-8544-4fc2-8a1d-981b03d4cff0,covid_community.IAA,34799c80-7805-4fbe-a9fc-11bd053f3721,Copied from  227 (Denise Toor) at 2021-04-07T222851,True,61afc0f1-e791-4a06-b9b3-4d82739825c1,NOT_FOUND,Communityv4.2,01.01.01,0,7b6c6303-6eba-49e8-b7a4-9c6c3ecffb7d,{},0,0,0,,1,1,9d9f530a9448a43b2bc0384bef23e6280fa75708378dc016789a310fff2478b0,1,[0]
2913,SFU_Articles/covid19/1393239858.txt,1393239858,1393239858.txt,0b2c3ef4272371f879792a71efb1ab96e5f5239bf89c74fbdfbb440e674f7c2d,3500,1b6d174c-8544-4fc2-8a1d-981b03d4cff0,covid_community.IAA,34799c80-7805-4fbe-a9fc-11bd053f3721,Copied from  227 (Denise Toor) at 2021-04-07T222851,True,61afc0f1-e791-4a06-b9b3-4d82739825c1,NOT_FOUND,Communityv4.2,01.02.05,0,ae8d134c-2ee3-4782-9ac0-981b46313837,{},0,0,0,,2,5,9d9f530a9448a43b2bc0384bef23e6280fa75708378dc016789a310fff2478b0,1,[0]
2914,SFU_Articles/covid19/1393239858.txt,1393239858,1393239858.txt,0b2c3ef4272371f879792a71efb1ab96e5f5239bf89c74fbdfbb440e674f7c2d,3500,1b6d174c-8544-4fc2-8a1d-981b03d4cff0,covid_community.IAA,34799c80-7805-4fbe-a9fc-11bd053f3721,Copied from  227 (Denise Toor) at 2021-04-07T222851,True,61afc0f1-e791-4a06-b9b3-4d82739825c1,NOT_FOUND,Communityv4.2,01.12.07,1,54f15160-74cb-4a61-8167-b0b4c06172b2,{},1,1623,1664,According to the South China Morning Post,12,7,9d9f530a9448a43b2bc0384bef23e6280fa75708378dc016789a310fff2478b0,1,"[1623, 1624, 1625, 1626, 1627, 1628, 1629, 1630, 1631, 1632, 1633, 1634, 1635, 1636, 1637, 1638, 1639, 1640, 1641, 1642, 1643, 1644, 1645, 1646, 1647, 1648, 1649, 1650, 1651, 1652, 1653, 1654, 1655, 1656, 1657, 1658, 1659, 1660, 1661, 1662, 1663, 1664]"
2915,SFU_Articles/covid19/1393239858.txt,1393239858,1393239858.txt,0b2c3ef4272371f879792a71efb1ab96e5f5239bf89c74fbdfbb440e674f7c2d,3500,1b6d174c-8544-4fc2-8a1d-981b03d4cff0,covid_community.IAA,34799c80-7805-4fbe-a9fc-11bd053f3721,Copied from  227 (Denise Toor) at 2021-04-07T222851,True,61afc0f1-e791-4a06-b9b3-4d82739825c1,NOT_FOUND,Communityv4.2,01.17.04,0,0eb315f8-ef3b-4c76-849b-50b567c84301,{},0,0,0,,17,4,9d9f530a9448a43b2bc0384bef23e6280fa75708378dc016789a310fff2478b0,1,[0]
2916,SFU_Articles/covid19/1393239858.txt,1393239858,1393239858.txt,0b2c3ef4272371f879792a71efb1ab96e5f5239bf89c74fbdfbb440e674f7c2d,3500,1b6d174c-8544-4fc2-8a1d-981b03d4cff0,covid_community.IAA,34799c80-7805-4fbe-a9fc-11bd053f3721,Copied from  227 (Denise Toor) at 2021-04-07T222851,True,61afc0f1-e791-4a06-b9b3-4d82739825c1,NOT_FOUND,Communityv4.2,01.18.06,0,f785aeae-6b41-4157-9cae-978c80a2962b,{},0,0,0,,18,6,9d9f530a9448a43b2bc0384bef23e6280fa75708378dc016789a310fff2478b0,1,[0]
2917,SFU_Articles/covid19/1393239858.txt,1393239858,1393239858.txt,0b2c3ef4272371f879792a71efb1ab96e5f5239bf89c74fbdfbb440e674f7c2d,3500,1b6d174c-8544-4fc2-8a1d-981b03d4cff0,covid_community.IAA,34799c80-7805-4fbe-a9fc-11bd053f3721,Copied from  227 (Denise Toor) at 2021-04-07T222851,True,61afc0f1-e791-4a06-b9b3-4d82739825c1,NOT_FOUND,Communityv4.2,01.19.01,0,bc9404ed-4143-4fbf-b3ed-51963f25bddd,{},0,0,0,,19,1,9d9f530a9448a43b2bc0384bef23e6280fa75708378dc016789a310fff2478b0,1,[0]
