,article_batch_name,article_number,article_filename,article_sha256,article_text_length,tua_group_uuid,tua_group_name,tua_batch_uuid,tua_batch_name,tua_batch_final,source_task_uuid,tua_uuid,namespace,topic_name,case_number,answer_uuid,extra,highlight_count,start_pos,end_pos,target_text,question_Number,agreed_Answer,schema_sha256,agreement_score,highlighted_indices
687,SFU_Articles/covid19/1388274485.txt,1388274485,1388274485.txt,f995c3b7c3047d18d7aceaa3bbbf4505620a93b217f95e30e0d00a4105baf48c,8207,1b6d174c-8544-4fc2-8a1d-981b03d4cff0,covid_community.IAA,f02b777d-265c-4fea-ab8f-6aeffd5167fc,Consensus generated at 2021-03-23T025626,True,73db1592-877f-471c-862e-a940ba5385b3,NOT_FOUND,Communityv4.2,01.18.06,1,f785aeae-6b41-4157-9cae-978c80a2962b,"{""contrib_count"": 2, ""answer_text_list"": []}",0,0,0,,18,6,9d9f530a9448a43b2bc0384bef23e6280fa75708378dc016789a310fff2478b0,1,[0]
688,SFU_Articles/covid19/1388274485.txt,1388274485,1388274485.txt,f995c3b7c3047d18d7aceaa3bbbf4505620a93b217f95e30e0d00a4105baf48c,8207,1b6d174c-8544-4fc2-8a1d-981b03d4cff0,covid_community.IAA,f02b777d-265c-4fea-ab8f-6aeffd5167fc,Consensus generated at 2021-03-23T025626,True,73db1592-877f-471c-862e-a940ba5385b3,NOT_FOUND,Communityv4.2,01.01.03,1,15cefb82-86ee-40f8-a8f0-7f24896c2ad1,"{""contrib_count"": 2, ""answer_text_list"": []}",0,0,0,,1,3,9d9f530a9448a43b2bc0384bef23e6280fa75708378dc016789a310fff2478b0,1,[0]
689,SFU_Articles/covid19/1388274485.txt,1388274485,1388274485.txt,f995c3b7c3047d18d7aceaa3bbbf4505620a93b217f95e30e0d00a4105baf48c,8207,1b6d174c-8544-4fc2-8a1d-981b03d4cff0,covid_community.IAA,f02b777d-265c-4fea-ab8f-6aeffd5167fc,Consensus generated at 2021-03-23T025626,True,73db1592-877f-471c-862e-a940ba5385b3,NOT_FOUND,Communityv4.2,01.19.01,1,bc9404ed-4143-4fbf-b3ed-51963f25bddd,"{""contrib_count"": 3, ""answer_text_list"": []}",0,0,0,,19,1,9d9f530a9448a43b2bc0384bef23e6280fa75708378dc016789a310fff2478b0,1,[0]
2796,SFU_Articles/covid19/1388274485.txt,1388274485,1388274485.txt,f995c3b7c3047d18d7aceaa3bbbf4505620a93b217f95e30e0d00a4105baf48c,8207,1b6d174c-8544-4fc2-8a1d-981b03d4cff0,covid_community.IAA,34799c80-7805-4fbe-a9fc-11bd053f3721,Copied from  227 (Denise Toor) at 2021-04-07T222851,True,73db1592-877f-471c-862e-a940ba5385b3,NOT_FOUND,Communityv4.2,01.01.01,0,7b6c6303-6eba-49e8-b7a4-9c6c3ecffb7d,{},0,0,0,,1,1,9d9f530a9448a43b2bc0384bef23e6280fa75708378dc016789a310fff2478b0,1,[0]
2797,SFU_Articles/covid19/1388274485.txt,1388274485,1388274485.txt,f995c3b7c3047d18d7aceaa3bbbf4505620a93b217f95e30e0d00a4105baf48c,8207,1b6d174c-8544-4fc2-8a1d-981b03d4cff0,covid_community.IAA,34799c80-7805-4fbe-a9fc-11bd053f3721,Copied from  227 (Denise Toor) at 2021-04-07T222851,True,73db1592-877f-471c-862e-a940ba5385b3,NOT_FOUND,Communityv4.2,01.02.02,0,b3ccbee0-ec5a-4bf4-91b2-12ffad74bbdd,{},0,0,0,,2,2,9d9f530a9448a43b2bc0384bef23e6280fa75708378dc016789a310fff2478b0,1,[0]
2798,SFU_Articles/covid19/1388274485.txt,1388274485,1388274485.txt,f995c3b7c3047d18d7aceaa3bbbf4505620a93b217f95e30e0d00a4105baf48c,8207,1b6d174c-8544-4fc2-8a1d-981b03d4cff0,covid_community.IAA,34799c80-7805-4fbe-a9fc-11bd053f3721,Copied from  227 (Denise Toor) at 2021-04-07T222851,True,73db1592-877f-471c-862e-a940ba5385b3,NOT_FOUND,Communityv4.2,01.02.05,0,ae8d134c-2ee3-4782-9ac0-981b46313837,{},0,0,0,,2,5,9d9f530a9448a43b2bc0384bef23e6280fa75708378dc016789a310fff2478b0,1,[0]
2799,SFU_Articles/covid19/1388274485.txt,1388274485,1388274485.txt,f995c3b7c3047d18d7aceaa3bbbf4505620a93b217f95e30e0d00a4105baf48c,8207,1b6d174c-8544-4fc2-8a1d-981b03d4cff0,covid_community.IAA,34799c80-7805-4fbe-a9fc-11bd053f3721,Copied from  227 (Denise Toor) at 2021-04-07T222851,True,73db1592-877f-471c-862e-a940ba5385b3,NOT_FOUND,Communityv4.2,01.05.03,1,54ecf2ec-9b71-44fc-87ac-30e6c55c7145,{},1,6645,6648,UAE,5,3,9d9f530a9448a43b2bc0384bef23e6280fa75708378dc016789a310fff2478b0,1,"[6645, 6646, 6647, 6648]"
2800,SFU_Articles/covid19/1388274485.txt,1388274485,1388274485.txt,f995c3b7c3047d18d7aceaa3bbbf4505620a93b217f95e30e0d00a4105baf48c,8207,1b6d174c-8544-4fc2-8a1d-981b03d4cff0,covid_community.IAA,34799c80-7805-4fbe-a9fc-11bd053f3721,Copied from  227 (Denise Toor) at 2021-04-07T222851,True,73db1592-877f-471c-862e-a940ba5385b3,NOT_FOUND,Communityv4.2,01.12.02,1,9cd76b51-81a2-4806-b462-a5e965ed6f05,{},1,6645,6669,UAE\u2019s support of proxies,12,2,9d9f530a9448a43b2bc0384bef23e6280fa75708378dc016789a310fff2478b0,1,"[6645, 6646, 6647, 6648, 6649, 6650, 6651, 6652, 6653, 6654, 6655, 6656, 6657, 6658, 6659, 6660, 6661, 6662, 6663, 6664, 6665, 6666, 6667, 6668, 6669]"
2801,SFU_Articles/covid19/1388274485.txt,1388274485,1388274485.txt,f995c3b7c3047d18d7aceaa3bbbf4505620a93b217f95e30e0d00a4105baf48c,8207,1b6d174c-8544-4fc2-8a1d-981b03d4cff0,covid_community.IAA,34799c80-7805-4fbe-a9fc-11bd053f3721,Copied from  227 (Denise Toor) at 2021-04-07T222851,True,73db1592-877f-471c-862e-a940ba5385b3,NOT_FOUND,Communityv4.2,01.17.05,0,3f9fbe4f-0d64-4e89-81fd-5e843cca9d25,{},0,0,0,,17,5,9d9f530a9448a43b2bc0384bef23e6280fa75708378dc016789a310fff2478b0,1,[0]
2802,SFU_Articles/covid19/1388274485.txt,1388274485,1388274485.txt,f995c3b7c3047d18d7aceaa3bbbf4505620a93b217f95e30e0d00a4105baf48c,8207,1b6d174c-8544-4fc2-8a1d-981b03d4cff0,covid_community.IAA,34799c80-7805-4fbe-a9fc-11bd053f3721,Copied from  227 (Denise Toor) at 2021-04-07T222851,True,73db1592-877f-471c-862e-a940ba5385b3,NOT_FOUND,Communityv4.2,01.18.06,0,f785aeae-6b41-4157-9cae-978c80a2962b,{},0,0,0,,18,6,9d9f530a9448a43b2bc0384bef23e6280fa75708378dc016789a310fff2478b0,1,[0]
2803,SFU_Articles/covid19/1388274485.txt,1388274485,1388274485.txt,f995c3b7c3047d18d7aceaa3bbbf4505620a93b217f95e30e0d00a4105baf48c,8207,1b6d174c-8544-4fc2-8a1d-981b03d4cff0,covid_community.IAA,34799c80-7805-4fbe-a9fc-11bd053f3721,Copied from  227 (Denise Toor) at 2021-04-07T222851,True,73db1592-877f-471c-862e-a940ba5385b3,NOT_FOUND,Communityv4.2,01.19.01,0,bc9404ed-4143-4fbf-b3ed-51963f25bddd,{},0,0,0,,19,1,9d9f530a9448a43b2bc0384bef23e6280fa75708378dc016789a310fff2478b0,1,[0]
