,article_batch_name,article_number,article_filename,article_sha256,article_text_length,tua_group_uuid,tua_group_name,tua_batch_uuid,tua_batch_name,tua_batch_final,source_task_uuid,tua_uuid,namespace,topic_name,case_number,answer_uuid,extra,highlight_count,start_pos,end_pos,target_text,question_Number,agreed_Answer,schema_sha256,agreement_score,highlighted_indices
985,SFU_Articles/covid19/1388274485.txt,1388274485,1388274485.txt,f995c3b7c3047d18d7aceaa3bbbf4505620a93b217f95e30e0d00a4105baf48c,8207,1b6d174c-8544-4fc2-8a1d-981b03d4cff0,covid_community.IAA,f02b777d-265c-4fea-ab8f-6aeffd5167fc,Consensus generated at 2021-03-23T025626,True,1a70153a-16f8-4785-bf2c-a22be148291a,NOT_FOUND,Communityv4.2,01.01.03,1,15cefb82-86ee-40f8-a8f0-7f24896c2ad1,"{""contrib_count"": 3, ""answer_text_list"": []}",0,0,0,,1,3,9d9f530a9448a43b2bc0384bef23e6280fa75708378dc016789a310fff2478b0,1,[0]
986,SFU_Articles/covid19/1388274485.txt,1388274485,1388274485.txt,f995c3b7c3047d18d7aceaa3bbbf4505620a93b217f95e30e0d00a4105baf48c,8207,1b6d174c-8544-4fc2-8a1d-981b03d4cff0,covid_community.IAA,f02b777d-265c-4fea-ab8f-6aeffd5167fc,Consensus generated at 2021-03-23T025626,True,1a70153a-16f8-4785-bf2c-a22be148291a,NOT_FOUND,Communityv4.2,01.19.01,1,bc9404ed-4143-4fbf-b3ed-51963f25bddd,"{""contrib_count"": 3, ""answer_text_list"": []}",0,0,0,,19,1,9d9f530a9448a43b2bc0384bef23e6280fa75708378dc016789a310fff2478b0,1,[0]
2737,SFU_Articles/covid19/1388274485.txt,1388274485,1388274485.txt,f995c3b7c3047d18d7aceaa3bbbf4505620a93b217f95e30e0d00a4105baf48c,8207,1b6d174c-8544-4fc2-8a1d-981b03d4cff0,covid_community.IAA,34799c80-7805-4fbe-a9fc-11bd053f3721,Copied from  227 (Denise Toor) at 2021-04-07T222851,True,1a70153a-16f8-4785-bf2c-a22be148291a,NOT_FOUND,Communityv4.2,01.01.03,0,15cefb82-86ee-40f8-a8f0-7f24896c2ad1,{},0,0,0,,1,3,9d9f530a9448a43b2bc0384bef23e6280fa75708378dc016789a310fff2478b0,1,[0]
2738,SFU_Articles/covid19/1388274485.txt,1388274485,1388274485.txt,f995c3b7c3047d18d7aceaa3bbbf4505620a93b217f95e30e0d00a4105baf48c,8207,1b6d174c-8544-4fc2-8a1d-981b03d4cff0,covid_community.IAA,34799c80-7805-4fbe-a9fc-11bd053f3721,Copied from  227 (Denise Toor) at 2021-04-07T222851,True,1a70153a-16f8-4785-bf2c-a22be148291a,NOT_FOUND,Communityv4.2,01.17.05,0,3f9fbe4f-0d64-4e89-81fd-5e843cca9d25,{},0,0,0,,17,5,9d9f530a9448a43b2bc0384bef23e6280fa75708378dc016789a310fff2478b0,1,[0]
2739,SFU_Articles/covid19/1388274485.txt,1388274485,1388274485.txt,f995c3b7c3047d18d7aceaa3bbbf4505620a93b217f95e30e0d00a4105baf48c,8207,1b6d174c-8544-4fc2-8a1d-981b03d4cff0,covid_community.IAA,34799c80-7805-4fbe-a9fc-11bd053f3721,Copied from  227 (Denise Toor) at 2021-04-07T222851,True,1a70153a-16f8-4785-bf2c-a22be148291a,NOT_FOUND,Communityv4.2,01.18.05,0,1755a5d5-d0ed-4157-8172-61d83a914563,{},0,0,0,,18,5,9d9f530a9448a43b2bc0384bef23e6280fa75708378dc016789a310fff2478b0,1,[0]
2740,SFU_Articles/covid19/1388274485.txt,1388274485,1388274485.txt,f995c3b7c3047d18d7aceaa3bbbf4505620a93b217f95e30e0d00a4105baf48c,8207,1b6d174c-8544-4fc2-8a1d-981b03d4cff0,covid_community.IAA,34799c80-7805-4fbe-a9fc-11bd053f3721,Copied from  227 (Denise Toor) at 2021-04-07T222851,True,1a70153a-16f8-4785-bf2c-a22be148291a,NOT_FOUND,Communityv4.2,01.19.01,0,bc9404ed-4143-4fbf-b3ed-51963f25bddd,{},0,0,0,,19,1,9d9f530a9448a43b2bc0384bef23e6280fa75708378dc016789a310fff2478b0,1,[0]
