,article_batch_name,article_number,article_filename,article_sha256,article_text_length,tua_group_uuid,tua_group_name,tua_batch_uuid,tua_batch_name,tua_batch_final,source_task_uuid,tua_uuid,namespace,topic_name,case_number,answer_uuid,extra,highlight_count,start_pos,end_pos,target_text,question_Number,agreed_Answer,schema_sha256,agreement_score,highlighted_indices
89,SFU_Articles/covid19/719786302.txt,719786302,719786302.txt,96a7e8a84288c968dc985d5c20ff72e621648592aa2c0f7e31ee9ec1464235fb,20017,1b6d174c-8544-4fc2-8a1d-981b03d4cff0,covid_community.IAA,f02b777d-265c-4fea-ab8f-6aeffd5167fc,Consensus generated at 2021-03-23T025626,True,e730c457-0584-4837-8b4c-86cd4a19b4b7,NOT_FOUND,Communityv4.2,01.01.01,1,7b6c6303-6eba-49e8-b7a4-9c6c3ecffb7d,"{""contrib_count"": 2, ""answer_text_list"": []}",0,0,0,,1,1,9d9f530a9448a43b2bc0384bef23e6280fa75708378dc016789a310fff2478b0,1,[0]
90,SFU_Articles/covid19/719786302.txt,719786302,719786302.txt,96a7e8a84288c968dc985d5c20ff72e621648592aa2c0f7e31ee9ec1464235fb,20017,1b6d174c-8544-4fc2-8a1d-981b03d4cff0,covid_community.IAA,f02b777d-265c-4fea-ab8f-6aeffd5167fc,Consensus generated at 2021-03-23T025626,True,e730c457-0584-4837-8b4c-86cd4a19b4b7,NOT_FOUND,Communityv4.2,01.12.02,1,9cd76b51-81a2-4806-b462-a5e965ed6f05,"{""contrib_count"": 2, ""answer_text_list"": []}",1,10804,10807,WHO,12,2,9d9f530a9448a43b2bc0384bef23e6280fa75708378dc016789a310fff2478b0,1,"[10804, 10805, 10806, 10807]"
91,SFU_Articles/covid19/719786302.txt,719786302,719786302.txt,96a7e8a84288c968dc985d5c20ff72e621648592aa2c0f7e31ee9ec1464235fb,20017,1b6d174c-8544-4fc2-8a1d-981b03d4cff0,covid_community.IAA,f02b777d-265c-4fea-ab8f-6aeffd5167fc,Consensus generated at 2021-03-23T025626,True,e730c457-0584-4837-8b4c-86cd4a19b4b7,NOT_FOUND,Communityv4.2,01.02.05,1,ae8d134c-2ee3-4782-9ac0-981b46313837,"{""contrib_count"": 2, ""answer_text_list"": []}",0,0,0,,2,5,9d9f530a9448a43b2bc0384bef23e6280fa75708378dc016789a310fff2478b0,1,[0]
92,SFU_Articles/covid19/719786302.txt,719786302,719786302.txt,96a7e8a84288c968dc985d5c20ff72e621648592aa2c0f7e31ee9ec1464235fb,20017,1b6d174c-8544-4fc2-8a1d-981b03d4cff0,covid_community.IAA,f02b777d-265c-4fea-ab8f-6aeffd5167fc,Consensus generated at 2021-03-23T025626,True,e730c457-0584-4837-8b4c-86cd4a19b4b7,NOT_FOUND,Communityv4.2,01.19.01,1,bc9404ed-4143-4fbf-b3ed-51963f25bddd,"{""contrib_count"": 3, ""answer_text_list"": []}",0,0,0,,19,1,9d9f530a9448a43b2bc0384bef23e6280fa75708378dc016789a310fff2478b0,1,[0]
1311,SFU_Articles/covid19/719786302.txt,719786302,719786302.txt,96a7e8a84288c968dc985d5c20ff72e621648592aa2c0f7e31ee9ec1464235fb,20017,1b6d174c-8544-4fc2-8a1d-981b03d4cff0,covid_community.IAA,34799c80-7805-4fbe-a9fc-11bd053f3721,Copied from  227 (Denise Toor) at 2021-04-07T222851,True,e730c457-0584-4837-8b4c-86cd4a19b4b7,NOT_FOUND,Communityv4.2,01.01.01,0,7b6c6303-6eba-49e8-b7a4-9c6c3ecffb7d,{},0,0,0,,1,1,9d9f530a9448a43b2bc0384bef23e6280fa75708378dc016789a310fff2478b0,1,[0]
1312,SFU_Articles/covid19/719786302.txt,719786302,719786302.txt,96a7e8a84288c968dc985d5c20ff72e621648592aa2c0f7e31ee9ec1464235fb,20017,1b6d174c-8544-4fc2-8a1d-981b03d4cff0,covid_community.IAA,34799c80-7805-4fbe-a9fc-11bd053f3721,Copied from  227 (Denise Toor) at 2021-04-07T222851,True,e730c457-0584-4837-8b4c-86cd4a19b4b7,NOT_FOUND,Communityv4.2,01.02.02,0,b3ccbee0-ec5a-4bf4-91b2-12ffad74bbdd,{},0,0,0,,2,2,9d9f530a9448a43b2bc0384bef23e6280fa75708378dc016789a310fff2478b0,1,[0]
1313,SFU_Articles/covid19/719786302.txt,719786302,719786302.txt,96a7e8a84288c968dc985d5c20ff72e621648592aa2c0f7e31ee9ec1464235fb,20017,1b6d174c-8544-4fc2-8a1d-981b03d4cff0,covid_community.IAA,34799c80-7805-4fbe-a9fc-11bd053f3721,Copied from  227 (Denise Toor) at 2021-04-07T222851,True,e730c457-0584-4837-8b4c-86cd4a19b4b7,NOT_FOUND,Communityv4.2,01.02.05,0,ae8d134c-2ee3-4782-9ac0-981b46313837,{},0,0,0,,2,5,9d9f530a9448a43b2bc0384bef23e6280fa75708378dc016789a310fff2478b0,1,[0]
1314,SFU_Articles/covid19/719786302.txt,719786302,719786302.txt,96a7e8a84288c968dc985d5c20ff72e621648592aa2c0f7e31ee9ec1464235fb,20017,1b6d174c-8544-4fc2-8a1d-981b03d4cff0,covid_community.IAA,34799c80-7805-4fbe-a9fc-11bd053f3721,Copied from  227 (Denise Toor) at 2021-04-07T222851,True,e730c457-0584-4837-8b4c-86cd4a19b4b7,NOT_FOUND,Communityv4.2,01.05.03,1,54ecf2ec-9b71-44fc-87ac-30e6c55c7145,{},1,10804,10807,WHO,5,3,9d9f530a9448a43b2bc0384bef23e6280fa75708378dc016789a310fff2478b0,1,"[10804, 10805, 10806, 10807]"
1315,SFU_Articles/covid19/719786302.txt,719786302,719786302.txt,96a7e8a84288c968dc985d5c20ff72e621648592aa2c0f7e31ee9ec1464235fb,20017,1b6d174c-8544-4fc2-8a1d-981b03d4cff0,covid_community.IAA,34799c80-7805-4fbe-a9fc-11bd053f3721,Copied from  227 (Denise Toor) at 2021-04-07T222851,True,e730c457-0584-4837-8b4c-86cd4a19b4b7,NOT_FOUND,Communityv4.2,01.05.04,1,537ec3e2-2171-4220-a60f-4963fde6519e,{},1,10869,10913,coordinated global outbreak response network,5,4,9d9f530a9448a43b2bc0384bef23e6280fa75708378dc016789a310fff2478b0,1,"[10869, 10870, 10871, 10872, 10873, 10874, 10875, 10876, 10877, 10878, 10879, 10880, 10881, 10882, 10883, 10884, 10885, 10886, 10887, 10888, 10889, 10890, 10891, 10892, 10893, 10894, 10895, 10896, 10897, 10898, 10899, 10900, 10901, 10902, 10903, 10904, 10905, 10906, 10907, 10908, 10909, 10910, 10911, 10912, 10913]"
1316,SFU_Articles/covid19/719786302.txt,719786302,719786302.txt,96a7e8a84288c968dc985d5c20ff72e621648592aa2c0f7e31ee9ec1464235fb,20017,1b6d174c-8544-4fc2-8a1d-981b03d4cff0,covid_community.IAA,34799c80-7805-4fbe-a9fc-11bd053f3721,Copied from  227 (Denise Toor) at 2021-04-07T222851,True,e730c457-0584-4837-8b4c-86cd4a19b4b7,NOT_FOUND,Communityv4.2,01.17.05,0,3f9fbe4f-0d64-4e89-81fd-5e843cca9d25,{},0,0,0,,17,5,9d9f530a9448a43b2bc0384bef23e6280fa75708378dc016789a310fff2478b0,1,[0]
1317,SFU_Articles/covid19/719786302.txt,719786302,719786302.txt,96a7e8a84288c968dc985d5c20ff72e621648592aa2c0f7e31ee9ec1464235fb,20017,1b6d174c-8544-4fc2-8a1d-981b03d4cff0,covid_community.IAA,34799c80-7805-4fbe-a9fc-11bd053f3721,Copied from  227 (Denise Toor) at 2021-04-07T222851,True,e730c457-0584-4837-8b4c-86cd4a19b4b7,NOT_FOUND,Communityv4.2,01.18.07,0,a29e3153-bb8b-4b43-bccc-66da3c41befb,{},0,0,0,,18,7,9d9f530a9448a43b2bc0384bef23e6280fa75708378dc016789a310fff2478b0,1,[0]
1318,SFU_Articles/covid19/719786302.txt,719786302,719786302.txt,96a7e8a84288c968dc985d5c20ff72e621648592aa2c0f7e31ee9ec1464235fb,20017,1b6d174c-8544-4fc2-8a1d-981b03d4cff0,covid_community.IAA,34799c80-7805-4fbe-a9fc-11bd053f3721,Copied from  227 (Denise Toor) at 2021-04-07T222851,True,e730c457-0584-4837-8b4c-86cd4a19b4b7,NOT_FOUND,Communityv4.2,01.19.01,0,bc9404ed-4143-4fbf-b3ed-51963f25bddd,{},0,0,0,,19,1,9d9f530a9448a43b2bc0384bef23e6280fa75708378dc016789a310fff2478b0,1,[0]
