,article_batch_name,article_number,article_filename,article_sha256,article_text_length,tua_group_uuid,tua_group_name,tua_batch_uuid,tua_batch_name,tua_batch_final,source_task_uuid,tua_uuid,namespace,topic_name,case_number,answer_uuid,extra,highlight_count,start_pos,end_pos,target_text,question_Number,agreed_Answer,schema_sha256,agreement_score,highlighted_indices
607,SFU_Articles/covid19/719786302.txt,719786302,719786302.txt,96a7e8a84288c968dc985d5c20ff72e621648592aa2c0f7e31ee9ec1464235fb,20017,1b6d174c-8544-4fc2-8a1d-981b03d4cff0,covid_community.IAA,f02b777d-265c-4fea-ab8f-6aeffd5167fc,Consensus generated at 2021-03-23T025626,True,dab417e6-5849-47ba-bb8e-9065aeaaa75d,NOT_FOUND,Communityv4.2,01.18.06,1,f785aeae-6b41-4157-9cae-978c80a2962b,"{""contrib_count"": 2, ""answer_text_list"": []}",0,0,0,,18,6,9d9f530a9448a43b2bc0384bef23e6280fa75708378dc016789a310fff2478b0,1,[0]
608,SFU_Articles/covid19/719786302.txt,719786302,719786302.txt,96a7e8a84288c968dc985d5c20ff72e621648592aa2c0f7e31ee9ec1464235fb,20017,1b6d174c-8544-4fc2-8a1d-981b03d4cff0,covid_community.IAA,f02b777d-265c-4fea-ab8f-6aeffd5167fc,Consensus generated at 2021-03-23T025626,True,dab417e6-5849-47ba-bb8e-9065aeaaa75d,NOT_FOUND,Communityv4.2,01.12.02,1,9cd76b51-81a2-4806-b462-a5e965ed6f05,"{""contrib_count"": 2, ""answer_text_list"": []}",1,16550,16591,Canada's National Microbiology Laboratory,12,2,9d9f530a9448a43b2bc0384bef23e6280fa75708378dc016789a310fff2478b0,1,"[16550, 16551, 16552, 16553, 16554, 16555, 16556, 16557, 16558, 16559, 16560, 16561, 16562, 16563, 16564, 16565, 16566, 16567, 16568, 16569, 16570, 16571, 16572, 16573, 16574, 16575, 16576, 16577, 16578, 16579, 16580, 16581, 16582, 16583, 16584, 16585, 16586, 16587, 16588, 16589, 16590, 16591]"
609,SFU_Articles/covid19/719786302.txt,719786302,719786302.txt,96a7e8a84288c968dc985d5c20ff72e621648592aa2c0f7e31ee9ec1464235fb,20017,1b6d174c-8544-4fc2-8a1d-981b03d4cff0,covid_community.IAA,f02b777d-265c-4fea-ab8f-6aeffd5167fc,Consensus generated at 2021-03-23T025626,True,dab417e6-5849-47ba-bb8e-9065aeaaa75d,NOT_FOUND,Communityv4.2,01.02.05,1,ae8d134c-2ee3-4782-9ac0-981b46313837,"{""contrib_count"": 2, ""answer_text_list"": []}",0,0,0,,2,5,9d9f530a9448a43b2bc0384bef23e6280fa75708378dc016789a310fff2478b0,1,[0]
610,SFU_Articles/covid19/719786302.txt,719786302,719786302.txt,96a7e8a84288c968dc985d5c20ff72e621648592aa2c0f7e31ee9ec1464235fb,20017,1b6d174c-8544-4fc2-8a1d-981b03d4cff0,covid_community.IAA,f02b777d-265c-4fea-ab8f-6aeffd5167fc,Consensus generated at 2021-03-23T025626,True,dab417e6-5849-47ba-bb8e-9065aeaaa75d,NOT_FOUND,Communityv4.2,01.19.01,1,bc9404ed-4143-4fbf-b3ed-51963f25bddd,"{""contrib_count"": 3, ""answer_text_list"": []}",0,0,0,,19,1,9d9f530a9448a43b2bc0384bef23e6280fa75708378dc016789a310fff2478b0,1,[0]
1478,SFU_Articles/covid19/719786302.txt,719786302,719786302.txt,96a7e8a84288c968dc985d5c20ff72e621648592aa2c0f7e31ee9ec1464235fb,20017,1b6d174c-8544-4fc2-8a1d-981b03d4cff0,covid_community.IAA,34799c80-7805-4fbe-a9fc-11bd053f3721,Copied from  227 (Denise Toor) at 2021-04-07T222851,True,dab417e6-5849-47ba-bb8e-9065aeaaa75d,NOT_FOUND,Communityv4.2,01.01.01,0,7b6c6303-6eba-49e8-b7a4-9c6c3ecffb7d,{},0,0,0,,1,1,9d9f530a9448a43b2bc0384bef23e6280fa75708378dc016789a310fff2478b0,1,[0]
1479,SFU_Articles/covid19/719786302.txt,719786302,719786302.txt,96a7e8a84288c968dc985d5c20ff72e621648592aa2c0f7e31ee9ec1464235fb,20017,1b6d174c-8544-4fc2-8a1d-981b03d4cff0,covid_community.IAA,34799c80-7805-4fbe-a9fc-11bd053f3721,Copied from  227 (Denise Toor) at 2021-04-07T222851,True,dab417e6-5849-47ba-bb8e-9065aeaaa75d,NOT_FOUND,Communityv4.2,01.02.05,0,ae8d134c-2ee3-4782-9ac0-981b46313837,{},0,0,0,,2,5,9d9f530a9448a43b2bc0384bef23e6280fa75708378dc016789a310fff2478b0,1,[0]
1480,SFU_Articles/covid19/719786302.txt,719786302,719786302.txt,96a7e8a84288c968dc985d5c20ff72e621648592aa2c0f7e31ee9ec1464235fb,20017,1b6d174c-8544-4fc2-8a1d-981b03d4cff0,covid_community.IAA,34799c80-7805-4fbe-a9fc-11bd053f3721,Copied from  227 (Denise Toor) at 2021-04-07T222851,True,dab417e6-5849-47ba-bb8e-9065aeaaa75d,NOT_FOUND,Communityv4.2,01.17.05,0,3f9fbe4f-0d64-4e89-81fd-5e843cca9d25,{},0,0,0,,17,5,9d9f530a9448a43b2bc0384bef23e6280fa75708378dc016789a310fff2478b0,1,[0]
1481,SFU_Articles/covid19/719786302.txt,719786302,719786302.txt,96a7e8a84288c968dc985d5c20ff72e621648592aa2c0f7e31ee9ec1464235fb,20017,1b6d174c-8544-4fc2-8a1d-981b03d4cff0,covid_community.IAA,34799c80-7805-4fbe-a9fc-11bd053f3721,Copied from  227 (Denise Toor) at 2021-04-07T222851,True,dab417e6-5849-47ba-bb8e-9065aeaaa75d,NOT_FOUND,Communityv4.2,01.18.06,0,f785aeae-6b41-4157-9cae-978c80a2962b,{},0,0,0,,18,6,9d9f530a9448a43b2bc0384bef23e6280fa75708378dc016789a310fff2478b0,1,[0]
1482,SFU_Articles/covid19/719786302.txt,719786302,719786302.txt,96a7e8a84288c968dc985d5c20ff72e621648592aa2c0f7e31ee9ec1464235fb,20017,1b6d174c-8544-4fc2-8a1d-981b03d4cff0,covid_community.IAA,34799c80-7805-4fbe-a9fc-11bd053f3721,Copied from  227 (Denise Toor) at 2021-04-07T222851,True,dab417e6-5849-47ba-bb8e-9065aeaaa75d,NOT_FOUND,Communityv4.2,01.19.01,0,bc9404ed-4143-4fbf-b3ed-51963f25bddd,{},0,0,0,,19,1,9d9f530a9448a43b2bc0384bef23e6280fa75708378dc016789a310fff2478b0,1,[0]
