,article_batch_name,article_number,article_filename,article_sha256,article_text_length,tua_group_uuid,tua_group_name,tua_batch_uuid,tua_batch_name,tua_batch_final,source_task_uuid,tua_uuid,namespace,topic_name,case_number,answer_uuid,extra,highlight_count,start_pos,end_pos,target_text,question_Number,agreed_Answer,schema_sha256,agreement_score,highlighted_indices
76,SFU_Articles/covid19/1383193530.txt,1383193530,1383193530.txt,b4b0372f684a7d76faf8755947eef36a8f632f94348795806cc559b56a48872b,7581,1b6d174c-8544-4fc2-8a1d-981b03d4cff0,covid_community.IAA,f02b777d-265c-4fea-ab8f-6aeffd5167fc,Consensus generated at 2021-03-23T025626,True,f56a937e-f3af-4a47-ac6a-c5194fe4de25,NOT_FOUND,Communityv4.2,01.18.06,1,f785aeae-6b41-4157-9cae-978c80a2962b,"{""contrib_count"": 2, ""answer_text_list"": []}",0,0,0,,18,6,9d9f530a9448a43b2bc0384bef23e6280fa75708378dc016789a310fff2478b0,1,[0]
77,SFU_Articles/covid19/1383193530.txt,1383193530,1383193530.txt,b4b0372f684a7d76faf8755947eef36a8f632f94348795806cc559b56a48872b,7581,1b6d174c-8544-4fc2-8a1d-981b03d4cff0,covid_community.IAA,f02b777d-265c-4fea-ab8f-6aeffd5167fc,Consensus generated at 2021-03-23T025626,True,f56a937e-f3af-4a47-ac6a-c5194fe4de25,NOT_FOUND,Communityv4.2,01.01.01,1,7b6c6303-6eba-49e8-b7a4-9c6c3ecffb7d,"{""contrib_count"": 2, ""answer_text_list"": []}",0,0,0,,1,1,9d9f530a9448a43b2bc0384bef23e6280fa75708378dc016789a310fff2478b0,1,[0]
78,SFU_Articles/covid19/1383193530.txt,1383193530,1383193530.txt,b4b0372f684a7d76faf8755947eef36a8f632f94348795806cc559b56a48872b,7581,1b6d174c-8544-4fc2-8a1d-981b03d4cff0,covid_community.IAA,f02b777d-265c-4fea-ab8f-6aeffd5167fc,Consensus generated at 2021-03-23T025626,True,f56a937e-f3af-4a47-ac6a-c5194fe4de25,NOT_FOUND,Communityv4.2,01.19.01,1,bc9404ed-4143-4fbf-b3ed-51963f25bddd,"{""contrib_count"": 3, ""answer_text_list"": []}",0,0,0,,19,1,9d9f530a9448a43b2bc0384bef23e6280fa75708378dc016789a310fff2478b0,1,[0]
2237,SFU_Articles/covid19/1383193530.txt,1383193530,1383193530.txt,b4b0372f684a7d76faf8755947eef36a8f632f94348795806cc559b56a48872b,7581,1b6d174c-8544-4fc2-8a1d-981b03d4cff0,covid_community.IAA,34799c80-7805-4fbe-a9fc-11bd053f3721,Copied from  227 (Denise Toor) at 2021-04-07T222851,True,f56a937e-f3af-4a47-ac6a-c5194fe4de25,NOT_FOUND,Communityv4.2,01.01.01,0,7b6c6303-6eba-49e8-b7a4-9c6c3ecffb7d,{},0,0,0,,1,1,9d9f530a9448a43b2bc0384bef23e6280fa75708378dc016789a310fff2478b0,1,[0]
2238,SFU_Articles/covid19/1383193530.txt,1383193530,1383193530.txt,b4b0372f684a7d76faf8755947eef36a8f632f94348795806cc559b56a48872b,7581,1b6d174c-8544-4fc2-8a1d-981b03d4cff0,covid_community.IAA,34799c80-7805-4fbe-a9fc-11bd053f3721,Copied from  227 (Denise Toor) at 2021-04-07T222851,True,f56a937e-f3af-4a47-ac6a-c5194fe4de25,NOT_FOUND,Communityv4.2,01.02.04,0,e569e18a-85e8-4e12-961f-2975c51d91f1,{},0,0,0,,2,4,9d9f530a9448a43b2bc0384bef23e6280fa75708378dc016789a310fff2478b0,1,[0]
2239,SFU_Articles/covid19/1383193530.txt,1383193530,1383193530.txt,b4b0372f684a7d76faf8755947eef36a8f632f94348795806cc559b56a48872b,7581,1b6d174c-8544-4fc2-8a1d-981b03d4cff0,covid_community.IAA,34799c80-7805-4fbe-a9fc-11bd053f3721,Copied from  227 (Denise Toor) at 2021-04-07T222851,True,f56a937e-f3af-4a47-ac6a-c5194fe4de25,NOT_FOUND,Communityv4.2,01.02.05,0,ae8d134c-2ee3-4782-9ac0-981b46313837,{},0,0,0,,2,5,9d9f530a9448a43b2bc0384bef23e6280fa75708378dc016789a310fff2478b0,1,[0]
2240,SFU_Articles/covid19/1383193530.txt,1383193530,1383193530.txt,b4b0372f684a7d76faf8755947eef36a8f632f94348795806cc559b56a48872b,7581,1b6d174c-8544-4fc2-8a1d-981b03d4cff0,covid_community.IAA,34799c80-7805-4fbe-a9fc-11bd053f3721,Copied from  227 (Denise Toor) at 2021-04-07T222851,True,f56a937e-f3af-4a47-ac6a-c5194fe4de25,NOT_FOUND,Communityv4.2,01.11.04,1,93675c8a-60f5-4ccc-9cff-ae292ca46d7e,{},1,4004,4046,Millennials are not trusting of government,11,4,9d9f530a9448a43b2bc0384bef23e6280fa75708378dc016789a310fff2478b0,1,"[4004, 4005, 4006, 4007, 4008, 4009, 4010, 4011, 4012, 4013, 4014, 4015, 4016, 4017, 4018, 4019, 4020, 4021, 4022, 4023, 4024, 4025, 4026, 4027, 4028, 4029, 4030, 4031, 4032, 4033, 4034, 4035, 4036, 4037, 4038, 4039, 4040, 4041, 4042, 4043, 4044, 4045, 4046]"
2241,SFU_Articles/covid19/1383193530.txt,1383193530,1383193530.txt,b4b0372f684a7d76faf8755947eef36a8f632f94348795806cc559b56a48872b,7581,1b6d174c-8544-4fc2-8a1d-981b03d4cff0,covid_community.IAA,34799c80-7805-4fbe-a9fc-11bd053f3721,Copied from  227 (Denise Toor) at 2021-04-07T222851,True,f56a937e-f3af-4a47-ac6a-c5194fe4de25,NOT_FOUND,Communityv4.2,01.12.04,1,b0bc2cd0-82a9-4e70-9925-4d4235fad257,{},1,4004,4224,"Millennials are not trusting of government,\u201d says Meyers. \u201cThere\u2019s a movement around the world to provide financial services to those who don\u2019t have bank accounts and don\u2019t want to pay high fees. All they need is a phone",12,4,9d9f530a9448a43b2bc0384bef23e6280fa75708378dc016789a310fff2478b0,1,"[4004, 4005, 4006, 4007, 4008, 4009, 4010, 4011, 4012, 4013, 4014, 4015, 4016, 4017, 4018, 4019, 4020, 4021, 4022, 4023, 4024, 4025, 4026, 4027, 4028, 4029, 4030, 4031, 4032, 4033, 4034, 4035, 4036, 4037, 4038, 4039, 4040, 4041, 4042, 4043, 4044, 4045, 4046, 4047, 4048, 4049, 4050, 4051, 4052, 4053, 4054, 4055, 4056, 4057, 4058, 4059, 4060, 4061, 4062, 4063, 4064, 4065, 4066, 4067, 4068, 4069, 4070, 4071, 4072, 4073, 4074, 4075, 4076, 4077, 4078, 4079, 4080, 4081, 4082, 4083, 4084, 4085, 4086, 4087, 4088, 4089, 4090, 4091, 4092, 4093, 4094, 4095, 4096, 4097, 4098, 4099, 4100, 4101, 4102, 4103, 4104, 4105, 4106, 4107, 4108, 4109, 4110, 4111, 4112, 4113, 4114, 4115, 4116, 4117, 4118, 4119, 4120, 4121, 4122, 4123, 4124, 4125, 4126, 4127, 4128, 4129, 4130, 4131, 4132, 4133, 4134, 4135, 4136, 4137, 4138, 4139, 4140, 4141, 4142, 4143, 4144, 4145, 4146, 4147, 4148, 4149, 4150, 4151, 4152, 4153, 4154, 4155, 4156, 4157, 4158, 4159, 4160, 4161, 4162, 4163, 4164, 4165, 4166, 4167, 4168, 4169, 4170, 4171, 4172, 4173, 4174, 4175, 4176, 4177, 4178, 4179, 4180, 4181, 4182, 4183, 4184, 4185, 4186, 4187, 4188, 4189, 4190, 4191, 4192, 4193, 4194, 4195, 4196, 4197, 4198, 4199, 4200, 4201, 4202, 4203, 4204, 4205, 4206, 4207, 4208, 4209, 4210, 4211, 4212, 4213, 4214, 4215, 4216, 4217, 4218, 4219, 4220, 4221, 4222, 4223, 4224]"
2242,SFU_Articles/covid19/1383193530.txt,1383193530,1383193530.txt,b4b0372f684a7d76faf8755947eef36a8f632f94348795806cc559b56a48872b,7581,1b6d174c-8544-4fc2-8a1d-981b03d4cff0,covid_community.IAA,34799c80-7805-4fbe-a9fc-11bd053f3721,Copied from  227 (Denise Toor) at 2021-04-07T222851,True,f56a937e-f3af-4a47-ac6a-c5194fe4de25,NOT_FOUND,Communityv4.2,01.17.05,0,3f9fbe4f-0d64-4e89-81fd-5e843cca9d25,{},0,0,0,,17,5,9d9f530a9448a43b2bc0384bef23e6280fa75708378dc016789a310fff2478b0,1,[0]
2243,SFU_Articles/covid19/1383193530.txt,1383193530,1383193530.txt,b4b0372f684a7d76faf8755947eef36a8f632f94348795806cc559b56a48872b,7581,1b6d174c-8544-4fc2-8a1d-981b03d4cff0,covid_community.IAA,34799c80-7805-4fbe-a9fc-11bd053f3721,Copied from  227 (Denise Toor) at 2021-04-07T222851,True,f56a937e-f3af-4a47-ac6a-c5194fe4de25,NOT_FOUND,Communityv4.2,01.18.06,0,f785aeae-6b41-4157-9cae-978c80a2962b,{},0,0,0,,18,6,9d9f530a9448a43b2bc0384bef23e6280fa75708378dc016789a310fff2478b0,1,[0]
2244,SFU_Articles/covid19/1383193530.txt,1383193530,1383193530.txt,b4b0372f684a7d76faf8755947eef36a8f632f94348795806cc559b56a48872b,7581,1b6d174c-8544-4fc2-8a1d-981b03d4cff0,covid_community.IAA,34799c80-7805-4fbe-a9fc-11bd053f3721,Copied from  227 (Denise Toor) at 2021-04-07T222851,True,f56a937e-f3af-4a47-ac6a-c5194fe4de25,NOT_FOUND,Communityv4.2,01.19.01,0,bc9404ed-4143-4fbf-b3ed-51963f25bddd,{},0,0,0,,19,1,9d9f530a9448a43b2bc0384bef23e6280fa75708378dc016789a310fff2478b0,1,[0]
