,article_batch_name,article_number,article_filename,article_sha256,article_text_length,tua_group_uuid,tua_group_name,tua_batch_uuid,tua_batch_name,tua_batch_final,source_task_uuid,tua_uuid,namespace,topic_name,case_number,answer_uuid,extra,highlight_count,start_pos,end_pos,target_text,question_Number,agreed_Answer,schema_sha256,agreement_score,highlighted_indices
409,SFU_Articles/covid19/760772746.txt,760772746,760772746.txt,29e3ef91307bff0915d59297c3366d813e892ab71b2009b6783226a82c9e997d,19289,1b6d174c-8544-4fc2-8a1d-981b03d4cff0,covid_community.IAA,f02b777d-265c-4fea-ab8f-6aeffd5167fc,Consensus generated at 2021-03-23T025626,True,a4e68a0e-1f52-4564-b098-f10c238de35b,NOT_FOUND,Communityv4.2,01.01.01,1,7b6c6303-6eba-49e8-b7a4-9c6c3ecffb7d,"{""contrib_count"": 2, ""answer_text_list"": []}",0,0,0,,1,1,9d9f530a9448a43b2bc0384bef23e6280fa75708378dc016789a310fff2478b0,1,[0]
410,SFU_Articles/covid19/760772746.txt,760772746,760772746.txt,29e3ef91307bff0915d59297c3366d813e892ab71b2009b6783226a82c9e997d,19289,1b6d174c-8544-4fc2-8a1d-981b03d4cff0,covid_community.IAA,f02b777d-265c-4fea-ab8f-6aeffd5167fc,Consensus generated at 2021-03-23T025626,True,a4e68a0e-1f52-4564-b098-f10c238de35b,NOT_FOUND,Communityv4.2,01.17.04,1,0eb315f8-ef3b-4c76-849b-50b567c84301,"{""contrib_count"": 2, ""answer_text_list"": []}",0,0,0,,17,4,9d9f530a9448a43b2bc0384bef23e6280fa75708378dc016789a310fff2478b0,1,[0]
411,SFU_Articles/covid19/760772746.txt,760772746,760772746.txt,29e3ef91307bff0915d59297c3366d813e892ab71b2009b6783226a82c9e997d,19289,1b6d174c-8544-4fc2-8a1d-981b03d4cff0,covid_community.IAA,f02b777d-265c-4fea-ab8f-6aeffd5167fc,Consensus generated at 2021-03-23T025626,True,a4e68a0e-1f52-4564-b098-f10c238de35b,NOT_FOUND,Communityv4.2,01.19.01,1,bc9404ed-4143-4fbf-b3ed-51963f25bddd,"{""contrib_count"": 3, ""answer_text_list"": []}",0,0,0,,19,1,9d9f530a9448a43b2bc0384bef23e6280fa75708378dc016789a310fff2478b0,1,[0]
412,SFU_Articles/covid19/760772746.txt,760772746,760772746.txt,29e3ef91307bff0915d59297c3366d813e892ab71b2009b6783226a82c9e997d,19289,1b6d174c-8544-4fc2-8a1d-981b03d4cff0,covid_community.IAA,f02b777d-265c-4fea-ab8f-6aeffd5167fc,Consensus generated at 2021-03-23T025626,True,a4e68a0e-1f52-4564-b098-f10c238de35b,NOT_FOUND,Communityv4.2,01.18.07,1,a29e3153-bb8b-4b43-bccc-66da3c41befb,"{""contrib_count"": 2, ""answer_text_list"": []}",0,0,0,,18,7,9d9f530a9448a43b2bc0384bef23e6280fa75708378dc016789a310fff2478b0,1,[0]
1756,SFU_Articles/covid19/760772746.txt,760772746,760772746.txt,29e3ef91307bff0915d59297c3366d813e892ab71b2009b6783226a82c9e997d,19289,1b6d174c-8544-4fc2-8a1d-981b03d4cff0,covid_community.IAA,34799c80-7805-4fbe-a9fc-11bd053f3721,Copied from  227 (Denise Toor) at 2021-04-07T222851,True,a4e68a0e-1f52-4564-b098-f10c238de35b,NOT_FOUND,Communityv4.2,01.01.01,0,7b6c6303-6eba-49e8-b7a4-9c6c3ecffb7d,{},0,0,0,,1,1,9d9f530a9448a43b2bc0384bef23e6280fa75708378dc016789a310fff2478b0,1,[0]
1757,SFU_Articles/covid19/760772746.txt,760772746,760772746.txt,29e3ef91307bff0915d59297c3366d813e892ab71b2009b6783226a82c9e997d,19289,1b6d174c-8544-4fc2-8a1d-981b03d4cff0,covid_community.IAA,34799c80-7805-4fbe-a9fc-11bd053f3721,Copied from  227 (Denise Toor) at 2021-04-07T222851,True,a4e68a0e-1f52-4564-b098-f10c238de35b,NOT_FOUND,Communityv4.2,01.02.02,0,b3ccbee0-ec5a-4bf4-91b2-12ffad74bbdd,{},0,0,0,,2,2,9d9f530a9448a43b2bc0384bef23e6280fa75708378dc016789a310fff2478b0,1,[0]
1758,SFU_Articles/covid19/760772746.txt,760772746,760772746.txt,29e3ef91307bff0915d59297c3366d813e892ab71b2009b6783226a82c9e997d,19289,1b6d174c-8544-4fc2-8a1d-981b03d4cff0,covid_community.IAA,34799c80-7805-4fbe-a9fc-11bd053f3721,Copied from  227 (Denise Toor) at 2021-04-07T222851,True,a4e68a0e-1f52-4564-b098-f10c238de35b,NOT_FOUND,Communityv4.2,01.05.03,1,54ecf2ec-9b71-44fc-87ac-30e6c55c7145,{},1,11207,11224,United States CDC,5,3,9d9f530a9448a43b2bc0384bef23e6280fa75708378dc016789a310fff2478b0,1,"[11207, 11208, 11209, 11210, 11211, 11212, 11213, 11214, 11215, 11216, 11217, 11218, 11219, 11220, 11221, 11222, 11223, 11224]"
1759,SFU_Articles/covid19/760772746.txt,760772746,760772746.txt,29e3ef91307bff0915d59297c3366d813e892ab71b2009b6783226a82c9e997d,19289,1b6d174c-8544-4fc2-8a1d-981b03d4cff0,covid_community.IAA,34799c80-7805-4fbe-a9fc-11bd053f3721,Copied from  227 (Denise Toor) at 2021-04-07T222851,True,a4e68a0e-1f52-4564-b098-f10c238de35b,NOT_FOUND,Communityv4.2,01.17.05,0,3f9fbe4f-0d64-4e89-81fd-5e843cca9d25,{},0,0,0,,17,5,9d9f530a9448a43b2bc0384bef23e6280fa75708378dc016789a310fff2478b0,1,[0]
1760,SFU_Articles/covid19/760772746.txt,760772746,760772746.txt,29e3ef91307bff0915d59297c3366d813e892ab71b2009b6783226a82c9e997d,19289,1b6d174c-8544-4fc2-8a1d-981b03d4cff0,covid_community.IAA,34799c80-7805-4fbe-a9fc-11bd053f3721,Copied from  227 (Denise Toor) at 2021-04-07T222851,True,a4e68a0e-1f52-4564-b098-f10c238de35b,NOT_FOUND,Communityv4.2,01.18.07,0,a29e3153-bb8b-4b43-bccc-66da3c41befb,{},0,0,0,,18,7,9d9f530a9448a43b2bc0384bef23e6280fa75708378dc016789a310fff2478b0,1,[0]
1761,SFU_Articles/covid19/760772746.txt,760772746,760772746.txt,29e3ef91307bff0915d59297c3366d813e892ab71b2009b6783226a82c9e997d,19289,1b6d174c-8544-4fc2-8a1d-981b03d4cff0,covid_community.IAA,34799c80-7805-4fbe-a9fc-11bd053f3721,Copied from  227 (Denise Toor) at 2021-04-07T222851,True,a4e68a0e-1f52-4564-b098-f10c238de35b,NOT_FOUND,Communityv4.2,01.19.01,0,bc9404ed-4143-4fbf-b3ed-51963f25bddd,{},0,0,0,,19,1,9d9f530a9448a43b2bc0384bef23e6280fa75708378dc016789a310fff2478b0,1,[0]
