,article_batch_name,article_number,article_filename,article_sha256,article_text_length,tua_group_uuid,tua_group_name,tua_batch_uuid,tua_batch_name,tua_batch_final,source_task_uuid,tua_uuid,namespace,topic_name,case_number,answer_uuid,extra,highlight_count,start_pos,end_pos,target_text,question_Number,agreed_Answer,schema_sha256,agreement_score,highlighted_indices
60,SFU_Articles/covid19/1388012947.txt,1388012947,1388012947.txt,fa0076cd48ed5d46fdc923fa28059a51998bedb59103952fd67d5c7980c4327a,9573,1b6d174c-8544-4fc2-8a1d-981b03d4cff0,covid_community.IAA,f02b777d-265c-4fea-ab8f-6aeffd5167fc,Consensus generated at 2021-03-23T025626,True,e5cc673b-acfd-4603-af72-505b30e4d043,NOT_FOUND,Communityv4.2,01.01.01,1,7b6c6303-6eba-49e8-b7a4-9c6c3ecffb7d,"{""contrib_count"": 2, ""answer_text_list"": []}",0,0,0,,1,1,9d9f530a9448a43b2bc0384bef23e6280fa75708378dc016789a310fff2478b0,1,[0]
61,SFU_Articles/covid19/1388012947.txt,1388012947,1388012947.txt,fa0076cd48ed5d46fdc923fa28059a51998bedb59103952fd67d5c7980c4327a,9573,1b6d174c-8544-4fc2-8a1d-981b03d4cff0,covid_community.IAA,f02b777d-265c-4fea-ab8f-6aeffd5167fc,Consensus generated at 2021-03-23T025626,True,e5cc673b-acfd-4603-af72-505b30e4d043,NOT_FOUND,Communityv4.2,01.02.01,1,d34736bb-b71d-49c9-8491-a7840c659160,"{""contrib_count"": 2, ""answer_text_list"": []}",0,0,0,,2,1,9d9f530a9448a43b2bc0384bef23e6280fa75708378dc016789a310fff2478b0,1,[0]
62,SFU_Articles/covid19/1388012947.txt,1388012947,1388012947.txt,fa0076cd48ed5d46fdc923fa28059a51998bedb59103952fd67d5c7980c4327a,9573,1b6d174c-8544-4fc2-8a1d-981b03d4cff0,covid_community.IAA,f02b777d-265c-4fea-ab8f-6aeffd5167fc,Consensus generated at 2021-03-23T025626,True,e5cc673b-acfd-4603-af72-505b30e4d043,NOT_FOUND,Communityv4.2,01.19.01,1,bc9404ed-4143-4fbf-b3ed-51963f25bddd,"{""contrib_count"": 3, ""answer_text_list"": []}",0,0,0,,19,1,9d9f530a9448a43b2bc0384bef23e6280fa75708378dc016789a310fff2478b0,1,[0]
63,SFU_Articles/covid19/1388012947.txt,1388012947,1388012947.txt,fa0076cd48ed5d46fdc923fa28059a51998bedb59103952fd67d5c7980c4327a,9573,1b6d174c-8544-4fc2-8a1d-981b03d4cff0,covid_community.IAA,f02b777d-265c-4fea-ab8f-6aeffd5167fc,Consensus generated at 2021-03-23T025626,True,e5cc673b-acfd-4603-af72-505b30e4d043,NOT_FOUND,Communityv4.2,01.03.01,1,bff2ae90-662e-4701-bf93-d6a1738e2fd1,"{""contrib_count"": 2, ""answer_text_list"": []}",1,8416,8443,We hold distinguished units,3,1,9d9f530a9448a43b2bc0384bef23e6280fa75708378dc016789a310fff2478b0,1,"[8416, 8417, 8418, 8419, 8420, 8421, 8422, 8423, 8424, 8425, 8426, 8427, 8428, 8429, 8430, 8431, 8432, 8433, 8434, 8435, 8436, 8437, 8438, 8439, 8440, 8441, 8442, 8443]"
64,SFU_Articles/covid19/1388012947.txt,1388012947,1388012947.txt,fa0076cd48ed5d46fdc923fa28059a51998bedb59103952fd67d5c7980c4327a,9573,1b6d174c-8544-4fc2-8a1d-981b03d4cff0,covid_community.IAA,f02b777d-265c-4fea-ab8f-6aeffd5167fc,Consensus generated at 2021-03-23T025626,True,e5cc673b-acfd-4603-af72-505b30e4d043,NOT_FOUND,Communityv4.2,01.04.01,1,b2264ebc-b45e-4ea0-9b7e-0166730de3f5,"{""contrib_count"": 2, ""answer_text_list"": []}",0,0,0,,4,1,9d9f530a9448a43b2bc0384bef23e6280fa75708378dc016789a310fff2478b0,1,[0]
2528,SFU_Articles/covid19/1388012947.txt,1388012947,1388012947.txt,fa0076cd48ed5d46fdc923fa28059a51998bedb59103952fd67d5c7980c4327a,9573,1b6d174c-8544-4fc2-8a1d-981b03d4cff0,covid_community.IAA,34799c80-7805-4fbe-a9fc-11bd053f3721,Copied from  227 (Denise Toor) at 2021-04-07T222851,True,e5cc673b-acfd-4603-af72-505b30e4d043,NOT_FOUND,Communityv4.2,01.01.01,0,7b6c6303-6eba-49e8-b7a4-9c6c3ecffb7d,{},0,0,0,,1,1,9d9f530a9448a43b2bc0384bef23e6280fa75708378dc016789a310fff2478b0,1,[0]
2529,SFU_Articles/covid19/1388012947.txt,1388012947,1388012947.txt,fa0076cd48ed5d46fdc923fa28059a51998bedb59103952fd67d5c7980c4327a,9573,1b6d174c-8544-4fc2-8a1d-981b03d4cff0,covid_community.IAA,34799c80-7805-4fbe-a9fc-11bd053f3721,Copied from  227 (Denise Toor) at 2021-04-07T222851,True,e5cc673b-acfd-4603-af72-505b30e4d043,NOT_FOUND,Communityv4.2,01.02.01,0,d34736bb-b71d-49c9-8491-a7840c659160,{},0,0,0,,2,1,9d9f530a9448a43b2bc0384bef23e6280fa75708378dc016789a310fff2478b0,1,[0]
2530,SFU_Articles/covid19/1388012947.txt,1388012947,1388012947.txt,fa0076cd48ed5d46fdc923fa28059a51998bedb59103952fd67d5c7980c4327a,9573,1b6d174c-8544-4fc2-8a1d-981b03d4cff0,covid_community.IAA,34799c80-7805-4fbe-a9fc-11bd053f3721,Copied from  227 (Denise Toor) at 2021-04-07T222851,True,e5cc673b-acfd-4603-af72-505b30e4d043,NOT_FOUND,Communityv4.2,01.02.05,0,ae8d134c-2ee3-4782-9ac0-981b46313837,{},0,0,0,,2,5,9d9f530a9448a43b2bc0384bef23e6280fa75708378dc016789a310fff2478b0,1,[0]
2531,SFU_Articles/covid19/1388012947.txt,1388012947,1388012947.txt,fa0076cd48ed5d46fdc923fa28059a51998bedb59103952fd67d5c7980c4327a,9573,1b6d174c-8544-4fc2-8a1d-981b03d4cff0,covid_community.IAA,34799c80-7805-4fbe-a9fc-11bd053f3721,Copied from  227 (Denise Toor) at 2021-04-07T222851,True,e5cc673b-acfd-4603-af72-505b30e4d043,NOT_FOUND,Communityv4.2,01.04.01,0,b2264ebc-b45e-4ea0-9b7e-0166730de3f5,{},0,0,0,,4,1,9d9f530a9448a43b2bc0384bef23e6280fa75708378dc016789a310fff2478b0,1,[0]
2532,SFU_Articles/covid19/1388012947.txt,1388012947,1388012947.txt,fa0076cd48ed5d46fdc923fa28059a51998bedb59103952fd67d5c7980c4327a,9573,1b6d174c-8544-4fc2-8a1d-981b03d4cff0,covid_community.IAA,34799c80-7805-4fbe-a9fc-11bd053f3721,Copied from  227 (Denise Toor) at 2021-04-07T222851,True,e5cc673b-acfd-4603-af72-505b30e4d043,NOT_FOUND,Communityv4.2,01.12.01,1,67581b1d-bbbb-45ef-b26e-7671bd7d3eb9,{},1,8416,8523,We hold distinguished units of highly expert analysts and consultants according to their respective domains,12,1,9d9f530a9448a43b2bc0384bef23e6280fa75708378dc016789a310fff2478b0,1,"[8416, 8417, 8418, 8419, 8420, 8421, 8422, 8423, 8424, 8425, 8426, 8427, 8428, 8429, 8430, 8431, 8432, 8433, 8434, 8435, 8436, 8437, 8438, 8439, 8440, 8441, 8442, 8443, 8444, 8445, 8446, 8447, 8448, 8449, 8450, 8451, 8452, 8453, 8454, 8455, 8456, 8457, 8458, 8459, 8460, 8461, 8462, 8463, 8464, 8465, 8466, 8467, 8468, 8469, 8470, 8471, 8472, 8473, 8474, 8475, 8476, 8477, 8478, 8479, 8480, 8481, 8482, 8483, 8484, 8485, 8486, 8487, 8488, 8489, 8490, 8491, 8492, 8493, 8494, 8495, 8496, 8497, 8498, 8499, 8500, 8501, 8502, 8503, 8504, 8505, 8506, 8507, 8508, 8509, 8510, 8511, 8512, 8513, 8514, 8515, 8516, 8517, 8518, 8519, 8520, 8521, 8522, 8523]"
2533,SFU_Articles/covid19/1388012947.txt,1388012947,1388012947.txt,fa0076cd48ed5d46fdc923fa28059a51998bedb59103952fd67d5c7980c4327a,9573,1b6d174c-8544-4fc2-8a1d-981b03d4cff0,covid_community.IAA,34799c80-7805-4fbe-a9fc-11bd053f3721,Copied from  227 (Denise Toor) at 2021-04-07T222851,True,e5cc673b-acfd-4603-af72-505b30e4d043,NOT_FOUND,Communityv4.2,01.17.05,0,3f9fbe4f-0d64-4e89-81fd-5e843cca9d25,{},0,0,0,,17,5,9d9f530a9448a43b2bc0384bef23e6280fa75708378dc016789a310fff2478b0,1,[0]
2534,SFU_Articles/covid19/1388012947.txt,1388012947,1388012947.txt,fa0076cd48ed5d46fdc923fa28059a51998bedb59103952fd67d5c7980c4327a,9573,1b6d174c-8544-4fc2-8a1d-981b03d4cff0,covid_community.IAA,34799c80-7805-4fbe-a9fc-11bd053f3721,Copied from  227 (Denise Toor) at 2021-04-07T222851,True,e5cc673b-acfd-4603-af72-505b30e4d043,NOT_FOUND,Communityv4.2,01.18.05,0,1755a5d5-d0ed-4157-8172-61d83a914563,{},0,0,0,,18,5,9d9f530a9448a43b2bc0384bef23e6280fa75708378dc016789a310fff2478b0,1,[0]
2535,SFU_Articles/covid19/1388012947.txt,1388012947,1388012947.txt,fa0076cd48ed5d46fdc923fa28059a51998bedb59103952fd67d5c7980c4327a,9573,1b6d174c-8544-4fc2-8a1d-981b03d4cff0,covid_community.IAA,34799c80-7805-4fbe-a9fc-11bd053f3721,Copied from  227 (Denise Toor) at 2021-04-07T222851,True,e5cc673b-acfd-4603-af72-505b30e4d043,NOT_FOUND,Communityv4.2,01.19.01,0,bc9404ed-4143-4fbf-b3ed-51963f25bddd,{},0,0,0,,19,1,9d9f530a9448a43b2bc0384bef23e6280fa75708378dc016789a310fff2478b0,1,[0]
