,article_batch_name,article_number,article_filename,article_sha256,article_text_length,tua_group_uuid,tua_group_name,tua_batch_uuid,tua_batch_name,tua_batch_final,source_task_uuid,tua_uuid,namespace,topic_name,case_number,answer_uuid,extra,highlight_count,start_pos,end_pos,target_text,question_Number,agreed_Answer,schema_sha256,agreement_score,highlighted_indices
854,SFU_Articles/covid19/1375612273.txt,1375612273,1375612273.txt,8bb4e435001de35cdc69a5669a565e8d96f62fc29fcee6c175090b40c3974b56,831,1b6d174c-8544-4fc2-8a1d-981b03d4cff0,covid_community.IAA,f02b777d-265c-4fea-ab8f-6aeffd5167fc,Consensus generated at 2021-03-23T025626,True,6c3aadaa-2df0-4335-9d17-844f2fc810ca,NOT_FOUND,Communityv4.2,01.18.06,1,f785aeae-6b41-4157-9cae-978c80a2962b,"{""contrib_count"": 2, ""answer_text_list"": []}",0,0,0,,18,6,9d9f530a9448a43b2bc0384bef23e6280fa75708378dc016789a310fff2478b0,1,[0]
855,SFU_Articles/covid19/1375612273.txt,1375612273,1375612273.txt,8bb4e435001de35cdc69a5669a565e8d96f62fc29fcee6c175090b40c3974b56,831,1b6d174c-8544-4fc2-8a1d-981b03d4cff0,covid_community.IAA,f02b777d-265c-4fea-ab8f-6aeffd5167fc,Consensus generated at 2021-03-23T025626,True,6c3aadaa-2df0-4335-9d17-844f2fc810ca,NOT_FOUND,Communityv4.2,01.01.03,1,15cefb82-86ee-40f8-a8f0-7f24896c2ad1,"{""contrib_count"": 2, ""answer_text_list"": []}",0,0,0,,1,3,9d9f530a9448a43b2bc0384bef23e6280fa75708378dc016789a310fff2478b0,1,[0]
856,SFU_Articles/covid19/1375612273.txt,1375612273,1375612273.txt,8bb4e435001de35cdc69a5669a565e8d96f62fc29fcee6c175090b40c3974b56,831,1b6d174c-8544-4fc2-8a1d-981b03d4cff0,covid_community.IAA,f02b777d-265c-4fea-ab8f-6aeffd5167fc,Consensus generated at 2021-03-23T025626,True,6c3aadaa-2df0-4335-9d17-844f2fc810ca,NOT_FOUND,Communityv4.2,01.17.04,1,0eb315f8-ef3b-4c76-849b-50b567c84301,"{""contrib_count"": 2, ""answer_text_list"": []}",0,0,0,,17,4,9d9f530a9448a43b2bc0384bef23e6280fa75708378dc016789a310fff2478b0,1,[0]
857,SFU_Articles/covid19/1375612273.txt,1375612273,1375612273.txt,8bb4e435001de35cdc69a5669a565e8d96f62fc29fcee6c175090b40c3974b56,831,1b6d174c-8544-4fc2-8a1d-981b03d4cff0,covid_community.IAA,f02b777d-265c-4fea-ab8f-6aeffd5167fc,Consensus generated at 2021-03-23T025626,True,6c3aadaa-2df0-4335-9d17-844f2fc810ca,NOT_FOUND,Communityv4.2,01.19.01,1,bc9404ed-4143-4fbf-b3ed-51963f25bddd,"{""contrib_count"": 3, ""answer_text_list"": []}",0,0,0,,19,1,9d9f530a9448a43b2bc0384bef23e6280fa75708378dc016789a310fff2478b0,1,[0]
1992,SFU_Articles/covid19/1375612273.txt,1375612273,1375612273.txt,8bb4e435001de35cdc69a5669a565e8d96f62fc29fcee6c175090b40c3974b56,831,1b6d174c-8544-4fc2-8a1d-981b03d4cff0,covid_community.IAA,34799c80-7805-4fbe-a9fc-11bd053f3721,Copied from  227 (Denise Toor) at 2021-04-07T222851,True,6c3aadaa-2df0-4335-9d17-844f2fc810ca,NOT_FOUND,Communityv4.2,01.01.01,0,7b6c6303-6eba-49e8-b7a4-9c6c3ecffb7d,{},0,0,0,,1,1,9d9f530a9448a43b2bc0384bef23e6280fa75708378dc016789a310fff2478b0,1,[0]
1993,SFU_Articles/covid19/1375612273.txt,1375612273,1375612273.txt,8bb4e435001de35cdc69a5669a565e8d96f62fc29fcee6c175090b40c3974b56,831,1b6d174c-8544-4fc2-8a1d-981b03d4cff0,covid_community.IAA,34799c80-7805-4fbe-a9fc-11bd053f3721,Copied from  227 (Denise Toor) at 2021-04-07T222851,True,6c3aadaa-2df0-4335-9d17-844f2fc810ca,NOT_FOUND,Communityv4.2,01.02.01,0,d34736bb-b71d-49c9-8491-a7840c659160,{},0,0,0,,2,1,9d9f530a9448a43b2bc0384bef23e6280fa75708378dc016789a310fff2478b0,1,[0]
1994,SFU_Articles/covid19/1375612273.txt,1375612273,1375612273.txt,8bb4e435001de35cdc69a5669a565e8d96f62fc29fcee6c175090b40c3974b56,831,1b6d174c-8544-4fc2-8a1d-981b03d4cff0,covid_community.IAA,34799c80-7805-4fbe-a9fc-11bd053f3721,Copied from  227 (Denise Toor) at 2021-04-07T222851,True,6c3aadaa-2df0-4335-9d17-844f2fc810ca,NOT_FOUND,Communityv4.2,01.03.04,1,4007e292-f0fc-4326-9fbd-f53aaae58b08,{},1,366,402,Hong Kong emerges as an \u201cAsian Tiger,3,4,9d9f530a9448a43b2bc0384bef23e6280fa75708378dc016789a310fff2478b0,1,"[366, 367, 368, 369, 370, 371, 372, 373, 374, 375, 376, 377, 378, 379, 380, 381, 382, 383, 384, 385, 386, 387, 388, 389, 390, 391, 392, 393, 394, 395, 396, 397, 398, 399, 400, 401, 402]"
1995,SFU_Articles/covid19/1375612273.txt,1375612273,1375612273.txt,8bb4e435001de35cdc69a5669a565e8d96f62fc29fcee6c175090b40c3974b56,831,1b6d174c-8544-4fc2-8a1d-981b03d4cff0,covid_community.IAA,34799c80-7805-4fbe-a9fc-11bd053f3721,Copied from  227 (Denise Toor) at 2021-04-07T222851,True,6c3aadaa-2df0-4335-9d17-844f2fc810ca,NOT_FOUND,Communityv4.2,01.17.04,0,0eb315f8-ef3b-4c76-849b-50b567c84301,{},0,0,0,,17,4,9d9f530a9448a43b2bc0384bef23e6280fa75708378dc016789a310fff2478b0,1,[0]
1996,SFU_Articles/covid19/1375612273.txt,1375612273,1375612273.txt,8bb4e435001de35cdc69a5669a565e8d96f62fc29fcee6c175090b40c3974b56,831,1b6d174c-8544-4fc2-8a1d-981b03d4cff0,covid_community.IAA,34799c80-7805-4fbe-a9fc-11bd053f3721,Copied from  227 (Denise Toor) at 2021-04-07T222851,True,6c3aadaa-2df0-4335-9d17-844f2fc810ca,NOT_FOUND,Communityv4.2,01.18.06,0,f785aeae-6b41-4157-9cae-978c80a2962b,{},0,0,0,,18,6,9d9f530a9448a43b2bc0384bef23e6280fa75708378dc016789a310fff2478b0,1,[0]
1997,SFU_Articles/covid19/1375612273.txt,1375612273,1375612273.txt,8bb4e435001de35cdc69a5669a565e8d96f62fc29fcee6c175090b40c3974b56,831,1b6d174c-8544-4fc2-8a1d-981b03d4cff0,covid_community.IAA,34799c80-7805-4fbe-a9fc-11bd053f3721,Copied from  227 (Denise Toor) at 2021-04-07T222851,True,6c3aadaa-2df0-4335-9d17-844f2fc810ca,NOT_FOUND,Communityv4.2,01.19.01,0,bc9404ed-4143-4fbf-b3ed-51963f25bddd,{},0,0,0,,19,1,9d9f530a9448a43b2bc0384bef23e6280fa75708378dc016789a310fff2478b0,1,[0]
