,article_batch_name,article_number,article_filename,article_sha256,article_text_length,tua_group_uuid,tua_group_name,tua_batch_uuid,tua_batch_name,tua_batch_final,source_task_uuid,tua_uuid,namespace,topic_name,case_number,answer_uuid,extra,highlight_count,start_pos,end_pos,target_text,question_Number,agreed_Answer,schema_sha256,agreement_score,highlighted_indices
267,SFU_Articles/covid19/719786302.txt,719786302,719786302.txt,96a7e8a84288c968dc985d5c20ff72e621648592aa2c0f7e31ee9ec1464235fb,20017,1b6d174c-8544-4fc2-8a1d-981b03d4cff0,covid_community.IAA,f02b777d-265c-4fea-ab8f-6aeffd5167fc,Consensus generated at 2021-03-23T025626,True,55a818d8-c7e5-4819-8f19-2bbd6eda2d2f,NOT_FOUND,Communityv4.2,01.18.06,1,f785aeae-6b41-4157-9cae-978c80a2962b,"{""contrib_count"": 2, ""answer_text_list"": []}",0,0,0,,18,6,9d9f530a9448a43b2bc0384bef23e6280fa75708378dc016789a310fff2478b0,1,[0]
268,SFU_Articles/covid19/719786302.txt,719786302,719786302.txt,96a7e8a84288c968dc985d5c20ff72e621648592aa2c0f7e31ee9ec1464235fb,20017,1b6d174c-8544-4fc2-8a1d-981b03d4cff0,covid_community.IAA,f02b777d-265c-4fea-ab8f-6aeffd5167fc,Consensus generated at 2021-03-23T025626,True,55a818d8-c7e5-4819-8f19-2bbd6eda2d2f,NOT_FOUND,Communityv4.2,01.12.02,1,9cd76b51-81a2-4806-b462-a5e965ed6f05,"{""contrib_count"": 2, ""answer_text_list"": []}",1,16324,16354,the Vietnamese Health Ministry,12,2,9d9f530a9448a43b2bc0384bef23e6280fa75708378dc016789a310fff2478b0,1,"[16324, 16325, 16326, 16327, 16328, 16329, 16330, 16331, 16332, 16333, 16334, 16335, 16336, 16337, 16338, 16339, 16340, 16341, 16342, 16343, 16344, 16345, 16346, 16347, 16348, 16349, 16350, 16351, 16352, 16353, 16354]"
269,SFU_Articles/covid19/719786302.txt,719786302,719786302.txt,96a7e8a84288c968dc985d5c20ff72e621648592aa2c0f7e31ee9ec1464235fb,20017,1b6d174c-8544-4fc2-8a1d-981b03d4cff0,covid_community.IAA,f02b777d-265c-4fea-ab8f-6aeffd5167fc,Consensus generated at 2021-03-23T025626,True,55a818d8-c7e5-4819-8f19-2bbd6eda2d2f,NOT_FOUND,Communityv4.2,01.01.02,1,5467da6e-ff10-42bd-b756-48ed70351f11,"{""contrib_count"": 3, ""answer_text_list"": []}",0,0,0,,1,2,9d9f530a9448a43b2bc0384bef23e6280fa75708378dc016789a310fff2478b0,1,[0]
270,SFU_Articles/covid19/719786302.txt,719786302,719786302.txt,96a7e8a84288c968dc985d5c20ff72e621648592aa2c0f7e31ee9ec1464235fb,20017,1b6d174c-8544-4fc2-8a1d-981b03d4cff0,covid_community.IAA,f02b777d-265c-4fea-ab8f-6aeffd5167fc,Consensus generated at 2021-03-23T025626,True,55a818d8-c7e5-4819-8f19-2bbd6eda2d2f,NOT_FOUND,Communityv4.2,01.02.05,1,ae8d134c-2ee3-4782-9ac0-981b46313837,"{""contrib_count"": 2, ""answer_text_list"": []}",0,0,0,,2,5,9d9f530a9448a43b2bc0384bef23e6280fa75708378dc016789a310fff2478b0,1,[0]
271,SFU_Articles/covid19/719786302.txt,719786302,719786302.txt,96a7e8a84288c968dc985d5c20ff72e621648592aa2c0f7e31ee9ec1464235fb,20017,1b6d174c-8544-4fc2-8a1d-981b03d4cff0,covid_community.IAA,f02b777d-265c-4fea-ab8f-6aeffd5167fc,Consensus generated at 2021-03-23T025626,True,55a818d8-c7e5-4819-8f19-2bbd6eda2d2f,NOT_FOUND,Communityv4.2,01.19.01,1,bc9404ed-4143-4fbf-b3ed-51963f25bddd,"{""contrib_count"": 3, ""answer_text_list"": []}",0,0,0,,19,1,9d9f530a9448a43b2bc0384bef23e6280fa75708378dc016789a310fff2478b0,1,[0]
1466,SFU_Articles/covid19/719786302.txt,719786302,719786302.txt,96a7e8a84288c968dc985d5c20ff72e621648592aa2c0f7e31ee9ec1464235fb,20017,1b6d174c-8544-4fc2-8a1d-981b03d4cff0,covid_community.IAA,34799c80-7805-4fbe-a9fc-11bd053f3721,Copied from  227 (Denise Toor) at 2021-04-07T222851,True,55a818d8-c7e5-4819-8f19-2bbd6eda2d2f,NOT_FOUND,Communityv4.2,01.01.02,0,5467da6e-ff10-42bd-b756-48ed70351f11,{},0,0,0,,1,2,9d9f530a9448a43b2bc0384bef23e6280fa75708378dc016789a310fff2478b0,1,[0]
1467,SFU_Articles/covid19/719786302.txt,719786302,719786302.txt,96a7e8a84288c968dc985d5c20ff72e621648592aa2c0f7e31ee9ec1464235fb,20017,1b6d174c-8544-4fc2-8a1d-981b03d4cff0,covid_community.IAA,34799c80-7805-4fbe-a9fc-11bd053f3721,Copied from  227 (Denise Toor) at 2021-04-07T222851,True,55a818d8-c7e5-4819-8f19-2bbd6eda2d2f,NOT_FOUND,Communityv4.2,01.02.05,0,ae8d134c-2ee3-4782-9ac0-981b46313837,{},0,0,0,,2,5,9d9f530a9448a43b2bc0384bef23e6280fa75708378dc016789a310fff2478b0,1,[0]
1468,SFU_Articles/covid19/719786302.txt,719786302,719786302.txt,96a7e8a84288c968dc985d5c20ff72e621648592aa2c0f7e31ee9ec1464235fb,20017,1b6d174c-8544-4fc2-8a1d-981b03d4cff0,covid_community.IAA,34799c80-7805-4fbe-a9fc-11bd053f3721,Copied from  227 (Denise Toor) at 2021-04-07T222851,True,55a818d8-c7e5-4819-8f19-2bbd6eda2d2f,NOT_FOUND,Communityv4.2,01.17.05,0,3f9fbe4f-0d64-4e89-81fd-5e843cca9d25,{},0,0,0,,17,5,9d9f530a9448a43b2bc0384bef23e6280fa75708378dc016789a310fff2478b0,1,[0]
1469,SFU_Articles/covid19/719786302.txt,719786302,719786302.txt,96a7e8a84288c968dc985d5c20ff72e621648592aa2c0f7e31ee9ec1464235fb,20017,1b6d174c-8544-4fc2-8a1d-981b03d4cff0,covid_community.IAA,34799c80-7805-4fbe-a9fc-11bd053f3721,Copied from  227 (Denise Toor) at 2021-04-07T222851,True,55a818d8-c7e5-4819-8f19-2bbd6eda2d2f,NOT_FOUND,Communityv4.2,01.18.05,0,1755a5d5-d0ed-4157-8172-61d83a914563,{},0,0,0,,18,5,9d9f530a9448a43b2bc0384bef23e6280fa75708378dc016789a310fff2478b0,1,[0]
1470,SFU_Articles/covid19/719786302.txt,719786302,719786302.txt,96a7e8a84288c968dc985d5c20ff72e621648592aa2c0f7e31ee9ec1464235fb,20017,1b6d174c-8544-4fc2-8a1d-981b03d4cff0,covid_community.IAA,34799c80-7805-4fbe-a9fc-11bd053f3721,Copied from  227 (Denise Toor) at 2021-04-07T222851,True,55a818d8-c7e5-4819-8f19-2bbd6eda2d2f,NOT_FOUND,Communityv4.2,01.19.01,0,bc9404ed-4143-4fbf-b3ed-51963f25bddd,{},0,0,0,,19,1,9d9f530a9448a43b2bc0384bef23e6280fa75708378dc016789a310fff2478b0,1,[0]
