,article_batch_name,article_number,article_filename,article_sha256,article_text_length,tua_group_uuid,tua_group_name,tua_batch_uuid,tua_batch_name,tua_batch_final,source_task_uuid,tua_uuid,namespace,topic_name,case_number,answer_uuid,extra,highlight_count,start_pos,end_pos,target_text,question_Number,agreed_Answer,schema_sha256,agreement_score,highlighted_indices
258,SFU_Articles/covid19/1388274485.txt,1388274485,1388274485.txt,f995c3b7c3047d18d7aceaa3bbbf4505620a93b217f95e30e0d00a4105baf48c,8207,1b6d174c-8544-4fc2-8a1d-981b03d4cff0,covid_community.IAA,f02b777d-265c-4fea-ab8f-6aeffd5167fc,Consensus generated at 2021-03-23T025626,True,4605b299-698b-4767-8ac0-4129066977b4,NOT_FOUND,Communityv4.2,01.18.06,1,f785aeae-6b41-4157-9cae-978c80a2962b,"{""contrib_count"": 2, ""answer_text_list"": []}",0,0,0,,18,6,9d9f530a9448a43b2bc0384bef23e6280fa75708378dc016789a310fff2478b0,1,[0]
259,SFU_Articles/covid19/1388274485.txt,1388274485,1388274485.txt,f995c3b7c3047d18d7aceaa3bbbf4505620a93b217f95e30e0d00a4105baf48c,8207,1b6d174c-8544-4fc2-8a1d-981b03d4cff0,covid_community.IAA,f02b777d-265c-4fea-ab8f-6aeffd5167fc,Consensus generated at 2021-03-23T025626,True,4605b299-698b-4767-8ac0-4129066977b4,NOT_FOUND,Communityv4.2,01.01.03,1,15cefb82-86ee-40f8-a8f0-7f24896c2ad1,"{""contrib_count"": 2, ""answer_text_list"": []}",0,0,0,,1,3,9d9f530a9448a43b2bc0384bef23e6280fa75708378dc016789a310fff2478b0,1,[0]
260,SFU_Articles/covid19/1388274485.txt,1388274485,1388274485.txt,f995c3b7c3047d18d7aceaa3bbbf4505620a93b217f95e30e0d00a4105baf48c,8207,1b6d174c-8544-4fc2-8a1d-981b03d4cff0,covid_community.IAA,f02b777d-265c-4fea-ab8f-6aeffd5167fc,Consensus generated at 2021-03-23T025626,True,4605b299-698b-4767-8ac0-4129066977b4,NOT_FOUND,Communityv4.2,01.19.01,1,bc9404ed-4143-4fbf-b3ed-51963f25bddd,"{""contrib_count"": 3, ""answer_text_list"": []}",0,0,0,,19,1,9d9f530a9448a43b2bc0384bef23e6280fa75708378dc016789a310fff2478b0,1,[0]
2664,SFU_Articles/covid19/1388274485.txt,1388274485,1388274485.txt,f995c3b7c3047d18d7aceaa3bbbf4505620a93b217f95e30e0d00a4105baf48c,8207,1b6d174c-8544-4fc2-8a1d-981b03d4cff0,covid_community.IAA,34799c80-7805-4fbe-a9fc-11bd053f3721,Copied from  227 (Denise Toor) at 2021-04-07T222851,True,4605b299-698b-4767-8ac0-4129066977b4,NOT_FOUND,Communityv4.2,01.01.01,0,7b6c6303-6eba-49e8-b7a4-9c6c3ecffb7d,{},0,0,0,,1,1,9d9f530a9448a43b2bc0384bef23e6280fa75708378dc016789a310fff2478b0,1,[0]
2665,SFU_Articles/covid19/1388274485.txt,1388274485,1388274485.txt,f995c3b7c3047d18d7aceaa3bbbf4505620a93b217f95e30e0d00a4105baf48c,8207,1b6d174c-8544-4fc2-8a1d-981b03d4cff0,covid_community.IAA,34799c80-7805-4fbe-a9fc-11bd053f3721,Copied from  227 (Denise Toor) at 2021-04-07T222851,True,4605b299-698b-4767-8ac0-4129066977b4,NOT_FOUND,Communityv4.2,01.02.02,0,b3ccbee0-ec5a-4bf4-91b2-12ffad74bbdd,{},0,0,0,,2,2,9d9f530a9448a43b2bc0384bef23e6280fa75708378dc016789a310fff2478b0,1,[0]
2666,SFU_Articles/covid19/1388274485.txt,1388274485,1388274485.txt,f995c3b7c3047d18d7aceaa3bbbf4505620a93b217f95e30e0d00a4105baf48c,8207,1b6d174c-8544-4fc2-8a1d-981b03d4cff0,covid_community.IAA,34799c80-7805-4fbe-a9fc-11bd053f3721,Copied from  227 (Denise Toor) at 2021-04-07T222851,True,4605b299-698b-4767-8ac0-4129066977b4,NOT_FOUND,Communityv4.2,01.02.05,0,ae8d134c-2ee3-4782-9ac0-981b46313837,{},0,0,0,,2,5,9d9f530a9448a43b2bc0384bef23e6280fa75708378dc016789a310fff2478b0,1,[0]
2667,SFU_Articles/covid19/1388274485.txt,1388274485,1388274485.txt,f995c3b7c3047d18d7aceaa3bbbf4505620a93b217f95e30e0d00a4105baf48c,8207,1b6d174c-8544-4fc2-8a1d-981b03d4cff0,covid_community.IAA,34799c80-7805-4fbe-a9fc-11bd053f3721,Copied from  227 (Denise Toor) at 2021-04-07T222851,True,4605b299-698b-4767-8ac0-4129066977b4,NOT_FOUND,Communityv4.2,01.02.03,0,54d7e5ab-b350-4f0e-9fb8-df1921ebd0b3,{},0,0,0,,2,3,9d9f530a9448a43b2bc0384bef23e6280fa75708378dc016789a310fff2478b0,1,[0]
2668,SFU_Articles/covid19/1388274485.txt,1388274485,1388274485.txt,f995c3b7c3047d18d7aceaa3bbbf4505620a93b217f95e30e0d00a4105baf48c,8207,1b6d174c-8544-4fc2-8a1d-981b03d4cff0,covid_community.IAA,34799c80-7805-4fbe-a9fc-11bd053f3721,Copied from  227 (Denise Toor) at 2021-04-07T222851,True,4605b299-698b-4767-8ac0-4129066977b4,NOT_FOUND,Communityv4.2,01.05.02,1,5da41f5e-414d-4b6a-a491-5ce445354845,{},1,2940,2990,declared the talks \u201cdead\u201d after the Taliban killed,5,2,9d9f530a9448a43b2bc0384bef23e6280fa75708378dc016789a310fff2478b0,1,"[2940, 2941, 2942, 2943, 2944, 2945, 2946, 2947, 2948, 2949, 2950, 2951, 2952, 2953, 2954, 2955, 2956, 2957, 2958, 2959, 2960, 2961, 2962, 2963, 2964, 2965, 2966, 2967, 2968, 2969, 2970, 2971, 2972, 2973, 2974, 2975, 2976, 2977, 2978, 2979, 2980, 2981, 2982, 2983, 2984, 2985, 2986, 2987, 2988, 2989, 2990]"
2669,SFU_Articles/covid19/1388274485.txt,1388274485,1388274485.txt,f995c3b7c3047d18d7aceaa3bbbf4505620a93b217f95e30e0d00a4105baf48c,8207,1b6d174c-8544-4fc2-8a1d-981b03d4cff0,covid_community.IAA,34799c80-7805-4fbe-a9fc-11bd053f3721,Copied from  227 (Denise Toor) at 2021-04-07T222851,True,4605b299-698b-4767-8ac0-4129066977b4,NOT_FOUND,Communityv4.2,01.07.03,0,e3ef298a-8048-41b1-8cc9-3080358f5137,{},0,0,0,,7,3,9d9f530a9448a43b2bc0384bef23e6280fa75708378dc016789a310fff2478b0,1,[0]
2670,SFU_Articles/covid19/1388274485.txt,1388274485,1388274485.txt,f995c3b7c3047d18d7aceaa3bbbf4505620a93b217f95e30e0d00a4105baf48c,8207,1b6d174c-8544-4fc2-8a1d-981b03d4cff0,covid_community.IAA,34799c80-7805-4fbe-a9fc-11bd053f3721,Copied from  227 (Denise Toor) at 2021-04-07T222851,True,4605b299-698b-4767-8ac0-4129066977b4,NOT_FOUND,Communityv4.2,01.08.01,1,3e2ebf7f-e623-47bd-a482-1fb7fd466ec6,{},1,2924,3026,Trump on Monday declared the talks \u201cdead\u201d after the Taliban killed a U.S. soldier in a suicide bombing,8,1,9d9f530a9448a43b2bc0384bef23e6280fa75708378dc016789a310fff2478b0,1,"[2924, 2925, 2926, 2927, 2928, 2929, 2930, 2931, 2932, 2933, 2934, 2935, 2936, 2937, 2938, 2939, 2940, 2941, 2942, 2943, 2944, 2945, 2946, 2947, 2948, 2949, 2950, 2951, 2952, 2953, 2954, 2955, 2956, 2957, 2958, 2959, 2960, 2961, 2962, 2963, 2964, 2965, 2966, 2967, 2968, 2969, 2970, 2971, 2972, 2973, 2974, 2975, 2976, 2977, 2978, 2979, 2980, 2981, 2982, 2983, 2984, 2985, 2986, 2987, 2988, 2989, 2990, 2991, 2992, 2993, 2994, 2995, 2996, 2997, 2998, 2999, 3000, 3001, 3002, 3003, 3004, 3005, 3006, 3007, 3008, 3009, 3010, 3011, 3012, 3013, 3014, 3015, 3016, 3017, 3018, 3019, 3020, 3021, 3022, 3023, 3024, 3025, 3026]"
2671,SFU_Articles/covid19/1388274485.txt,1388274485,1388274485.txt,f995c3b7c3047d18d7aceaa3bbbf4505620a93b217f95e30e0d00a4105baf48c,8207,1b6d174c-8544-4fc2-8a1d-981b03d4cff0,covid_community.IAA,34799c80-7805-4fbe-a9fc-11bd053f3721,Copied from  227 (Denise Toor) at 2021-04-07T222851,True,4605b299-698b-4767-8ac0-4129066977b4,NOT_FOUND,Communityv4.2,01.09.03,0,b2c4fcaf-2e0d-4415-bfcf-738725e80dc6,{},0,0,0,,9,3,9d9f530a9448a43b2bc0384bef23e6280fa75708378dc016789a310fff2478b0,1,[0]
2672,SFU_Articles/covid19/1388274485.txt,1388274485,1388274485.txt,f995c3b7c3047d18d7aceaa3bbbf4505620a93b217f95e30e0d00a4105baf48c,8207,1b6d174c-8544-4fc2-8a1d-981b03d4cff0,covid_community.IAA,34799c80-7805-4fbe-a9fc-11bd053f3721,Copied from  227 (Denise Toor) at 2021-04-07T222851,True,4605b299-698b-4767-8ac0-4129066977b4,NOT_FOUND,Communityv4.2,01.12.01,1,67581b1d-bbbb-45ef-b26e-7671bd7d3eb9,{},1,2924,2948,Trump on Monday declared,12,1,9d9f530a9448a43b2bc0384bef23e6280fa75708378dc016789a310fff2478b0,1,"[2924, 2925, 2926, 2927, 2928, 2929, 2930, 2931, 2932, 2933, 2934, 2935, 2936, 2937, 2938, 2939, 2940, 2941, 2942, 2943, 2944, 2945, 2946, 2947, 2948]"
2673,SFU_Articles/covid19/1388274485.txt,1388274485,1388274485.txt,f995c3b7c3047d18d7aceaa3bbbf4505620a93b217f95e30e0d00a4105baf48c,8207,1b6d174c-8544-4fc2-8a1d-981b03d4cff0,covid_community.IAA,34799c80-7805-4fbe-a9fc-11bd053f3721,Copied from  227 (Denise Toor) at 2021-04-07T222851,True,4605b299-698b-4767-8ac0-4129066977b4,NOT_FOUND,Communityv4.2,01.17.05,0,3f9fbe4f-0d64-4e89-81fd-5e843cca9d25,{},0,0,0,,17,5,9d9f530a9448a43b2bc0384bef23e6280fa75708378dc016789a310fff2478b0,1,[0]
2674,SFU_Articles/covid19/1388274485.txt,1388274485,1388274485.txt,f995c3b7c3047d18d7aceaa3bbbf4505620a93b217f95e30e0d00a4105baf48c,8207,1b6d174c-8544-4fc2-8a1d-981b03d4cff0,covid_community.IAA,34799c80-7805-4fbe-a9fc-11bd053f3721,Copied from  227 (Denise Toor) at 2021-04-07T222851,True,4605b299-698b-4767-8ac0-4129066977b4,NOT_FOUND,Communityv4.2,01.18.06,0,f785aeae-6b41-4157-9cae-978c80a2962b,{},0,0,0,,18,6,9d9f530a9448a43b2bc0384bef23e6280fa75708378dc016789a310fff2478b0,1,[0]
2675,SFU_Articles/covid19/1388274485.txt,1388274485,1388274485.txt,f995c3b7c3047d18d7aceaa3bbbf4505620a93b217f95e30e0d00a4105baf48c,8207,1b6d174c-8544-4fc2-8a1d-981b03d4cff0,covid_community.IAA,34799c80-7805-4fbe-a9fc-11bd053f3721,Copied from  227 (Denise Toor) at 2021-04-07T222851,True,4605b299-698b-4767-8ac0-4129066977b4,NOT_FOUND,Communityv4.2,01.19.01,0,bc9404ed-4143-4fbf-b3ed-51963f25bddd,{},0,0,0,,19,1,9d9f530a9448a43b2bc0384bef23e6280fa75708378dc016789a310fff2478b0,1,[0]
