,article_batch_name,article_number,article_filename,article_sha256,article_text_length,tua_group_uuid,tua_group_name,tua_batch_uuid,tua_batch_name,tua_batch_final,source_task_uuid,tua_uuid,namespace,topic_name,case_number,answer_uuid,extra,highlight_count,start_pos,end_pos,target_text,question_Number,agreed_Answer,schema_sha256,agreement_score,highlighted_indices
571,SFU_Articles/covid19/1388274485.txt,1388274485,1388274485.txt,f995c3b7c3047d18d7aceaa3bbbf4505620a93b217f95e30e0d00a4105baf48c,8207,1b6d174c-8544-4fc2-8a1d-981b03d4cff0,covid_community.IAA,f02b777d-265c-4fea-ab8f-6aeffd5167fc,Consensus generated at 2021-03-23T025626,True,cbcf0028-9235-4108-80f6-8a6cae5d6f38,NOT_FOUND,Communityv4.2,01.19.01,1,bc9404ed-4143-4fbf-b3ed-51963f25bddd,"{""contrib_count"": 3, ""answer_text_list"": []}",0,0,0,,19,1,9d9f530a9448a43b2bc0384bef23e6280fa75708378dc016789a310fff2478b0,1,[0]
2590,SFU_Articles/covid19/1388274485.txt,1388274485,1388274485.txt,f995c3b7c3047d18d7aceaa3bbbf4505620a93b217f95e30e0d00a4105baf48c,8207,1b6d174c-8544-4fc2-8a1d-981b03d4cff0,covid_community.IAA,34799c80-7805-4fbe-a9fc-11bd053f3721,Copied from  227 (Denise Toor) at 2021-04-07T222851,True,cbcf0028-9235-4108-80f6-8a6cae5d6f38,NOT_FOUND,Communityv4.2,01.01.01,0,7b6c6303-6eba-49e8-b7a4-9c6c3ecffb7d,{},0,0,0,,1,1,9d9f530a9448a43b2bc0384bef23e6280fa75708378dc016789a310fff2478b0,1,[0]
2591,SFU_Articles/covid19/1388274485.txt,1388274485,1388274485.txt,f995c3b7c3047d18d7aceaa3bbbf4505620a93b217f95e30e0d00a4105baf48c,8207,1b6d174c-8544-4fc2-8a1d-981b03d4cff0,covid_community.IAA,34799c80-7805-4fbe-a9fc-11bd053f3721,Copied from  227 (Denise Toor) at 2021-04-07T222851,True,cbcf0028-9235-4108-80f6-8a6cae5d6f38,NOT_FOUND,Communityv4.2,01.02.07,0,877d149e-3edb-44af-99b0-13bf229802e9,{},0,0,0,,2,7,9d9f530a9448a43b2bc0384bef23e6280fa75708378dc016789a310fff2478b0,1,[0]
2592,SFU_Articles/covid19/1388274485.txt,1388274485,1388274485.txt,f995c3b7c3047d18d7aceaa3bbbf4505620a93b217f95e30e0d00a4105baf48c,8207,1b6d174c-8544-4fc2-8a1d-981b03d4cff0,covid_community.IAA,34799c80-7805-4fbe-a9fc-11bd053f3721,Copied from  227 (Denise Toor) at 2021-04-07T222851,True,cbcf0028-9235-4108-80f6-8a6cae5d6f38,NOT_FOUND,Communityv4.2,01.14.02,1,a7b77fb5-37e5-4f8b-ad2a-285a3cb224cf,{},1,602,660,We welcome your feedback at morningbrief@foreignpolicy.com,14,2,9d9f530a9448a43b2bc0384bef23e6280fa75708378dc016789a310fff2478b0,1,"[602, 603, 604, 605, 606, 607, 608, 609, 610, 611, 612, 613, 614, 615, 616, 617, 618, 619, 620, 621, 622, 623, 624, 625, 626, 627, 628, 629, 630, 631, 632, 633, 634, 635, 636, 637, 638, 639, 640, 641, 642, 643, 644, 645, 646, 647, 648, 649, 650, 651, 652, 653, 654, 655, 656, 657, 658, 659, 660]"
2593,SFU_Articles/covid19/1388274485.txt,1388274485,1388274485.txt,f995c3b7c3047d18d7aceaa3bbbf4505620a93b217f95e30e0d00a4105baf48c,8207,1b6d174c-8544-4fc2-8a1d-981b03d4cff0,covid_community.IAA,34799c80-7805-4fbe-a9fc-11bd053f3721,Copied from  227 (Denise Toor) at 2021-04-07T222851,True,cbcf0028-9235-4108-80f6-8a6cae5d6f38,NOT_FOUND,Communityv4.2,01.17.02,0,b9a2b27c-9001-4ac8-9c40-ad8a1a1b63f0,{},0,0,0,,17,2,9d9f530a9448a43b2bc0384bef23e6280fa75708378dc016789a310fff2478b0,1,[0]
2594,SFU_Articles/covid19/1388274485.txt,1388274485,1388274485.txt,f995c3b7c3047d18d7aceaa3bbbf4505620a93b217f95e30e0d00a4105baf48c,8207,1b6d174c-8544-4fc2-8a1d-981b03d4cff0,covid_community.IAA,34799c80-7805-4fbe-a9fc-11bd053f3721,Copied from  227 (Denise Toor) at 2021-04-07T222851,True,cbcf0028-9235-4108-80f6-8a6cae5d6f38,NOT_FOUND,Communityv4.2,01.18.09,0,1c2b4b2a-ef77-415f-9c82-2e4bc438e406,{},0,0,0,,18,9,9d9f530a9448a43b2bc0384bef23e6280fa75708378dc016789a310fff2478b0,1,[0]
2595,SFU_Articles/covid19/1388274485.txt,1388274485,1388274485.txt,f995c3b7c3047d18d7aceaa3bbbf4505620a93b217f95e30e0d00a4105baf48c,8207,1b6d174c-8544-4fc2-8a1d-981b03d4cff0,covid_community.IAA,34799c80-7805-4fbe-a9fc-11bd053f3721,Copied from  227 (Denise Toor) at 2021-04-07T222851,True,cbcf0028-9235-4108-80f6-8a6cae5d6f38,NOT_FOUND,Communityv4.2,01.19.01,0,bc9404ed-4143-4fbf-b3ed-51963f25bddd,{},0,0,0,,19,1,9d9f530a9448a43b2bc0384bef23e6280fa75708378dc016789a310fff2478b0,1,[0]
