,article_batch_name,article_number,article_filename,article_sha256,article_text_length,tua_group_uuid,tua_group_name,tua_batch_uuid,tua_batch_name,tua_batch_final,source_task_uuid,tua_uuid,namespace,topic_name,case_number,answer_uuid,extra,highlight_count,start_pos,end_pos,target_text,question_Number,agreed_Answer,schema_sha256,agreement_score,highlighted_indices
776,SFU_Articles/covid19/1468621741.txt,1468621741,1468621741.txt,a5d490caf8ed4309b27570dad5e05bfd7cdf419cc4637139e55cac5ab833ec0c,11106,b8ee8a69-8e8a-45d1-9ba9-5eeb153bf93c,covid_individual.IAA,232c33b9-b6e6-4998-842e-de7d509af18c,Consensus generated at 2021-03-23T030517,True,1fead6c1-f576-4faf-bf7c-27c2ffc1b353,NOT_FOUND,Individualv4.2,01.02.01,1,abd4d646-ec47-4d02-a05f-2bb6c16491c3,"{""contrib_count"": 2, ""answer_text_list"": []}",0,0,0,,2,1,4d3b1e615fd8e0a137a7a34740e304c8e073774db7a923262a1850bb9368823e,1,[0]
777,SFU_Articles/covid19/1468621741.txt,1468621741,1468621741.txt,a5d490caf8ed4309b27570dad5e05bfd7cdf419cc4637139e55cac5ab833ec0c,11106,b8ee8a69-8e8a-45d1-9ba9-5eeb153bf93c,covid_individual.IAA,232c33b9-b6e6-4998-842e-de7d509af18c,Consensus generated at 2021-03-23T030517,True,1fead6c1-f576-4faf-bf7c-27c2ffc1b353,NOT_FOUND,Individualv4.2,01.01.01,1,6aec528a-d927-43bc-a317-2db0c4efd1b1,"{""contrib_count"": 2, ""answer_text_list"": []}",0,0,0,,1,1,4d3b1e615fd8e0a137a7a34740e304c8e073774db7a923262a1850bb9368823e,1,[0]
778,SFU_Articles/covid19/1468621741.txt,1468621741,1468621741.txt,a5d490caf8ed4309b27570dad5e05bfd7cdf419cc4637139e55cac5ab833ec0c,11106,b8ee8a69-8e8a-45d1-9ba9-5eeb153bf93c,covid_individual.IAA,232c33b9-b6e6-4998-842e-de7d509af18c,Consensus generated at 2021-03-23T030517,True,1fead6c1-f576-4faf-bf7c-27c2ffc1b353,NOT_FOUND,Individualv4.2,01.03.03,1,b4c406c0-22f3-4296-8b7c-614b76138038,"{""contrib_count"": 2, ""answer_text_list"": []}",1,4276,4320,I had a tough time keeping all that straight,3,3,4d3b1e615fd8e0a137a7a34740e304c8e073774db7a923262a1850bb9368823e,1,"[4276, 4277, 4278, 4279, 4280, 4281, 4282, 4283, 4284, 4285, 4286, 4287, 4288, 4289, 4290, 4291, 4292, 4293, 4294, 4295, 4296, 4297, 4298, 4299, 4300, 4301, 4302, 4303, 4304, 4305, 4306, 4307, 4308, 4309, 4310, 4311, 4312, 4313, 4314, 4315, 4316, 4317, 4318, 4319, 4320]"
779,SFU_Articles/covid19/1468621741.txt,1468621741,1468621741.txt,a5d490caf8ed4309b27570dad5e05bfd7cdf419cc4637139e55cac5ab833ec0c,11106,b8ee8a69-8e8a-45d1-9ba9-5eeb153bf93c,covid_individual.IAA,232c33b9-b6e6-4998-842e-de7d509af18c,Consensus generated at 2021-03-23T030517,True,1fead6c1-f576-4faf-bf7c-27c2ffc1b353,NOT_FOUND,Individualv4.2,01.03.03,2,b4c406c0-22f3-4296-8b7c-614b76138038,"{""contrib_count"": 2, ""answer_text_list"": []}",1,4336,4389,I don't know how people memorize entire movie scripts,3,3,4d3b1e615fd8e0a137a7a34740e304c8e073774db7a923262a1850bb9368823e,1,"[4336, 4337, 4338, 4339, 4340, 4341, 4342, 4343, 4344, 4345, 4346, 4347, 4348, 4349, 4350, 4351, 4352, 4353, 4354, 4355, 4356, 4357, 4358, 4359, 4360, 4361, 4362, 4363, 4364, 4365, 4366, 4367, 4368, 4369, 4370, 4371, 4372, 4373, 4374, 4375, 4376, 4377, 4378, 4379, 4380, 4381, 4382, 4383, 4384, 4385, 4386, 4387, 4388, 4389]"
780,SFU_Articles/covid19/1468621741.txt,1468621741,1468621741.txt,a5d490caf8ed4309b27570dad5e05bfd7cdf419cc4637139e55cac5ab833ec0c,11106,b8ee8a69-8e8a-45d1-9ba9-5eeb153bf93c,covid_individual.IAA,232c33b9-b6e6-4998-842e-de7d509af18c,Consensus generated at 2021-03-23T030517,True,1fead6c1-f576-4faf-bf7c-27c2ffc1b353,NOT_FOUND,Individualv4.2,01.13.01,1,caea2dc0-84d1-44f9-b235-54ac327e16e2,"{""contrib_count"": 3, ""answer_text_list"": []}",0,0,0,,13,1,4d3b1e615fd8e0a137a7a34740e304c8e073774db7a923262a1850bb9368823e,1,[0]
2077,SFU_Articles/covid19/1468621741.txt,1468621741,1468621741.txt,a5d490caf8ed4309b27570dad5e05bfd7cdf419cc4637139e55cac5ab833ec0c,11106,b8ee8a69-8e8a-45d1-9ba9-5eeb153bf93c,covid_individual.IAA,5583cfc1-c5f5-49da-9611-9d3e365315fd,Copied from  227 (Denise Toor) at 2021-05-13T202205,True,1fead6c1-f576-4faf-bf7c-27c2ffc1b353,NOT_FOUND,Individualv4.2,01.01.01,0,6aec528a-d927-43bc-a317-2db0c4efd1b1,{},0,0,0,,1,1,4d3b1e615fd8e0a137a7a34740e304c8e073774db7a923262a1850bb9368823e,1,[0]
2078,SFU_Articles/covid19/1468621741.txt,1468621741,1468621741.txt,a5d490caf8ed4309b27570dad5e05bfd7cdf419cc4637139e55cac5ab833ec0c,11106,b8ee8a69-8e8a-45d1-9ba9-5eeb153bf93c,covid_individual.IAA,5583cfc1-c5f5-49da-9611-9d3e365315fd,Copied from  227 (Denise Toor) at 2021-05-13T202205,True,1fead6c1-f576-4faf-bf7c-27c2ffc1b353,NOT_FOUND,Individualv4.2,01.02.01,0,abd4d646-ec47-4d02-a05f-2bb6c16491c3,{},0,0,0,,2,1,4d3b1e615fd8e0a137a7a34740e304c8e073774db7a923262a1850bb9368823e,1,[0]
2079,SFU_Articles/covid19/1468621741.txt,1468621741,1468621741.txt,a5d490caf8ed4309b27570dad5e05bfd7cdf419cc4637139e55cac5ab833ec0c,11106,b8ee8a69-8e8a-45d1-9ba9-5eeb153bf93c,covid_individual.IAA,5583cfc1-c5f5-49da-9611-9d3e365315fd,Copied from  227 (Denise Toor) at 2021-05-13T202205,True,1fead6c1-f576-4faf-bf7c-27c2ffc1b353,NOT_FOUND,Individualv4.2,01.11.02,0,997840d1-4eca-472f-b61a-9d2f57a7de97,{},0,0,0,,11,2,4d3b1e615fd8e0a137a7a34740e304c8e073774db7a923262a1850bb9368823e,1,[0]
2080,SFU_Articles/covid19/1468621741.txt,1468621741,1468621741.txt,a5d490caf8ed4309b27570dad5e05bfd7cdf419cc4637139e55cac5ab833ec0c,11106,b8ee8a69-8e8a-45d1-9ba9-5eeb153bf93c,covid_individual.IAA,5583cfc1-c5f5-49da-9611-9d3e365315fd,Copied from  227 (Denise Toor) at 2021-05-13T202205,True,1fead6c1-f576-4faf-bf7c-27c2ffc1b353,NOT_FOUND,Individualv4.2,01.12.08,0,af46deac-d0f7-49a6-b594-d8d44b54088e,{},0,0,0,,12,8,4d3b1e615fd8e0a137a7a34740e304c8e073774db7a923262a1850bb9368823e,1,[0]
2081,SFU_Articles/covid19/1468621741.txt,1468621741,1468621741.txt,a5d490caf8ed4309b27570dad5e05bfd7cdf419cc4637139e55cac5ab833ec0c,11106,b8ee8a69-8e8a-45d1-9ba9-5eeb153bf93c,covid_individual.IAA,5583cfc1-c5f5-49da-9611-9d3e365315fd,Copied from  227 (Denise Toor) at 2021-05-13T202205,True,1fead6c1-f576-4faf-bf7c-27c2ffc1b353,NOT_FOUND,Individualv4.2,01.13.01,0,caea2dc0-84d1-44f9-b235-54ac327e16e2,{},0,0,0,,13,1,4d3b1e615fd8e0a137a7a34740e304c8e073774db7a923262a1850bb9368823e,1,[0]
