,article_batch_name,article_number,article_filename,article_sha256,article_text_length,tua_group_uuid,tua_group_name,tua_batch_uuid,tua_batch_name,tua_batch_final,source_task_uuid,tua_uuid,namespace,topic_name,case_number,answer_uuid,extra,highlight_count,start_pos,end_pos,target_text,question_Number,agreed_Answer,schema_sha256,agreement_score,highlighted_indices
427,SFU_Articles/covid19/1428439051.txt,1428439051,1428439051.txt,f10fdd8c11d522540e405fe99975ee58894d0c51ef92380059a7ef21e39ee5ee,8174,b8ee8a69-8e8a-45d1-9ba9-5eeb153bf93c,covid_individual.IAA,232c33b9-b6e6-4998-842e-de7d509af18c,Consensus generated at 2021-03-23T030517,True,1ffce95e-30a6-4435-992f-eb79df350790,NOT_FOUND,Individualv4.2,01.02.05,1,9d2befd9-23ed-45b2-bee4-ad8ebd216771,"{""contrib_count"": 2, ""answer_text_list"": []}",0,0,0,,2,5,4d3b1e615fd8e0a137a7a34740e304c8e073774db7a923262a1850bb9368823e,1,[0]
428,SFU_Articles/covid19/1428439051.txt,1428439051,1428439051.txt,f10fdd8c11d522540e405fe99975ee58894d0c51ef92380059a7ef21e39ee5ee,8174,b8ee8a69-8e8a-45d1-9ba9-5eeb153bf93c,covid_individual.IAA,232c33b9-b6e6-4998-842e-de7d509af18c,Consensus generated at 2021-03-23T030517,True,1ffce95e-30a6-4435-992f-eb79df350790,NOT_FOUND,Individualv4.2,01.09.01,1,1fb8bef7-274f-41a8-83e2-0d67d27759a8,"{""contrib_count"": 2, ""answer_text_list"": []}",1,3806,3821,Macarena Garcia,9,1,4d3b1e615fd8e0a137a7a34740e304c8e073774db7a923262a1850bb9368823e,1,"[3806, 3807, 3808, 3809, 3810, 3811, 3812, 3813, 3814, 3815, 3816, 3817, 3818, 3819, 3820, 3821]"
429,SFU_Articles/covid19/1428439051.txt,1428439051,1428439051.txt,f10fdd8c11d522540e405fe99975ee58894d0c51ef92380059a7ef21e39ee5ee,8174,b8ee8a69-8e8a-45d1-9ba9-5eeb153bf93c,covid_individual.IAA,232c33b9-b6e6-4998-842e-de7d509af18c,Consensus generated at 2021-03-23T030517,True,1ffce95e-30a6-4435-992f-eb79df350790,NOT_FOUND,Individualv4.2,01.12.06,1,0fba99d3-1e37-4626-85f2-6541d4bacbec,"{""contrib_count"": 2, ""answer_text_list"": []}",0,0,0,,12,6,4d3b1e615fd8e0a137a7a34740e304c8e073774db7a923262a1850bb9368823e,1,[0]
430,SFU_Articles/covid19/1428439051.txt,1428439051,1428439051.txt,f10fdd8c11d522540e405fe99975ee58894d0c51ef92380059a7ef21e39ee5ee,8174,b8ee8a69-8e8a-45d1-9ba9-5eeb153bf93c,covid_individual.IAA,232c33b9-b6e6-4998-842e-de7d509af18c,Consensus generated at 2021-03-23T030517,True,1ffce95e-30a6-4435-992f-eb79df350790,NOT_FOUND,Individualv4.2,01.13.01,1,caea2dc0-84d1-44f9-b235-54ac327e16e2,"{""contrib_count"": 3, ""answer_text_list"": []}",0,0,0,,13,1,4d3b1e615fd8e0a137a7a34740e304c8e073774db7a923262a1850bb9368823e,1,[0]
431,SFU_Articles/covid19/1428439051.txt,1428439051,1428439051.txt,f10fdd8c11d522540e405fe99975ee58894d0c51ef92380059a7ef21e39ee5ee,8174,b8ee8a69-8e8a-45d1-9ba9-5eeb153bf93c,covid_individual.IAA,232c33b9-b6e6-4998-842e-de7d509af18c,Consensus generated at 2021-03-23T030517,True,1ffce95e-30a6-4435-992f-eb79df350790,NOT_FOUND,Individualv4.2,01.11.04,1,8999b4be-7e40-496c-8318-f67e436bde71,"{""contrib_count"": 2, ""answer_text_list"": []}",0,0,0,,11,4,4d3b1e615fd8e0a137a7a34740e304c8e073774db7a923262a1850bb9368823e,1,[0]
1840,SFU_Articles/covid19/1428439051.txt,1428439051,1428439051.txt,f10fdd8c11d522540e405fe99975ee58894d0c51ef92380059a7ef21e39ee5ee,8174,b8ee8a69-8e8a-45d1-9ba9-5eeb153bf93c,covid_individual.IAA,5583cfc1-c5f5-49da-9611-9d3e365315fd,Copied from  227 (Denise Toor) at 2021-05-13T202205,True,1ffce95e-30a6-4435-992f-eb79df350790,NOT_FOUND,Individualv4.2,01.01.01,0,6aec528a-d927-43bc-a317-2db0c4efd1b1,{},0,0,0,,1,1,4d3b1e615fd8e0a137a7a34740e304c8e073774db7a923262a1850bb9368823e,1,[0]
1841,SFU_Articles/covid19/1428439051.txt,1428439051,1428439051.txt,f10fdd8c11d522540e405fe99975ee58894d0c51ef92380059a7ef21e39ee5ee,8174,b8ee8a69-8e8a-45d1-9ba9-5eeb153bf93c,covid_individual.IAA,5583cfc1-c5f5-49da-9611-9d3e365315fd,Copied from  227 (Denise Toor) at 2021-05-13T202205,True,1ffce95e-30a6-4435-992f-eb79df350790,NOT_FOUND,Individualv4.2,01.02.05,0,9d2befd9-23ed-45b2-bee4-ad8ebd216771,{},0,0,0,,2,5,4d3b1e615fd8e0a137a7a34740e304c8e073774db7a923262a1850bb9368823e,1,[0]
1842,SFU_Articles/covid19/1428439051.txt,1428439051,1428439051.txt,f10fdd8c11d522540e405fe99975ee58894d0c51ef92380059a7ef21e39ee5ee,8174,b8ee8a69-8e8a-45d1-9ba9-5eeb153bf93c,covid_individual.IAA,5583cfc1-c5f5-49da-9611-9d3e365315fd,Copied from  227 (Denise Toor) at 2021-05-13T202205,True,1ffce95e-30a6-4435-992f-eb79df350790,NOT_FOUND,Individualv4.2,01.02.01,0,abd4d646-ec47-4d02-a05f-2bb6c16491c3,{},0,0,0,,2,1,4d3b1e615fd8e0a137a7a34740e304c8e073774db7a923262a1850bb9368823e,1,[0]
1843,SFU_Articles/covid19/1428439051.txt,1428439051,1428439051.txt,f10fdd8c11d522540e405fe99975ee58894d0c51ef92380059a7ef21e39ee5ee,8174,b8ee8a69-8e8a-45d1-9ba9-5eeb153bf93c,covid_individual.IAA,5583cfc1-c5f5-49da-9611-9d3e365315fd,Copied from  227 (Denise Toor) at 2021-05-13T202205,True,1ffce95e-30a6-4435-992f-eb79df350790,NOT_FOUND,Individualv4.2,01.03.03,1,b4c406c0-22f3-4296-8b7c-614b76138038,{},1,3769,3821,"the incident's chief data scientist, Macarena Garcia",3,3,4d3b1e615fd8e0a137a7a34740e304c8e073774db7a923262a1850bb9368823e,1,"[3769, 3770, 3771, 3772, 3773, 3774, 3775, 3776, 3777, 3778, 3779, 3780, 3781, 3782, 3783, 3784, 3785, 3786, 3787, 3788, 3789, 3790, 3791, 3792, 3793, 3794, 3795, 3796, 3797, 3798, 3799, 3800, 3801, 3802, 3803, 3804, 3805, 3806, 3807, 3808, 3809, 3810, 3811, 3812, 3813, 3814, 3815, 3816, 3817, 3818, 3819, 3820, 3821]"
1844,SFU_Articles/covid19/1428439051.txt,1428439051,1428439051.txt,f10fdd8c11d522540e405fe99975ee58894d0c51ef92380059a7ef21e39ee5ee,8174,b8ee8a69-8e8a-45d1-9ba9-5eeb153bf93c,covid_individual.IAA,5583cfc1-c5f5-49da-9611-9d3e365315fd,Copied from  227 (Denise Toor) at 2021-05-13T202205,True,1ffce95e-30a6-4435-992f-eb79df350790,NOT_FOUND,Individualv4.2,01.11.04,0,8999b4be-7e40-496c-8318-f67e436bde71,{},0,0,0,,11,4,4d3b1e615fd8e0a137a7a34740e304c8e073774db7a923262a1850bb9368823e,1,[0]
1845,SFU_Articles/covid19/1428439051.txt,1428439051,1428439051.txt,f10fdd8c11d522540e405fe99975ee58894d0c51ef92380059a7ef21e39ee5ee,8174,b8ee8a69-8e8a-45d1-9ba9-5eeb153bf93c,covid_individual.IAA,5583cfc1-c5f5-49da-9611-9d3e365315fd,Copied from  227 (Denise Toor) at 2021-05-13T202205,True,1ffce95e-30a6-4435-992f-eb79df350790,NOT_FOUND,Individualv4.2,01.12.06,0,0fba99d3-1e37-4626-85f2-6541d4bacbec,{},0,0,0,,12,6,4d3b1e615fd8e0a137a7a34740e304c8e073774db7a923262a1850bb9368823e,1,[0]
1846,SFU_Articles/covid19/1428439051.txt,1428439051,1428439051.txt,f10fdd8c11d522540e405fe99975ee58894d0c51ef92380059a7ef21e39ee5ee,8174,b8ee8a69-8e8a-45d1-9ba9-5eeb153bf93c,covid_individual.IAA,5583cfc1-c5f5-49da-9611-9d3e365315fd,Copied from  227 (Denise Toor) at 2021-05-13T202205,True,1ffce95e-30a6-4435-992f-eb79df350790,NOT_FOUND,Individualv4.2,01.13.01,0,caea2dc0-84d1-44f9-b235-54ac327e16e2,{},0,0,0,,13,1,4d3b1e615fd8e0a137a7a34740e304c8e073774db7a923262a1850bb9368823e,1,[0]
