,article_batch_name,article_number,article_filename,article_sha256,article_text_length,tua_group_uuid,tua_group_name,tua_batch_uuid,tua_batch_name,tua_batch_final,source_task_uuid,tua_uuid,namespace,topic_name,case_number,answer_uuid,extra,highlight_count,start_pos,end_pos,target_text,question_Number,agreed_Answer,schema_sha256,agreement_score,highlighted_indices
547,SFU_Articles/covid19/1470555999.txt,1470555999,1470555999.txt,4455fdb8734311d8ea7425952f5f9bd441ff4aee739c9bbedc43342ec67886c6,18139,b8ee8a69-8e8a-45d1-9ba9-5eeb153bf93c,covid_individual.IAA,232c33b9-b6e6-4998-842e-de7d509af18c,Consensus generated at 2021-03-23T030517,True,0aef5413-b374-49f1-a190-8cc864394f97,NOT_FOUND,Individualv4.2,01.08.03,1,d565ff04-6156-4124-95a7-299e53d55309,"{""contrib_count"": 2, ""answer_text_list"": []}",1,11413,11433,So much for optimism,8,3,4d3b1e615fd8e0a137a7a34740e304c8e073774db7a923262a1850bb9368823e,1,"[11413, 11414, 11415, 11416, 11417, 11418, 11419, 11420, 11421, 11422, 11423, 11424, 11425, 11426, 11427, 11428, 11429, 11430, 11431, 11432, 11433]"
548,SFU_Articles/covid19/1470555999.txt,1470555999,1470555999.txt,4455fdb8734311d8ea7425952f5f9bd441ff4aee739c9bbedc43342ec67886c6,18139,b8ee8a69-8e8a-45d1-9ba9-5eeb153bf93c,covid_individual.IAA,232c33b9-b6e6-4998-842e-de7d509af18c,Consensus generated at 2021-03-23T030517,True,0aef5413-b374-49f1-a190-8cc864394f97,NOT_FOUND,Individualv4.2,01.02.04,1,cea46ec9-98b6-44c1-9700-2ba5f4c038cc,"{""contrib_count"": 3, ""answer_text_list"": []}",0,0,0,,2,4,4d3b1e615fd8e0a137a7a34740e304c8e073774db7a923262a1850bb9368823e,1,[0]
549,SFU_Articles/covid19/1470555999.txt,1470555999,1470555999.txt,4455fdb8734311d8ea7425952f5f9bd441ff4aee739c9bbedc43342ec67886c6,18139,b8ee8a69-8e8a-45d1-9ba9-5eeb153bf93c,covid_individual.IAA,232c33b9-b6e6-4998-842e-de7d509af18c,Consensus generated at 2021-03-23T030517,True,0aef5413-b374-49f1-a190-8cc864394f97,NOT_FOUND,Individualv4.2,01.12.06,1,0fba99d3-1e37-4626-85f2-6541d4bacbec,"{""contrib_count"": 2, ""answer_text_list"": []}",0,0,0,,12,6,4d3b1e615fd8e0a137a7a34740e304c8e073774db7a923262a1850bb9368823e,1,[0]
550,SFU_Articles/covid19/1470555999.txt,1470555999,1470555999.txt,4455fdb8734311d8ea7425952f5f9bd441ff4aee739c9bbedc43342ec67886c6,18139,b8ee8a69-8e8a-45d1-9ba9-5eeb153bf93c,covid_individual.IAA,232c33b9-b6e6-4998-842e-de7d509af18c,Consensus generated at 2021-03-23T030517,True,0aef5413-b374-49f1-a190-8cc864394f97,NOT_FOUND,Individualv4.2,01.01.01,1,6aec528a-d927-43bc-a317-2db0c4efd1b1,"{""contrib_count"": 2, ""answer_text_list"": []}",0,0,0,,1,1,4d3b1e615fd8e0a137a7a34740e304c8e073774db7a923262a1850bb9368823e,1,[0]
551,SFU_Articles/covid19/1470555999.txt,1470555999,1470555999.txt,4455fdb8734311d8ea7425952f5f9bd441ff4aee739c9bbedc43342ec67886c6,18139,b8ee8a69-8e8a-45d1-9ba9-5eeb153bf93c,covid_individual.IAA,232c33b9-b6e6-4998-842e-de7d509af18c,Consensus generated at 2021-03-23T030517,True,0aef5413-b374-49f1-a190-8cc864394f97,NOT_FOUND,Individualv4.2,01.13.01,1,caea2dc0-84d1-44f9-b235-54ac327e16e2,"{""contrib_count"": 3, ""answer_text_list"": []}",0,0,0,,13,1,4d3b1e615fd8e0a137a7a34740e304c8e073774db7a923262a1850bb9368823e,1,[0]
552,SFU_Articles/covid19/1470555999.txt,1470555999,1470555999.txt,4455fdb8734311d8ea7425952f5f9bd441ff4aee739c9bbedc43342ec67886c6,18139,b8ee8a69-8e8a-45d1-9ba9-5eeb153bf93c,covid_individual.IAA,232c33b9-b6e6-4998-842e-de7d509af18c,Consensus generated at 2021-03-23T030517,True,0aef5413-b374-49f1-a190-8cc864394f97,NOT_FOUND,Individualv4.2,01.11.04,1,8999b4be-7e40-496c-8318-f67e436bde71,"{""contrib_count"": 2, ""answer_text_list"": []}",0,0,0,,11,4,4d3b1e615fd8e0a137a7a34740e304c8e073774db7a923262a1850bb9368823e,1,[0]
2371,SFU_Articles/covid19/1470555999.txt,1470555999,1470555999.txt,4455fdb8734311d8ea7425952f5f9bd441ff4aee739c9bbedc43342ec67886c6,18139,b8ee8a69-8e8a-45d1-9ba9-5eeb153bf93c,covid_individual.IAA,5583cfc1-c5f5-49da-9611-9d3e365315fd,Copied from  227 (Denise Toor) at 2021-05-13T202205,True,0aef5413-b374-49f1-a190-8cc864394f97,NOT_FOUND,Individualv4.2,01.01.01,0,6aec528a-d927-43bc-a317-2db0c4efd1b1,{},0,0,0,,1,1,4d3b1e615fd8e0a137a7a34740e304c8e073774db7a923262a1850bb9368823e,1,[0]
2372,SFU_Articles/covid19/1470555999.txt,1470555999,1470555999.txt,4455fdb8734311d8ea7425952f5f9bd441ff4aee739c9bbedc43342ec67886c6,18139,b8ee8a69-8e8a-45d1-9ba9-5eeb153bf93c,covid_individual.IAA,5583cfc1-c5f5-49da-9611-9d3e365315fd,Copied from  227 (Denise Toor) at 2021-05-13T202205,True,0aef5413-b374-49f1-a190-8cc864394f97,NOT_FOUND,Individualv4.2,01.02.04,0,cea46ec9-98b6-44c1-9700-2ba5f4c038cc,{},0,0,0,,2,4,4d3b1e615fd8e0a137a7a34740e304c8e073774db7a923262a1850bb9368823e,1,[0]
2373,SFU_Articles/covid19/1470555999.txt,1470555999,1470555999.txt,4455fdb8734311d8ea7425952f5f9bd441ff4aee739c9bbedc43342ec67886c6,18139,b8ee8a69-8e8a-45d1-9ba9-5eeb153bf93c,covid_individual.IAA,5583cfc1-c5f5-49da-9611-9d3e365315fd,Copied from  227 (Denise Toor) at 2021-05-13T202205,True,0aef5413-b374-49f1-a190-8cc864394f97,NOT_FOUND,Individualv4.2,01.08.01,1,3caa2e3f-1419-4c88-87b4-1a1fb6b37c8c,{},1,11413,11433,So much for optimism,8,1,4d3b1e615fd8e0a137a7a34740e304c8e073774db7a923262a1850bb9368823e,1,"[11413, 11414, 11415, 11416, 11417, 11418, 11419, 11420, 11421, 11422, 11423, 11424, 11425, 11426, 11427, 11428, 11429, 11430, 11431, 11432, 11433]"
2374,SFU_Articles/covid19/1470555999.txt,1470555999,1470555999.txt,4455fdb8734311d8ea7425952f5f9bd441ff4aee739c9bbedc43342ec67886c6,18139,b8ee8a69-8e8a-45d1-9ba9-5eeb153bf93c,covid_individual.IAA,5583cfc1-c5f5-49da-9611-9d3e365315fd,Copied from  227 (Denise Toor) at 2021-05-13T202205,True,0aef5413-b374-49f1-a190-8cc864394f97,NOT_FOUND,Individualv4.2,01.11.04,0,8999b4be-7e40-496c-8318-f67e436bde71,{},0,0,0,,11,4,4d3b1e615fd8e0a137a7a34740e304c8e073774db7a923262a1850bb9368823e,1,[0]
2375,SFU_Articles/covid19/1470555999.txt,1470555999,1470555999.txt,4455fdb8734311d8ea7425952f5f9bd441ff4aee739c9bbedc43342ec67886c6,18139,b8ee8a69-8e8a-45d1-9ba9-5eeb153bf93c,covid_individual.IAA,5583cfc1-c5f5-49da-9611-9d3e365315fd,Copied from  227 (Denise Toor) at 2021-05-13T202205,True,0aef5413-b374-49f1-a190-8cc864394f97,NOT_FOUND,Individualv4.2,01.12.06,0,0fba99d3-1e37-4626-85f2-6541d4bacbec,{},0,0,0,,12,6,4d3b1e615fd8e0a137a7a34740e304c8e073774db7a923262a1850bb9368823e,1,[0]
2376,SFU_Articles/covid19/1470555999.txt,1470555999,1470555999.txt,4455fdb8734311d8ea7425952f5f9bd441ff4aee739c9bbedc43342ec67886c6,18139,b8ee8a69-8e8a-45d1-9ba9-5eeb153bf93c,covid_individual.IAA,5583cfc1-c5f5-49da-9611-9d3e365315fd,Copied from  227 (Denise Toor) at 2021-05-13T202205,True,0aef5413-b374-49f1-a190-8cc864394f97,NOT_FOUND,Individualv4.2,01.13.01,0,caea2dc0-84d1-44f9-b235-54ac327e16e2,{},0,0,0,,13,1,4d3b1e615fd8e0a137a7a34740e304c8e073774db7a923262a1850bb9368823e,1,[0]
