,article_batch_name,article_number,article_filename,article_sha256,article_text_length,tua_group_uuid,tua_group_name,tua_batch_uuid,tua_batch_name,tua_batch_final,source_task_uuid,tua_uuid,namespace,topic_name,case_number,answer_uuid,extra,highlight_count,start_pos,end_pos,target_text,question_Number,agreed_Answer,schema_sha256,agreement_score,highlighted_indices
651,SFU_Articles/covid19/1413514447.txt,1413514447,1413514447.txt,6b64ff60f834433754ccf60a4ce6f447bab1a33da0e7a3df5e8cb3e5309b3b31,4602,b8ee8a69-8e8a-45d1-9ba9-5eeb153bf93c,covid_individual.IAA,232c33b9-b6e6-4998-842e-de7d509af18c,Consensus generated at 2021-03-23T030517,True,4ceaea8a-c59e-40cf-ae5e-30f4afc9e85d,NOT_FOUND,Individualv4.2,01.01.03,1,39f50c9a-d868-4f92-af45-5df13e6d5554,"{""contrib_count"": 2, ""answer_text_list"": []}",0,0,0,,1,3,4d3b1e615fd8e0a137a7a34740e304c8e073774db7a923262a1850bb9368823e,1,[0]
652,SFU_Articles/covid19/1413514447.txt,1413514447,1413514447.txt,6b64ff60f834433754ccf60a4ce6f447bab1a33da0e7a3df5e8cb3e5309b3b31,4602,b8ee8a69-8e8a-45d1-9ba9-5eeb153bf93c,covid_individual.IAA,232c33b9-b6e6-4998-842e-de7d509af18c,Consensus generated at 2021-03-23T030517,True,4ceaea8a-c59e-40cf-ae5e-30f4afc9e85d,NOT_FOUND,Individualv4.2,01.12.06,1,0fba99d3-1e37-4626-85f2-6541d4bacbec,"{""contrib_count"": 2, ""answer_text_list"": []}",0,0,0,,12,6,4d3b1e615fd8e0a137a7a34740e304c8e073774db7a923262a1850bb9368823e,1,[0]
653,SFU_Articles/covid19/1413514447.txt,1413514447,1413514447.txt,6b64ff60f834433754ccf60a4ce6f447bab1a33da0e7a3df5e8cb3e5309b3b31,4602,b8ee8a69-8e8a-45d1-9ba9-5eeb153bf93c,covid_individual.IAA,232c33b9-b6e6-4998-842e-de7d509af18c,Consensus generated at 2021-03-23T030517,True,4ceaea8a-c59e-40cf-ae5e-30f4afc9e85d,NOT_FOUND,Individualv4.2,01.11.04,1,8999b4be-7e40-496c-8318-f67e436bde71,"{""contrib_count"": 2, ""answer_text_list"": []}",0,0,0,,11,4,4d3b1e615fd8e0a137a7a34740e304c8e073774db7a923262a1850bb9368823e,1,[0]
654,SFU_Articles/covid19/1413514447.txt,1413514447,1413514447.txt,6b64ff60f834433754ccf60a4ce6f447bab1a33da0e7a3df5e8cb3e5309b3b31,4602,b8ee8a69-8e8a-45d1-9ba9-5eeb153bf93c,covid_individual.IAA,232c33b9-b6e6-4998-842e-de7d509af18c,Consensus generated at 2021-03-23T030517,True,4ceaea8a-c59e-40cf-ae5e-30f4afc9e85d,NOT_FOUND,Individualv4.2,01.13.01,1,caea2dc0-84d1-44f9-b235-54ac327e16e2,"{""contrib_count"": 3, ""answer_text_list"": []}",0,0,0,,13,1,4d3b1e615fd8e0a137a7a34740e304c8e073774db7a923262a1850bb9368823e,1,[0]
1725,SFU_Articles/covid19/1413514447.txt,1413514447,1413514447.txt,6b64ff60f834433754ccf60a4ce6f447bab1a33da0e7a3df5e8cb3e5309b3b31,4602,b8ee8a69-8e8a-45d1-9ba9-5eeb153bf93c,covid_individual.IAA,5583cfc1-c5f5-49da-9611-9d3e365315fd,Copied from  227 (Denise Toor) at 2021-05-13T202205,True,4ceaea8a-c59e-40cf-ae5e-30f4afc9e85d,NOT_FOUND,Individualv4.2,01.01.01,0,6aec528a-d927-43bc-a317-2db0c4efd1b1,{},0,0,0,,1,1,4d3b1e615fd8e0a137a7a34740e304c8e073774db7a923262a1850bb9368823e,1,[0]
1726,SFU_Articles/covid19/1413514447.txt,1413514447,1413514447.txt,6b64ff60f834433754ccf60a4ce6f447bab1a33da0e7a3df5e8cb3e5309b3b31,4602,b8ee8a69-8e8a-45d1-9ba9-5eeb153bf93c,covid_individual.IAA,5583cfc1-c5f5-49da-9611-9d3e365315fd,Copied from  227 (Denise Toor) at 2021-05-13T202205,True,4ceaea8a-c59e-40cf-ae5e-30f4afc9e85d,NOT_FOUND,Individualv4.2,01.02.01,0,abd4d646-ec47-4d02-a05f-2bb6c16491c3,{},0,0,0,,2,1,4d3b1e615fd8e0a137a7a34740e304c8e073774db7a923262a1850bb9368823e,1,[0]
1727,SFU_Articles/covid19/1413514447.txt,1413514447,1413514447.txt,6b64ff60f834433754ccf60a4ce6f447bab1a33da0e7a3df5e8cb3e5309b3b31,4602,b8ee8a69-8e8a-45d1-9ba9-5eeb153bf93c,covid_individual.IAA,5583cfc1-c5f5-49da-9611-9d3e365315fd,Copied from  227 (Denise Toor) at 2021-05-13T202205,True,4ceaea8a-c59e-40cf-ae5e-30f4afc9e85d,NOT_FOUND,Individualv4.2,01.02.02,0,4e6a8b8a-d18e-4a46-9625-b73b61ff4dbf,{},0,0,0,,2,2,4d3b1e615fd8e0a137a7a34740e304c8e073774db7a923262a1850bb9368823e,1,[0]
1728,SFU_Articles/covid19/1413514447.txt,1413514447,1413514447.txt,6b64ff60f834433754ccf60a4ce6f447bab1a33da0e7a3df5e8cb3e5309b3b31,4602,b8ee8a69-8e8a-45d1-9ba9-5eeb153bf93c,covid_individual.IAA,5583cfc1-c5f5-49da-9611-9d3e365315fd,Copied from  227 (Denise Toor) at 2021-05-13T202205,True,4ceaea8a-c59e-40cf-ae5e-30f4afc9e85d,NOT_FOUND,Individualv4.2,01.03.03,1,b4c406c0-22f3-4296-8b7c-614b76138038,{},1,2733,2820,I was shocked on receiving the news of the kidnapping of my daughter and other students,3,3,4d3b1e615fd8e0a137a7a34740e304c8e073774db7a923262a1850bb9368823e,1,"[2733, 2734, 2735, 2736, 2737, 2738, 2739, 2740, 2741, 2742, 2743, 2744, 2745, 2746, 2747, 2748, 2749, 2750, 2751, 2752, 2753, 2754, 2755, 2756, 2757, 2758, 2759, 2760, 2761, 2762, 2763, 2764, 2765, 2766, 2767, 2768, 2769, 2770, 2771, 2772, 2773, 2774, 2775, 2776, 2777, 2778, 2779, 2780, 2781, 2782, 2783, 2784, 2785, 2786, 2787, 2788, 2789, 2790, 2791, 2792, 2793, 2794, 2795, 2796, 2797, 2798, 2799, 2800, 2801, 2802, 2803, 2804, 2805, 2806, 2807, 2808, 2809, 2810, 2811, 2812, 2813, 2814, 2815, 2816, 2817, 2818, 2819, 2820]"
1729,SFU_Articles/covid19/1413514447.txt,1413514447,1413514447.txt,6b64ff60f834433754ccf60a4ce6f447bab1a33da0e7a3df5e8cb3e5309b3b31,4602,b8ee8a69-8e8a-45d1-9ba9-5eeb153bf93c,covid_individual.IAA,5583cfc1-c5f5-49da-9611-9d3e365315fd,Copied from  227 (Denise Toor) at 2021-05-13T202205,True,4ceaea8a-c59e-40cf-ae5e-30f4afc9e85d,NOT_FOUND,Individualv4.2,01.04.01,1,42355c70-e92a-4d53-8f97-67301e38d055,{},1,2733,2820,I was shocked on receiving the news of the kidnapping of my daughter and other students,4,1,4d3b1e615fd8e0a137a7a34740e304c8e073774db7a923262a1850bb9368823e,1,"[2733, 2734, 2735, 2736, 2737, 2738, 2739, 2740, 2741, 2742, 2743, 2744, 2745, 2746, 2747, 2748, 2749, 2750, 2751, 2752, 2753, 2754, 2755, 2756, 2757, 2758, 2759, 2760, 2761, 2762, 2763, 2764, 2765, 2766, 2767, 2768, 2769, 2770, 2771, 2772, 2773, 2774, 2775, 2776, 2777, 2778, 2779, 2780, 2781, 2782, 2783, 2784, 2785, 2786, 2787, 2788, 2789, 2790, 2791, 2792, 2793, 2794, 2795, 2796, 2797, 2798, 2799, 2800, 2801, 2802, 2803, 2804, 2805, 2806, 2807, 2808, 2809, 2810, 2811, 2812, 2813, 2814, 2815, 2816, 2817, 2818, 2819, 2820]"
1730,SFU_Articles/covid19/1413514447.txt,1413514447,1413514447.txt,6b64ff60f834433754ccf60a4ce6f447bab1a33da0e7a3df5e8cb3e5309b3b31,4602,b8ee8a69-8e8a-45d1-9ba9-5eeb153bf93c,covid_individual.IAA,5583cfc1-c5f5-49da-9611-9d3e365315fd,Copied from  227 (Denise Toor) at 2021-05-13T202205,True,4ceaea8a-c59e-40cf-ae5e-30f4afc9e85d,NOT_FOUND,Individualv4.2,01.05.01,0,36f229bc-8390-45c8-88f6-b288ca3b21f6,{},0,0,0,,5,1,4d3b1e615fd8e0a137a7a34740e304c8e073774db7a923262a1850bb9368823e,1,[0]
1731,SFU_Articles/covid19/1413514447.txt,1413514447,1413514447.txt,6b64ff60f834433754ccf60a4ce6f447bab1a33da0e7a3df5e8cb3e5309b3b31,4602,b8ee8a69-8e8a-45d1-9ba9-5eeb153bf93c,covid_individual.IAA,5583cfc1-c5f5-49da-9611-9d3e365315fd,Copied from  227 (Denise Toor) at 2021-05-13T202205,True,4ceaea8a-c59e-40cf-ae5e-30f4afc9e85d,NOT_FOUND,Individualv4.2,01.11.04,0,8999b4be-7e40-496c-8318-f67e436bde71,{},0,0,0,,11,4,4d3b1e615fd8e0a137a7a34740e304c8e073774db7a923262a1850bb9368823e,1,[0]
1732,SFU_Articles/covid19/1413514447.txt,1413514447,1413514447.txt,6b64ff60f834433754ccf60a4ce6f447bab1a33da0e7a3df5e8cb3e5309b3b31,4602,b8ee8a69-8e8a-45d1-9ba9-5eeb153bf93c,covid_individual.IAA,5583cfc1-c5f5-49da-9611-9d3e365315fd,Copied from  227 (Denise Toor) at 2021-05-13T202205,True,4ceaea8a-c59e-40cf-ae5e-30f4afc9e85d,NOT_FOUND,Individualv4.2,01.12.06,0,0fba99d3-1e37-4626-85f2-6541d4bacbec,{},0,0,0,,12,6,4d3b1e615fd8e0a137a7a34740e304c8e073774db7a923262a1850bb9368823e,1,[0]
1733,SFU_Articles/covid19/1413514447.txt,1413514447,1413514447.txt,6b64ff60f834433754ccf60a4ce6f447bab1a33da0e7a3df5e8cb3e5309b3b31,4602,b8ee8a69-8e8a-45d1-9ba9-5eeb153bf93c,covid_individual.IAA,5583cfc1-c5f5-49da-9611-9d3e365315fd,Copied from  227 (Denise Toor) at 2021-05-13T202205,True,4ceaea8a-c59e-40cf-ae5e-30f4afc9e85d,NOT_FOUND,Individualv4.2,01.13.01,0,caea2dc0-84d1-44f9-b235-54ac327e16e2,{},0,0,0,,13,1,4d3b1e615fd8e0a137a7a34740e304c8e073774db7a923262a1850bb9368823e,1,[0]
