,article_batch_name,article_number,article_filename,article_sha256,article_text_length,tua_group_uuid,tua_group_name,tua_batch_uuid,tua_batch_name,tua_batch_final,source_task_uuid,tua_uuid,namespace,topic_name,case_number,answer_uuid,extra,highlight_count,start_pos,end_pos,target_text,question_Number,agreed_Answer,schema_sha256,agreement_score,highlighted_indices
661,SFU_Articles/covid19/1470555999.txt,1470555999,1470555999.txt,4455fdb8734311d8ea7425952f5f9bd441ff4aee739c9bbedc43342ec67886c6,18139,b8ee8a69-8e8a-45d1-9ba9-5eeb153bf93c,covid_individual.IAA,232c33b9-b6e6-4998-842e-de7d509af18c,Consensus generated at 2021-03-23T030517,True,922331ce-a5cb-4fbd-b1dc-5dd0e176ea60,NOT_FOUND,Individualv4.2,01.13.01,1,caea2dc0-84d1-44f9-b235-54ac327e16e2,"{""contrib_count"": 3, ""answer_text_list"": []}",0,0,0,,13,1,4d3b1e615fd8e0a137a7a34740e304c8e073774db7a923262a1850bb9368823e,1,[0]
2412,SFU_Articles/covid19/1470555999.txt,1470555999,1470555999.txt,4455fdb8734311d8ea7425952f5f9bd441ff4aee739c9bbedc43342ec67886c6,18139,b8ee8a69-8e8a-45d1-9ba9-5eeb153bf93c,covid_individual.IAA,5583cfc1-c5f5-49da-9611-9d3e365315fd,Copied from  227 (Denise Toor) at 2021-05-13T202205,True,922331ce-a5cb-4fbd-b1dc-5dd0e176ea60,NOT_FOUND,Individualv4.2,01.01.01,0,6aec528a-d927-43bc-a317-2db0c4efd1b1,{},0,0,0,,1,1,4d3b1e615fd8e0a137a7a34740e304c8e073774db7a923262a1850bb9368823e,1,[0]
2413,SFU_Articles/covid19/1470555999.txt,1470555999,1470555999.txt,4455fdb8734311d8ea7425952f5f9bd441ff4aee739c9bbedc43342ec67886c6,18139,b8ee8a69-8e8a-45d1-9ba9-5eeb153bf93c,covid_individual.IAA,5583cfc1-c5f5-49da-9611-9d3e365315fd,Copied from  227 (Denise Toor) at 2021-05-13T202205,True,922331ce-a5cb-4fbd-b1dc-5dd0e176ea60,NOT_FOUND,Individualv4.2,01.02.02,0,4e6a8b8a-d18e-4a46-9625-b73b61ff4dbf,{},0,0,0,,2,2,4d3b1e615fd8e0a137a7a34740e304c8e073774db7a923262a1850bb9368823e,1,[0]
2414,SFU_Articles/covid19/1470555999.txt,1470555999,1470555999.txt,4455fdb8734311d8ea7425952f5f9bd441ff4aee739c9bbedc43342ec67886c6,18139,b8ee8a69-8e8a-45d1-9ba9-5eeb153bf93c,covid_individual.IAA,5583cfc1-c5f5-49da-9611-9d3e365315fd,Copied from  227 (Denise Toor) at 2021-05-13T202205,True,922331ce-a5cb-4fbd-b1dc-5dd0e176ea60,NOT_FOUND,Individualv4.2,01.04.02,1,4b1f587b-7971-4e8c-b45d-001f6425642b,{},1,13264,13296,One can be cautiously optimistic,4,2,4d3b1e615fd8e0a137a7a34740e304c8e073774db7a923262a1850bb9368823e,1,"[13264, 13265, 13266, 13267, 13268, 13269, 13270, 13271, 13272, 13273, 13274, 13275, 13276, 13277, 13278, 13279, 13280, 13281, 13282, 13283, 13284, 13285, 13286, 13287, 13288, 13289, 13290, 13291, 13292, 13293, 13294, 13295, 13296]"
2415,SFU_Articles/covid19/1470555999.txt,1470555999,1470555999.txt,4455fdb8734311d8ea7425952f5f9bd441ff4aee739c9bbedc43342ec67886c6,18139,b8ee8a69-8e8a-45d1-9ba9-5eeb153bf93c,covid_individual.IAA,5583cfc1-c5f5-49da-9611-9d3e365315fd,Copied from  227 (Denise Toor) at 2021-05-13T202205,True,922331ce-a5cb-4fbd-b1dc-5dd0e176ea60,NOT_FOUND,Individualv4.2,01.06.02,0,d4e8d80f-33b4-42d5-823f-36c256a4338a,{},0,0,0,,6,2,4d3b1e615fd8e0a137a7a34740e304c8e073774db7a923262a1850bb9368823e,1,[0]
2416,SFU_Articles/covid19/1470555999.txt,1470555999,1470555999.txt,4455fdb8734311d8ea7425952f5f9bd441ff4aee739c9bbedc43342ec67886c6,18139,b8ee8a69-8e8a-45d1-9ba9-5eeb153bf93c,covid_individual.IAA,5583cfc1-c5f5-49da-9611-9d3e365315fd,Copied from  227 (Denise Toor) at 2021-05-13T202205,True,922331ce-a5cb-4fbd-b1dc-5dd0e176ea60,NOT_FOUND,Individualv4.2,01.11.03,0,ba2fa8c4-2530-4c81-9b4e-813cbb4fdbd5,{},0,0,0,,11,3,4d3b1e615fd8e0a137a7a34740e304c8e073774db7a923262a1850bb9368823e,1,[0]
2417,SFU_Articles/covid19/1470555999.txt,1470555999,1470555999.txt,4455fdb8734311d8ea7425952f5f9bd441ff4aee739c9bbedc43342ec67886c6,18139,b8ee8a69-8e8a-45d1-9ba9-5eeb153bf93c,covid_individual.IAA,5583cfc1-c5f5-49da-9611-9d3e365315fd,Copied from  227 (Denise Toor) at 2021-05-13T202205,True,922331ce-a5cb-4fbd-b1dc-5dd0e176ea60,NOT_FOUND,Individualv4.2,01.12.07,0,5199a929-1dd9-482c-98c7-656d91d55c8d,{},0,0,0,,12,7,4d3b1e615fd8e0a137a7a34740e304c8e073774db7a923262a1850bb9368823e,1,[0]
2418,SFU_Articles/covid19/1470555999.txt,1470555999,1470555999.txt,4455fdb8734311d8ea7425952f5f9bd441ff4aee739c9bbedc43342ec67886c6,18139,b8ee8a69-8e8a-45d1-9ba9-5eeb153bf93c,covid_individual.IAA,5583cfc1-c5f5-49da-9611-9d3e365315fd,Copied from  227 (Denise Toor) at 2021-05-13T202205,True,922331ce-a5cb-4fbd-b1dc-5dd0e176ea60,NOT_FOUND,Individualv4.2,01.13.01,0,caea2dc0-84d1-44f9-b235-54ac327e16e2,{},0,0,0,,13,1,4d3b1e615fd8e0a137a7a34740e304c8e073774db7a923262a1850bb9368823e,1,[0]
