,article_batch_name,article_number,article_filename,article_sha256,article_text_length,tua_group_uuid,tua_group_name,tua_batch_uuid,tua_batch_name,tua_batch_final,source_task_uuid,tua_uuid,namespace,topic_name,case_number,answer_uuid,extra,highlight_count,start_pos,end_pos,target_text,question_Number,agreed_Answer,schema_sha256,agreement_score,highlighted_indices
553,SFU_Articles/covid19/1470555999.txt,1470555999,1470555999.txt,4455fdb8734311d8ea7425952f5f9bd441ff4aee739c9bbedc43342ec67886c6,18139,b8ee8a69-8e8a-45d1-9ba9-5eeb153bf93c,covid_individual.IAA,232c33b9-b6e6-4998-842e-de7d509af18c,Consensus generated at 2021-03-23T030517,True,835b63ad-3440-4369-bcf4-022325b72c26,NOT_FOUND,Individualv4.2,01.02.05,1,9d2befd9-23ed-45b2-bee4-ad8ebd216771,"{""contrib_count"": 2, ""answer_text_list"": []}",0,0,0,,2,5,4d3b1e615fd8e0a137a7a34740e304c8e073774db7a923262a1850bb9368823e,1,[0]
554,SFU_Articles/covid19/1470555999.txt,1470555999,1470555999.txt,4455fdb8734311d8ea7425952f5f9bd441ff4aee739c9bbedc43342ec67886c6,18139,b8ee8a69-8e8a-45d1-9ba9-5eeb153bf93c,covid_individual.IAA,232c33b9-b6e6-4998-842e-de7d509af18c,Consensus generated at 2021-03-23T030517,True,835b63ad-3440-4369-bcf4-022325b72c26,NOT_FOUND,Individualv4.2,01.01.01,1,6aec528a-d927-43bc-a317-2db0c4efd1b1,"{""contrib_count"": 2, ""answer_text_list"": []}",0,0,0,,1,1,4d3b1e615fd8e0a137a7a34740e304c8e073774db7a923262a1850bb9368823e,1,[0]
555,SFU_Articles/covid19/1470555999.txt,1470555999,1470555999.txt,4455fdb8734311d8ea7425952f5f9bd441ff4aee739c9bbedc43342ec67886c6,18139,b8ee8a69-8e8a-45d1-9ba9-5eeb153bf93c,covid_individual.IAA,232c33b9-b6e6-4998-842e-de7d509af18c,Consensus generated at 2021-03-23T030517,True,835b63ad-3440-4369-bcf4-022325b72c26,NOT_FOUND,Individualv4.2,01.13.01,1,caea2dc0-84d1-44f9-b235-54ac327e16e2,"{""contrib_count"": 3, ""answer_text_list"": []}",0,0,0,,13,1,4d3b1e615fd8e0a137a7a34740e304c8e073774db7a923262a1850bb9368823e,1,[0]
556,SFU_Articles/covid19/1470555999.txt,1470555999,1470555999.txt,4455fdb8734311d8ea7425952f5f9bd441ff4aee739c9bbedc43342ec67886c6,18139,b8ee8a69-8e8a-45d1-9ba9-5eeb153bf93c,covid_individual.IAA,232c33b9-b6e6-4998-842e-de7d509af18c,Consensus generated at 2021-03-23T030517,True,835b63ad-3440-4369-bcf4-022325b72c26,NOT_FOUND,Individualv4.2,01.09.07,1,7c7c67d6-564c-4757-8b07-64d1fd6705c7,"{""contrib_count"": 2, ""answer_text_list"": []}",1,13338,13358,as I mentioned above,9,7,4d3b1e615fd8e0a137a7a34740e304c8e073774db7a923262a1850bb9368823e,1,"[13338, 13339, 13340, 13341, 13342, 13343, 13344, 13345, 13346, 13347, 13348, 13349, 13350, 13351, 13352, 13353, 13354, 13355, 13356, 13357, 13358]"
2419,SFU_Articles/covid19/1470555999.txt,1470555999,1470555999.txt,4455fdb8734311d8ea7425952f5f9bd441ff4aee739c9bbedc43342ec67886c6,18139,b8ee8a69-8e8a-45d1-9ba9-5eeb153bf93c,covid_individual.IAA,5583cfc1-c5f5-49da-9611-9d3e365315fd,Copied from  227 (Denise Toor) at 2021-05-13T202205,True,835b63ad-3440-4369-bcf4-022325b72c26,NOT_FOUND,Individualv4.2,01.01.01,0,6aec528a-d927-43bc-a317-2db0c4efd1b1,{},0,0,0,,1,1,4d3b1e615fd8e0a137a7a34740e304c8e073774db7a923262a1850bb9368823e,1,[0]
2420,SFU_Articles/covid19/1470555999.txt,1470555999,1470555999.txt,4455fdb8734311d8ea7425952f5f9bd441ff4aee739c9bbedc43342ec67886c6,18139,b8ee8a69-8e8a-45d1-9ba9-5eeb153bf93c,covid_individual.IAA,5583cfc1-c5f5-49da-9611-9d3e365315fd,Copied from  227 (Denise Toor) at 2021-05-13T202205,True,835b63ad-3440-4369-bcf4-022325b72c26,NOT_FOUND,Individualv4.2,01.02.05,0,9d2befd9-23ed-45b2-bee4-ad8ebd216771,{},0,0,0,,2,5,4d3b1e615fd8e0a137a7a34740e304c8e073774db7a923262a1850bb9368823e,1,[0]
2421,SFU_Articles/covid19/1470555999.txt,1470555999,1470555999.txt,4455fdb8734311d8ea7425952f5f9bd441ff4aee739c9bbedc43342ec67886c6,18139,b8ee8a69-8e8a-45d1-9ba9-5eeb153bf93c,covid_individual.IAA,5583cfc1-c5f5-49da-9611-9d3e365315fd,Copied from  227 (Denise Toor) at 2021-05-13T202205,True,835b63ad-3440-4369-bcf4-022325b72c26,NOT_FOUND,Individualv4.2,01.11.02,0,997840d1-4eca-472f-b61a-9d2f57a7de97,{},0,0,0,,11,2,4d3b1e615fd8e0a137a7a34740e304c8e073774db7a923262a1850bb9368823e,1,[0]
2422,SFU_Articles/covid19/1470555999.txt,1470555999,1470555999.txt,4455fdb8734311d8ea7425952f5f9bd441ff4aee739c9bbedc43342ec67886c6,18139,b8ee8a69-8e8a-45d1-9ba9-5eeb153bf93c,covid_individual.IAA,5583cfc1-c5f5-49da-9611-9d3e365315fd,Copied from  227 (Denise Toor) at 2021-05-13T202205,True,835b63ad-3440-4369-bcf4-022325b72c26,NOT_FOUND,Individualv4.2,01.12.08,0,af46deac-d0f7-49a6-b594-d8d44b54088e,{},0,0,0,,12,8,4d3b1e615fd8e0a137a7a34740e304c8e073774db7a923262a1850bb9368823e,1,[0]
2423,SFU_Articles/covid19/1470555999.txt,1470555999,1470555999.txt,4455fdb8734311d8ea7425952f5f9bd441ff4aee739c9bbedc43342ec67886c6,18139,b8ee8a69-8e8a-45d1-9ba9-5eeb153bf93c,covid_individual.IAA,5583cfc1-c5f5-49da-9611-9d3e365315fd,Copied from  227 (Denise Toor) at 2021-05-13T202205,True,835b63ad-3440-4369-bcf4-022325b72c26,NOT_FOUND,Individualv4.2,01.13.01,0,caea2dc0-84d1-44f9-b235-54ac327e16e2,{},0,0,0,,13,1,4d3b1e615fd8e0a137a7a34740e304c8e073774db7a923262a1850bb9368823e,1,[0]
