,article_batch_name,article_number,article_filename,article_sha256,article_text_length,tua_group_uuid,tua_group_name,tua_batch_uuid,tua_batch_name,tua_batch_final,source_task_uuid,tua_uuid,namespace,topic_name,case_number,answer_uuid,extra,highlight_count,start_pos,end_pos,target_text,question_Number,agreed_Answer,schema_sha256,agreement_score,highlighted_indices
148,SFU_Articles/covid19/1398026513.txt,1398026513,1398026513.txt,219534898ed4e4ac54177b4b86cd8d9ddd43d6e0bc90f1909fc70921530de363,11375,b8ee8a69-8e8a-45d1-9ba9-5eeb153bf93c,covid_individual.IAA,232c33b9-b6e6-4998-842e-de7d509af18c,Consensus generated at 2021-03-23T030517,True,500c6098-3b88-4a67-9e1c-060634b230cf,NOT_FOUND,Individualv4.2,01.02.02,1,4e6a8b8a-d18e-4a46-9625-b73b61ff4dbf,"{""contrib_count"": 2, ""answer_text_list"": []}",0,0,0,,2,2,4d3b1e615fd8e0a137a7a34740e304c8e073774db7a923262a1850bb9368823e,1,[0]
149,SFU_Articles/covid19/1398026513.txt,1398026513,1398026513.txt,219534898ed4e4ac54177b4b86cd8d9ddd43d6e0bc90f1909fc70921530de363,11375,b8ee8a69-8e8a-45d1-9ba9-5eeb153bf93c,covid_individual.IAA,232c33b9-b6e6-4998-842e-de7d509af18c,Consensus generated at 2021-03-23T030517,True,500c6098-3b88-4a67-9e1c-060634b230cf,NOT_FOUND,Individualv4.2,01.04.01,1,42355c70-e92a-4d53-8f97-67301e38d055,"{""contrib_count"": 2, ""answer_text_list"": []}",1,412,428,very real threat,4,1,4d3b1e615fd8e0a137a7a34740e304c8e073774db7a923262a1850bb9368823e,1,"[412, 413, 414, 415, 416, 417, 418, 419, 420, 421, 422, 423, 424, 425, 426, 427, 428]"
150,SFU_Articles/covid19/1398026513.txt,1398026513,1398026513.txt,219534898ed4e4ac54177b4b86cd8d9ddd43d6e0bc90f1909fc70921530de363,11375,b8ee8a69-8e8a-45d1-9ba9-5eeb153bf93c,covid_individual.IAA,232c33b9-b6e6-4998-842e-de7d509af18c,Consensus generated at 2021-03-23T030517,True,500c6098-3b88-4a67-9e1c-060634b230cf,NOT_FOUND,Individualv4.2,01.13.01,1,caea2dc0-84d1-44f9-b235-54ac327e16e2,"{""contrib_count"": 3, ""answer_text_list"": []}",0,0,0,,13,1,4d3b1e615fd8e0a137a7a34740e304c8e073774db7a923262a1850bb9368823e,1,[0]
151,SFU_Articles/covid19/1398026513.txt,1398026513,1398026513.txt,219534898ed4e4ac54177b4b86cd8d9ddd43d6e0bc90f1909fc70921530de363,11375,b8ee8a69-8e8a-45d1-9ba9-5eeb153bf93c,covid_individual.IAA,232c33b9-b6e6-4998-842e-de7d509af18c,Consensus generated at 2021-03-23T030517,True,500c6098-3b88-4a67-9e1c-060634b230cf,NOT_FOUND,Individualv4.2,01.11.04,1,8999b4be-7e40-496c-8318-f67e436bde71,"{""contrib_count"": 2, ""answer_text_list"": []}",0,0,0,,11,4,4d3b1e615fd8e0a137a7a34740e304c8e073774db7a923262a1850bb9368823e,1,[0]
152,SFU_Articles/covid19/1398026513.txt,1398026513,1398026513.txt,219534898ed4e4ac54177b4b86cd8d9ddd43d6e0bc90f1909fc70921530de363,11375,b8ee8a69-8e8a-45d1-9ba9-5eeb153bf93c,covid_individual.IAA,232c33b9-b6e6-4998-842e-de7d509af18c,Consensus generated at 2021-03-23T030517,True,500c6098-3b88-4a67-9e1c-060634b230cf,NOT_FOUND,Individualv4.2,01.05.02,1,ee608c04-0fe7-496a-9527-3ba3d92396fa,"{""contrib_count"": 2, ""answer_text_list"": []}",0,0,0,,5,2,4d3b1e615fd8e0a137a7a34740e304c8e073774db7a923262a1850bb9368823e,1,[0]
1537,SFU_Articles/covid19/1398026513.txt,1398026513,1398026513.txt,219534898ed4e4ac54177b4b86cd8d9ddd43d6e0bc90f1909fc70921530de363,11375,b8ee8a69-8e8a-45d1-9ba9-5eeb153bf93c,covid_individual.IAA,5583cfc1-c5f5-49da-9611-9d3e365315fd,Copied from  227 (Denise Toor) at 2021-05-13T202205,True,500c6098-3b88-4a67-9e1c-060634b230cf,NOT_FOUND,Individualv4.2,01.01.01,0,6aec528a-d927-43bc-a317-2db0c4efd1b1,{},0,0,0,,1,1,4d3b1e615fd8e0a137a7a34740e304c8e073774db7a923262a1850bb9368823e,1,[0]
1538,SFU_Articles/covid19/1398026513.txt,1398026513,1398026513.txt,219534898ed4e4ac54177b4b86cd8d9ddd43d6e0bc90f1909fc70921530de363,11375,b8ee8a69-8e8a-45d1-9ba9-5eeb153bf93c,covid_individual.IAA,5583cfc1-c5f5-49da-9611-9d3e365315fd,Copied from  227 (Denise Toor) at 2021-05-13T202205,True,500c6098-3b88-4a67-9e1c-060634b230cf,NOT_FOUND,Individualv4.2,01.02.05,0,9d2befd9-23ed-45b2-bee4-ad8ebd216771,{},0,0,0,,2,5,4d3b1e615fd8e0a137a7a34740e304c8e073774db7a923262a1850bb9368823e,1,[0]
1539,SFU_Articles/covid19/1398026513.txt,1398026513,1398026513.txt,219534898ed4e4ac54177b4b86cd8d9ddd43d6e0bc90f1909fc70921530de363,11375,b8ee8a69-8e8a-45d1-9ba9-5eeb153bf93c,covid_individual.IAA,5583cfc1-c5f5-49da-9611-9d3e365315fd,Copied from  227 (Denise Toor) at 2021-05-13T202205,True,500c6098-3b88-4a67-9e1c-060634b230cf,NOT_FOUND,Individualv4.2,01.02.02,0,4e6a8b8a-d18e-4a46-9625-b73b61ff4dbf,{},0,0,0,,2,2,4d3b1e615fd8e0a137a7a34740e304c8e073774db7a923262a1850bb9368823e,1,[0]
1540,SFU_Articles/covid19/1398026513.txt,1398026513,1398026513.txt,219534898ed4e4ac54177b4b86cd8d9ddd43d6e0bc90f1909fc70921530de363,11375,b8ee8a69-8e8a-45d1-9ba9-5eeb153bf93c,covid_individual.IAA,5583cfc1-c5f5-49da-9611-9d3e365315fd,Copied from  227 (Denise Toor) at 2021-05-13T202205,True,500c6098-3b88-4a67-9e1c-060634b230cf,NOT_FOUND,Individualv4.2,01.05.02,0,ee608c04-0fe7-496a-9527-3ba3d92396fa,{},0,0,0,,5,2,4d3b1e615fd8e0a137a7a34740e304c8e073774db7a923262a1850bb9368823e,1,[0]
1541,SFU_Articles/covid19/1398026513.txt,1398026513,1398026513.txt,219534898ed4e4ac54177b4b86cd8d9ddd43d6e0bc90f1909fc70921530de363,11375,b8ee8a69-8e8a-45d1-9ba9-5eeb153bf93c,covid_individual.IAA,5583cfc1-c5f5-49da-9611-9d3e365315fd,Copied from  227 (Denise Toor) at 2021-05-13T202205,True,500c6098-3b88-4a67-9e1c-060634b230cf,NOT_FOUND,Individualv4.2,01.09.01,1,1fb8bef7-274f-41a8-83e2-0d67d27759a8,{},1,356,428,United Nations secretary-general warns that there is a \u201cvery real threat,9,1,4d3b1e615fd8e0a137a7a34740e304c8e073774db7a923262a1850bb9368823e,1,"[356, 357, 358, 359, 360, 361, 362, 363, 364, 365, 366, 367, 368, 369, 370, 371, 372, 373, 374, 375, 376, 377, 378, 379, 380, 381, 382, 383, 384, 385, 386, 387, 388, 389, 390, 391, 392, 393, 394, 395, 396, 397, 398, 399, 400, 401, 402, 403, 404, 405, 406, 407, 408, 409, 410, 411, 412, 413, 414, 415, 416, 417, 418, 419, 420, 421, 422, 423, 424, 425, 426, 427, 428]"
1542,SFU_Articles/covid19/1398026513.txt,1398026513,1398026513.txt,219534898ed4e4ac54177b4b86cd8d9ddd43d6e0bc90f1909fc70921530de363,11375,b8ee8a69-8e8a-45d1-9ba9-5eeb153bf93c,covid_individual.IAA,5583cfc1-c5f5-49da-9611-9d3e365315fd,Copied from  227 (Denise Toor) at 2021-05-13T202205,True,500c6098-3b88-4a67-9e1c-060634b230cf,NOT_FOUND,Individualv4.2,01.11.04,0,8999b4be-7e40-496c-8318-f67e436bde71,{},0,0,0,,11,4,4d3b1e615fd8e0a137a7a34740e304c8e073774db7a923262a1850bb9368823e,1,[0]
1543,SFU_Articles/covid19/1398026513.txt,1398026513,1398026513.txt,219534898ed4e4ac54177b4b86cd8d9ddd43d6e0bc90f1909fc70921530de363,11375,b8ee8a69-8e8a-45d1-9ba9-5eeb153bf93c,covid_individual.IAA,5583cfc1-c5f5-49da-9611-9d3e365315fd,Copied from  227 (Denise Toor) at 2021-05-13T202205,True,500c6098-3b88-4a67-9e1c-060634b230cf,NOT_FOUND,Individualv4.2,01.12.07,0,5199a929-1dd9-482c-98c7-656d91d55c8d,{},0,0,0,,12,7,4d3b1e615fd8e0a137a7a34740e304c8e073774db7a923262a1850bb9368823e,1,[0]
1544,SFU_Articles/covid19/1398026513.txt,1398026513,1398026513.txt,219534898ed4e4ac54177b4b86cd8d9ddd43d6e0bc90f1909fc70921530de363,11375,b8ee8a69-8e8a-45d1-9ba9-5eeb153bf93c,covid_individual.IAA,5583cfc1-c5f5-49da-9611-9d3e365315fd,Copied from  227 (Denise Toor) at 2021-05-13T202205,True,500c6098-3b88-4a67-9e1c-060634b230cf,NOT_FOUND,Individualv4.2,01.13.01,0,caea2dc0-84d1-44f9-b235-54ac327e16e2,{},0,0,0,,13,1,4d3b1e615fd8e0a137a7a34740e304c8e073774db7a923262a1850bb9368823e,1,[0]
