,article_batch_name,article_number,article_filename,article_sha256,article_text_length,tua_group_uuid,tua_group_name,tua_batch_uuid,tua_batch_name,tua_batch_final,source_task_uuid,tua_uuid,namespace,topic_name,case_number,answer_uuid,extra,highlight_count,start_pos,end_pos,target_text,question_Number,agreed_Answer,schema_sha256,agreement_score,highlighted_indices
573,SFU_Articles/covid19/1472611315.txt,1472611315,1472611315.txt,b04b411e0c3f100bbea9bf6e468a15627711da4651f15a24840c803dcfec3ae3,18006,b8ee8a69-8e8a-45d1-9ba9-5eeb153bf93c,covid_individual.IAA,232c33b9-b6e6-4998-842e-de7d509af18c,Consensus generated at 2021-03-23T030517,True,b0cab80b-753e-4925-989a-af9db26482ba,NOT_FOUND,Individualv4.2,01.02.05,1,9d2befd9-23ed-45b2-bee4-ad8ebd216771,"{""contrib_count"": 2, ""answer_text_list"": []}",0,0,0,,2,5,4d3b1e615fd8e0a137a7a34740e304c8e073774db7a923262a1850bb9368823e,1,[0]
574,SFU_Articles/covid19/1472611315.txt,1472611315,1472611315.txt,b04b411e0c3f100bbea9bf6e468a15627711da4651f15a24840c803dcfec3ae3,18006,b8ee8a69-8e8a-45d1-9ba9-5eeb153bf93c,covid_individual.IAA,232c33b9-b6e6-4998-842e-de7d509af18c,Consensus generated at 2021-03-23T030517,True,b0cab80b-753e-4925-989a-af9db26482ba,NOT_FOUND,Individualv4.2,01.01.01,1,6aec528a-d927-43bc-a317-2db0c4efd1b1,"{""contrib_count"": 2, ""answer_text_list"": []}",0,0,0,,1,1,4d3b1e615fd8e0a137a7a34740e304c8e073774db7a923262a1850bb9368823e,1,[0]
575,SFU_Articles/covid19/1472611315.txt,1472611315,1472611315.txt,b04b411e0c3f100bbea9bf6e468a15627711da4651f15a24840c803dcfec3ae3,18006,b8ee8a69-8e8a-45d1-9ba9-5eeb153bf93c,covid_individual.IAA,232c33b9-b6e6-4998-842e-de7d509af18c,Consensus generated at 2021-03-23T030517,True,b0cab80b-753e-4925-989a-af9db26482ba,NOT_FOUND,Individualv4.2,01.13.01,1,caea2dc0-84d1-44f9-b235-54ac327e16e2,"{""contrib_count"": 3, ""answer_text_list"": []}",0,0,0,,13,1,4d3b1e615fd8e0a137a7a34740e304c8e073774db7a923262a1850bb9368823e,1,[0]
576,SFU_Articles/covid19/1472611315.txt,1472611315,1472611315.txt,b04b411e0c3f100bbea9bf6e468a15627711da4651f15a24840c803dcfec3ae3,18006,b8ee8a69-8e8a-45d1-9ba9-5eeb153bf93c,covid_individual.IAA,232c33b9-b6e6-4998-842e-de7d509af18c,Consensus generated at 2021-03-23T030517,True,b0cab80b-753e-4925-989a-af9db26482ba,NOT_FOUND,Individualv4.2,01.09.07,1,7c7c67d6-564c-4757-8b07-64d1fd6705c7,"{""contrib_count"": 2, ""answer_text_list"": []}",1,5039,5077,"In EPIO, I call this a rollback effect",9,7,4d3b1e615fd8e0a137a7a34740e304c8e073774db7a923262a1850bb9368823e,1,"[5039, 5040, 5041, 5042, 5043, 5044, 5045, 5046, 5047, 5048, 5049, 5050, 5051, 5052, 5053, 5054, 5055, 5056, 5057, 5058, 5059, 5060, 5061, 5062, 5063, 5064, 5065, 5066, 5067, 5068, 5069, 5070, 5071, 5072, 5073, 5074, 5075, 5076, 5077]"
2507,SFU_Articles/covid19/1472611315.txt,1472611315,1472611315.txt,b04b411e0c3f100bbea9bf6e468a15627711da4651f15a24840c803dcfec3ae3,18006,b8ee8a69-8e8a-45d1-9ba9-5eeb153bf93c,covid_individual.IAA,5583cfc1-c5f5-49da-9611-9d3e365315fd,Copied from  227 (Denise Toor) at 2021-05-13T202205,True,b0cab80b-753e-4925-989a-af9db26482ba,NOT_FOUND,Individualv4.2,01.01.01,0,6aec528a-d927-43bc-a317-2db0c4efd1b1,{},0,0,0,,1,1,4d3b1e615fd8e0a137a7a34740e304c8e073774db7a923262a1850bb9368823e,1,[0]
2508,SFU_Articles/covid19/1472611315.txt,1472611315,1472611315.txt,b04b411e0c3f100bbea9bf6e468a15627711da4651f15a24840c803dcfec3ae3,18006,b8ee8a69-8e8a-45d1-9ba9-5eeb153bf93c,covid_individual.IAA,5583cfc1-c5f5-49da-9611-9d3e365315fd,Copied from  227 (Denise Toor) at 2021-05-13T202205,True,b0cab80b-753e-4925-989a-af9db26482ba,NOT_FOUND,Individualv4.2,01.02.05,0,9d2befd9-23ed-45b2-bee4-ad8ebd216771,{},0,0,0,,2,5,4d3b1e615fd8e0a137a7a34740e304c8e073774db7a923262a1850bb9368823e,1,[0]
2509,SFU_Articles/covid19/1472611315.txt,1472611315,1472611315.txt,b04b411e0c3f100bbea9bf6e468a15627711da4651f15a24840c803dcfec3ae3,18006,b8ee8a69-8e8a-45d1-9ba9-5eeb153bf93c,covid_individual.IAA,5583cfc1-c5f5-49da-9611-9d3e365315fd,Copied from  227 (Denise Toor) at 2021-05-13T202205,True,b0cab80b-753e-4925-989a-af9db26482ba,NOT_FOUND,Individualv4.2,01.11.03,0,ba2fa8c4-2530-4c81-9b4e-813cbb4fdbd5,{},0,0,0,,11,3,4d3b1e615fd8e0a137a7a34740e304c8e073774db7a923262a1850bb9368823e,1,[0]
2510,SFU_Articles/covid19/1472611315.txt,1472611315,1472611315.txt,b04b411e0c3f100bbea9bf6e468a15627711da4651f15a24840c803dcfec3ae3,18006,b8ee8a69-8e8a-45d1-9ba9-5eeb153bf93c,covid_individual.IAA,5583cfc1-c5f5-49da-9611-9d3e365315fd,Copied from  227 (Denise Toor) at 2021-05-13T202205,True,b0cab80b-753e-4925-989a-af9db26482ba,NOT_FOUND,Individualv4.2,01.12.08,0,af46deac-d0f7-49a6-b594-d8d44b54088e,{},0,0,0,,12,8,4d3b1e615fd8e0a137a7a34740e304c8e073774db7a923262a1850bb9368823e,1,[0]
2511,SFU_Articles/covid19/1472611315.txt,1472611315,1472611315.txt,b04b411e0c3f100bbea9bf6e468a15627711da4651f15a24840c803dcfec3ae3,18006,b8ee8a69-8e8a-45d1-9ba9-5eeb153bf93c,covid_individual.IAA,5583cfc1-c5f5-49da-9611-9d3e365315fd,Copied from  227 (Denise Toor) at 2021-05-13T202205,True,b0cab80b-753e-4925-989a-af9db26482ba,NOT_FOUND,Individualv4.2,01.13.01,0,caea2dc0-84d1-44f9-b235-54ac327e16e2,{},0,0,0,,13,1,4d3b1e615fd8e0a137a7a34740e304c8e073774db7a923262a1850bb9368823e,1,[0]
