,article_batch_name,article_number,article_filename,article_sha256,article_text_length,tua_group_uuid,tua_group_name,tua_batch_uuid,tua_batch_name,tua_batch_final,source_task_uuid,tua_uuid,namespace,topic_name,case_number,answer_uuid,extra,highlight_count,start_pos,end_pos,target_text,question_Number,agreed_Answer,schema_sha256,agreement_score,highlighted_indices
725,SFU_Articles/covid19/1413514447.txt,1413514447,1413514447.txt,6b64ff60f834433754ccf60a4ce6f447bab1a33da0e7a3df5e8cb3e5309b3b31,4602,b8ee8a69-8e8a-45d1-9ba9-5eeb153bf93c,covid_individual.IAA,232c33b9-b6e6-4998-842e-de7d509af18c,Consensus generated at 2021-03-23T030517,True,a314f21d-9918-461a-b3e3-1dc7c389c5d5,NOT_FOUND,Individualv4.2,01.02.05,1,9d2befd9-23ed-45b2-bee4-ad8ebd216771,"{""contrib_count"": 2, ""answer_text_list"": []}",0,0,0,,2,5,4d3b1e615fd8e0a137a7a34740e304c8e073774db7a923262a1850bb9368823e,1,[0]
726,SFU_Articles/covid19/1413514447.txt,1413514447,1413514447.txt,6b64ff60f834433754ccf60a4ce6f447bab1a33da0e7a3df5e8cb3e5309b3b31,4602,b8ee8a69-8e8a-45d1-9ba9-5eeb153bf93c,covid_individual.IAA,232c33b9-b6e6-4998-842e-de7d509af18c,Consensus generated at 2021-03-23T030517,True,a314f21d-9918-461a-b3e3-1dc7c389c5d5,NOT_FOUND,Individualv4.2,01.09.01,1,1fb8bef7-274f-41a8-83e2-0d67d27759a8,"{""contrib_count"": 2, ""answer_text_list"": []}",1,3379,3393,Nasir el-Rufai,9,1,4d3b1e615fd8e0a137a7a34740e304c8e073774db7a923262a1850bb9368823e,1,"[3379, 3380, 3381, 3382, 3383, 3384, 3385, 3386, 3387, 3388, 3389, 3390, 3391, 3392, 3393]"
727,SFU_Articles/covid19/1413514447.txt,1413514447,1413514447.txt,6b64ff60f834433754ccf60a4ce6f447bab1a33da0e7a3df5e8cb3e5309b3b31,4602,b8ee8a69-8e8a-45d1-9ba9-5eeb153bf93c,covid_individual.IAA,232c33b9-b6e6-4998-842e-de7d509af18c,Consensus generated at 2021-03-23T030517,True,a314f21d-9918-461a-b3e3-1dc7c389c5d5,NOT_FOUND,Individualv4.2,01.12.06,1,0fba99d3-1e37-4626-85f2-6541d4bacbec,"{""contrib_count"": 2, ""answer_text_list"": []}",0,0,0,,12,6,4d3b1e615fd8e0a137a7a34740e304c8e073774db7a923262a1850bb9368823e,1,[0]
728,SFU_Articles/covid19/1413514447.txt,1413514447,1413514447.txt,6b64ff60f834433754ccf60a4ce6f447bab1a33da0e7a3df5e8cb3e5309b3b31,4602,b8ee8a69-8e8a-45d1-9ba9-5eeb153bf93c,covid_individual.IAA,232c33b9-b6e6-4998-842e-de7d509af18c,Consensus generated at 2021-03-23T030517,True,a314f21d-9918-461a-b3e3-1dc7c389c5d5,NOT_FOUND,Individualv4.2,01.13.01,1,caea2dc0-84d1-44f9-b235-54ac327e16e2,"{""contrib_count"": 3, ""answer_text_list"": []}",0,0,0,,13,1,4d3b1e615fd8e0a137a7a34740e304c8e073774db7a923262a1850bb9368823e,1,[0]
729,SFU_Articles/covid19/1413514447.txt,1413514447,1413514447.txt,6b64ff60f834433754ccf60a4ce6f447bab1a33da0e7a3df5e8cb3e5309b3b31,4602,b8ee8a69-8e8a-45d1-9ba9-5eeb153bf93c,covid_individual.IAA,232c33b9-b6e6-4998-842e-de7d509af18c,Consensus generated at 2021-03-23T030517,True,a314f21d-9918-461a-b3e3-1dc7c389c5d5,NOT_FOUND,Individualv4.2,01.11.04,1,8999b4be-7e40-496c-8318-f67e436bde71,"{""contrib_count"": 2, ""answer_text_list"": []}",0,0,0,,11,4,4d3b1e615fd8e0a137a7a34740e304c8e073774db7a923262a1850bb9368823e,1,[0]
1760,SFU_Articles/covid19/1413514447.txt,1413514447,1413514447.txt,6b64ff60f834433754ccf60a4ce6f447bab1a33da0e7a3df5e8cb3e5309b3b31,4602,b8ee8a69-8e8a-45d1-9ba9-5eeb153bf93c,covid_individual.IAA,5583cfc1-c5f5-49da-9611-9d3e365315fd,Copied from  227 (Denise Toor) at 2021-05-13T202205,True,a314f21d-9918-461a-b3e3-1dc7c389c5d5,NOT_FOUND,Individualv4.2,01.01.01,0,6aec528a-d927-43bc-a317-2db0c4efd1b1,{},0,0,0,,1,1,4d3b1e615fd8e0a137a7a34740e304c8e073774db7a923262a1850bb9368823e,1,[0]
1761,SFU_Articles/covid19/1413514447.txt,1413514447,1413514447.txt,6b64ff60f834433754ccf60a4ce6f447bab1a33da0e7a3df5e8cb3e5309b3b31,4602,b8ee8a69-8e8a-45d1-9ba9-5eeb153bf93c,covid_individual.IAA,5583cfc1-c5f5-49da-9611-9d3e365315fd,Copied from  227 (Denise Toor) at 2021-05-13T202205,True,a314f21d-9918-461a-b3e3-1dc7c389c5d5,NOT_FOUND,Individualv4.2,01.02.05,0,9d2befd9-23ed-45b2-bee4-ad8ebd216771,{},0,0,0,,2,5,4d3b1e615fd8e0a137a7a34740e304c8e073774db7a923262a1850bb9368823e,1,[0]
1762,SFU_Articles/covid19/1413514447.txt,1413514447,1413514447.txt,6b64ff60f834433754ccf60a4ce6f447bab1a33da0e7a3df5e8cb3e5309b3b31,4602,b8ee8a69-8e8a-45d1-9ba9-5eeb153bf93c,covid_individual.IAA,5583cfc1-c5f5-49da-9611-9d3e365315fd,Copied from  227 (Denise Toor) at 2021-05-13T202205,True,a314f21d-9918-461a-b3e3-1dc7c389c5d5,NOT_FOUND,Individualv4.2,01.11.04,0,8999b4be-7e40-496c-8318-f67e436bde71,{},0,0,0,,11,4,4d3b1e615fd8e0a137a7a34740e304c8e073774db7a923262a1850bb9368823e,1,[0]
1763,SFU_Articles/covid19/1413514447.txt,1413514447,1413514447.txt,6b64ff60f834433754ccf60a4ce6f447bab1a33da0e7a3df5e8cb3e5309b3b31,4602,b8ee8a69-8e8a-45d1-9ba9-5eeb153bf93c,covid_individual.IAA,5583cfc1-c5f5-49da-9611-9d3e365315fd,Copied from  227 (Denise Toor) at 2021-05-13T202205,True,a314f21d-9918-461a-b3e3-1dc7c389c5d5,NOT_FOUND,Individualv4.2,01.12.06,0,0fba99d3-1e37-4626-85f2-6541d4bacbec,{},0,0,0,,12,6,4d3b1e615fd8e0a137a7a34740e304c8e073774db7a923262a1850bb9368823e,1,[0]
1764,SFU_Articles/covid19/1413514447.txt,1413514447,1413514447.txt,6b64ff60f834433754ccf60a4ce6f447bab1a33da0e7a3df5e8cb3e5309b3b31,4602,b8ee8a69-8e8a-45d1-9ba9-5eeb153bf93c,covid_individual.IAA,5583cfc1-c5f5-49da-9611-9d3e365315fd,Copied from  227 (Denise Toor) at 2021-05-13T202205,True,a314f21d-9918-461a-b3e3-1dc7c389c5d5,NOT_FOUND,Individualv4.2,01.13.01,0,caea2dc0-84d1-44f9-b235-54ac327e16e2,{},0,0,0,,13,1,4d3b1e615fd8e0a137a7a34740e304c8e073774db7a923262a1850bb9368823e,1,[0]
