,article_batch_name,article_number,article_filename,article_sha256,article_text_length,tua_group_uuid,tua_group_name,tua_batch_uuid,tua_batch_name,tua_batch_final,source_task_uuid,tua_uuid,namespace,topic_name,case_number,answer_uuid,extra,highlight_count,start_pos,end_pos,target_text,question_Number,agreed_Answer,schema_sha256,agreement_score,highlighted_indices
229,SFU_Articles/covid19/1474151429.txt,1474151429,1474151429.txt,efd79e84764d2ed083c019749612dc8076a7264ad20473a9f8e99c540f445056,9795,b8ee8a69-8e8a-45d1-9ba9-5eeb153bf93c,covid_individual.IAA,232c33b9-b6e6-4998-842e-de7d509af18c,Consensus generated at 2021-03-23T030517,True,53f134d0-e29c-4f3c-b64d-862b66a1e9f6,NOT_FOUND,Individualv4.2,01.02.01,1,abd4d646-ec47-4d02-a05f-2bb6c16491c3,"{""contrib_count"": 3, ""answer_text_list"": []}",0,0,0,,2,1,4d3b1e615fd8e0a137a7a34740e304c8e073774db7a923262a1850bb9368823e,1,[0]
230,SFU_Articles/covid19/1474151429.txt,1474151429,1474151429.txt,efd79e84764d2ed083c019749612dc8076a7264ad20473a9f8e99c540f445056,9795,b8ee8a69-8e8a-45d1-9ba9-5eeb153bf93c,covid_individual.IAA,232c33b9-b6e6-4998-842e-de7d509af18c,Consensus generated at 2021-03-23T030517,True,53f134d0-e29c-4f3c-b64d-862b66a1e9f6,NOT_FOUND,Individualv4.2,01.11.02,1,997840d1-4eca-472f-b61a-9d2f57a7de97,"{""contrib_count"": 2, ""answer_text_list"": []}",0,0,0,,11,2,4d3b1e615fd8e0a137a7a34740e304c8e073774db7a923262a1850bb9368823e,1,[0]
231,SFU_Articles/covid19/1474151429.txt,1474151429,1474151429.txt,efd79e84764d2ed083c019749612dc8076a7264ad20473a9f8e99c540f445056,9795,b8ee8a69-8e8a-45d1-9ba9-5eeb153bf93c,covid_individual.IAA,232c33b9-b6e6-4998-842e-de7d509af18c,Consensus generated at 2021-03-23T030517,True,53f134d0-e29c-4f3c-b64d-862b66a1e9f6,NOT_FOUND,Individualv4.2,01.01.01,1,6aec528a-d927-43bc-a317-2db0c4efd1b1,"{""contrib_count"": 2, ""answer_text_list"": []}",0,0,0,,1,1,4d3b1e615fd8e0a137a7a34740e304c8e073774db7a923262a1850bb9368823e,1,[0]
232,SFU_Articles/covid19/1474151429.txt,1474151429,1474151429.txt,efd79e84764d2ed083c019749612dc8076a7264ad20473a9f8e99c540f445056,9795,b8ee8a69-8e8a-45d1-9ba9-5eeb153bf93c,covid_individual.IAA,232c33b9-b6e6-4998-842e-de7d509af18c,Consensus generated at 2021-03-23T030517,True,53f134d0-e29c-4f3c-b64d-862b66a1e9f6,NOT_FOUND,Individualv4.2,01.03.03,1,b4c406c0-22f3-4296-8b7c-614b76138038,"{""contrib_count"": 3, ""answer_text_list"": []}",1,3405,3516,I used to think about alcohol all the time. I think I was a high-functioning person with a problem with alcohol,3,3,4d3b1e615fd8e0a137a7a34740e304c8e073774db7a923262a1850bb9368823e,1,"[3405, 3406, 3407, 3408, 3409, 3410, 3411, 3412, 3413, 3414, 3415, 3416, 3417, 3418, 3419, 3420, 3421, 3422, 3423, 3424, 3425, 3426, 3427, 3428, 3429, 3430, 3431, 3432, 3433, 3434, 3435, 3436, 3437, 3438, 3439, 3440, 3441, 3442, 3443, 3444, 3445, 3446, 3447, 3448, 3449, 3450, 3451, 3452, 3453, 3454, 3455, 3456, 3457, 3458, 3459, 3460, 3461, 3462, 3463, 3464, 3465, 3466, 3467, 3468, 3469, 3470, 3471, 3472, 3473, 3474, 3475, 3476, 3477, 3478, 3479, 3480, 3481, 3482, 3483, 3484, 3485, 3486, 3487, 3488, 3489, 3490, 3491, 3492, 3493, 3494, 3495, 3496, 3497, 3498, 3499, 3500, 3501, 3502, 3503, 3504, 3505, 3506, 3507, 3508, 3509, 3510, 3511, 3512, 3513, 3514, 3515, 3516]"
233,SFU_Articles/covid19/1474151429.txt,1474151429,1474151429.txt,efd79e84764d2ed083c019749612dc8076a7264ad20473a9f8e99c540f445056,9795,b8ee8a69-8e8a-45d1-9ba9-5eeb153bf93c,covid_individual.IAA,232c33b9-b6e6-4998-842e-de7d509af18c,Consensus generated at 2021-03-23T030517,True,53f134d0-e29c-4f3c-b64d-862b66a1e9f6,NOT_FOUND,Individualv4.2,01.12.08,1,af46deac-d0f7-49a6-b594-d8d44b54088e,"{""contrib_count"": 2, ""answer_text_list"": []}",0,0,0,,12,8,4d3b1e615fd8e0a137a7a34740e304c8e073774db7a923262a1850bb9368823e,1,[0]
234,SFU_Articles/covid19/1474151429.txt,1474151429,1474151429.txt,efd79e84764d2ed083c019749612dc8076a7264ad20473a9f8e99c540f445056,9795,b8ee8a69-8e8a-45d1-9ba9-5eeb153bf93c,covid_individual.IAA,232c33b9-b6e6-4998-842e-de7d509af18c,Consensus generated at 2021-03-23T030517,True,53f134d0-e29c-4f3c-b64d-862b66a1e9f6,NOT_FOUND,Individualv4.2,01.13.01,1,caea2dc0-84d1-44f9-b235-54ac327e16e2,"{""contrib_count"": 3, ""answer_text_list"": []}",0,0,0,,13,1,4d3b1e615fd8e0a137a7a34740e304c8e073774db7a923262a1850bb9368823e,1,[0]
2624,SFU_Articles/covid19/1474151429.txt,1474151429,1474151429.txt,efd79e84764d2ed083c019749612dc8076a7264ad20473a9f8e99c540f445056,9795,b8ee8a69-8e8a-45d1-9ba9-5eeb153bf93c,covid_individual.IAA,5583cfc1-c5f5-49da-9611-9d3e365315fd,Copied from  227 (Denise Toor) at 2021-05-13T202205,True,53f134d0-e29c-4f3c-b64d-862b66a1e9f6,NOT_FOUND,Individualv4.2,01.01.01,0,6aec528a-d927-43bc-a317-2db0c4efd1b1,{},0,0,0,,1,1,4d3b1e615fd8e0a137a7a34740e304c8e073774db7a923262a1850bb9368823e,1,[0]
2625,SFU_Articles/covid19/1474151429.txt,1474151429,1474151429.txt,efd79e84764d2ed083c019749612dc8076a7264ad20473a9f8e99c540f445056,9795,b8ee8a69-8e8a-45d1-9ba9-5eeb153bf93c,covid_individual.IAA,5583cfc1-c5f5-49da-9611-9d3e365315fd,Copied from  227 (Denise Toor) at 2021-05-13T202205,True,53f134d0-e29c-4f3c-b64d-862b66a1e9f6,NOT_FOUND,Individualv4.2,01.02.01,0,abd4d646-ec47-4d02-a05f-2bb6c16491c3,{},0,0,0,,2,1,4d3b1e615fd8e0a137a7a34740e304c8e073774db7a923262a1850bb9368823e,1,[0]
2626,SFU_Articles/covid19/1474151429.txt,1474151429,1474151429.txt,efd79e84764d2ed083c019749612dc8076a7264ad20473a9f8e99c540f445056,9795,b8ee8a69-8e8a-45d1-9ba9-5eeb153bf93c,covid_individual.IAA,5583cfc1-c5f5-49da-9611-9d3e365315fd,Copied from  227 (Denise Toor) at 2021-05-13T202205,True,53f134d0-e29c-4f3c-b64d-862b66a1e9f6,NOT_FOUND,Individualv4.2,01.02.02,0,4e6a8b8a-d18e-4a46-9625-b73b61ff4dbf,{},0,0,0,,2,2,4d3b1e615fd8e0a137a7a34740e304c8e073774db7a923262a1850bb9368823e,1,[0]
2627,SFU_Articles/covid19/1474151429.txt,1474151429,1474151429.txt,efd79e84764d2ed083c019749612dc8076a7264ad20473a9f8e99c540f445056,9795,b8ee8a69-8e8a-45d1-9ba9-5eeb153bf93c,covid_individual.IAA,5583cfc1-c5f5-49da-9611-9d3e365315fd,Copied from  227 (Denise Toor) at 2021-05-13T202205,True,53f134d0-e29c-4f3c-b64d-862b66a1e9f6,NOT_FOUND,Individualv4.2,01.04.03,1,8b4f0e94-1747-44ca-84fc-cd08305bb494,{},1,3449,3516,I think I was a high-functioning person with a problem with alcohol,4,3,4d3b1e615fd8e0a137a7a34740e304c8e073774db7a923262a1850bb9368823e,1,"[3449, 3450, 3451, 3452, 3453, 3454, 3455, 3456, 3457, 3458, 3459, 3460, 3461, 3462, 3463, 3464, 3465, 3466, 3467, 3468, 3469, 3470, 3471, 3472, 3473, 3474, 3475, 3476, 3477, 3478, 3479, 3480, 3481, 3482, 3483, 3484, 3485, 3486, 3487, 3488, 3489, 3490, 3491, 3492, 3493, 3494, 3495, 3496, 3497, 3498, 3499, 3500, 3501, 3502, 3503, 3504, 3505, 3506, 3507, 3508, 3509, 3510, 3511, 3512, 3513, 3514, 3515, 3516]"
2628,SFU_Articles/covid19/1474151429.txt,1474151429,1474151429.txt,efd79e84764d2ed083c019749612dc8076a7264ad20473a9f8e99c540f445056,9795,b8ee8a69-8e8a-45d1-9ba9-5eeb153bf93c,covid_individual.IAA,5583cfc1-c5f5-49da-9611-9d3e365315fd,Copied from  227 (Denise Toor) at 2021-05-13T202205,True,53f134d0-e29c-4f3c-b64d-862b66a1e9f6,NOT_FOUND,Individualv4.2,01.11.02,0,997840d1-4eca-472f-b61a-9d2f57a7de97,{},0,0,0,,11,2,4d3b1e615fd8e0a137a7a34740e304c8e073774db7a923262a1850bb9368823e,1,[0]
2629,SFU_Articles/covid19/1474151429.txt,1474151429,1474151429.txt,efd79e84764d2ed083c019749612dc8076a7264ad20473a9f8e99c540f445056,9795,b8ee8a69-8e8a-45d1-9ba9-5eeb153bf93c,covid_individual.IAA,5583cfc1-c5f5-49da-9611-9d3e365315fd,Copied from  227 (Denise Toor) at 2021-05-13T202205,True,53f134d0-e29c-4f3c-b64d-862b66a1e9f6,NOT_FOUND,Individualv4.2,01.12.08,0,af46deac-d0f7-49a6-b594-d8d44b54088e,{},0,0,0,,12,8,4d3b1e615fd8e0a137a7a34740e304c8e073774db7a923262a1850bb9368823e,1,[0]
2630,SFU_Articles/covid19/1474151429.txt,1474151429,1474151429.txt,efd79e84764d2ed083c019749612dc8076a7264ad20473a9f8e99c540f445056,9795,b8ee8a69-8e8a-45d1-9ba9-5eeb153bf93c,covid_individual.IAA,5583cfc1-c5f5-49da-9611-9d3e365315fd,Copied from  227 (Denise Toor) at 2021-05-13T202205,True,53f134d0-e29c-4f3c-b64d-862b66a1e9f6,NOT_FOUND,Individualv4.2,01.13.01,0,caea2dc0-84d1-44f9-b235-54ac327e16e2,{},0,0,0,,13,1,4d3b1e615fd8e0a137a7a34740e304c8e073774db7a923262a1850bb9368823e,1,[0]
