,article_batch_name,article_number,article_filename,article_sha256,article_text_length,tua_group_uuid,tua_group_name,tua_batch_uuid,tua_batch_name,tua_batch_final,source_task_uuid,tua_uuid,namespace,topic_name,case_number,answer_uuid,extra,highlight_count,start_pos,end_pos,target_text,question_Number,agreed_Answer,schema_sha256,agreement_score,highlighted_indices
669,SFU_Articles/covid19/1474151429.txt,1474151429,1474151429.txt,efd79e84764d2ed083c019749612dc8076a7264ad20473a9f8e99c540f445056,9795,b8ee8a69-8e8a-45d1-9ba9-5eeb153bf93c,covid_individual.IAA,232c33b9-b6e6-4998-842e-de7d509af18c,Consensus generated at 2021-03-23T030517,True,23b41563-e355-442d-9fd9-8f61f2ce0f33,NOT_FOUND,Individualv4.2,01.12.06,1,0fba99d3-1e37-4626-85f2-6541d4bacbec,"{""contrib_count"": 2, ""answer_text_list"": []}",0,0,0,,12,6,4d3b1e615fd8e0a137a7a34740e304c8e073774db7a923262a1850bb9368823e,1,[0]
670,SFU_Articles/covid19/1474151429.txt,1474151429,1474151429.txt,efd79e84764d2ed083c019749612dc8076a7264ad20473a9f8e99c540f445056,9795,b8ee8a69-8e8a-45d1-9ba9-5eeb153bf93c,covid_individual.IAA,232c33b9-b6e6-4998-842e-de7d509af18c,Consensus generated at 2021-03-23T030517,True,23b41563-e355-442d-9fd9-8f61f2ce0f33,NOT_FOUND,Individualv4.2,01.13.01,1,caea2dc0-84d1-44f9-b235-54ac327e16e2,"{""contrib_count"": 3, ""answer_text_list"": []}",0,0,0,,13,1,4d3b1e615fd8e0a137a7a34740e304c8e073774db7a923262a1850bb9368823e,1,[0]
671,SFU_Articles/covid19/1474151429.txt,1474151429,1474151429.txt,efd79e84764d2ed083c019749612dc8076a7264ad20473a9f8e99c540f445056,9795,b8ee8a69-8e8a-45d1-9ba9-5eeb153bf93c,covid_individual.IAA,232c33b9-b6e6-4998-842e-de7d509af18c,Consensus generated at 2021-03-23T030517,True,23b41563-e355-442d-9fd9-8f61f2ce0f33,NOT_FOUND,Individualv4.2,01.11.04,1,8999b4be-7e40-496c-8318-f67e436bde71,"{""contrib_count"": 2, ""answer_text_list"": []}",0,0,0,,11,4,4d3b1e615fd8e0a137a7a34740e304c8e073774db7a923262a1850bb9368823e,1,[0]
2576,SFU_Articles/covid19/1474151429.txt,1474151429,1474151429.txt,efd79e84764d2ed083c019749612dc8076a7264ad20473a9f8e99c540f445056,9795,b8ee8a69-8e8a-45d1-9ba9-5eeb153bf93c,covid_individual.IAA,5583cfc1-c5f5-49da-9611-9d3e365315fd,Copied from  227 (Denise Toor) at 2021-05-13T202205,True,23b41563-e355-442d-9fd9-8f61f2ce0f33,NOT_FOUND,Individualv4.2,01.01.01,0,6aec528a-d927-43bc-a317-2db0c4efd1b1,{},0,0,0,,1,1,4d3b1e615fd8e0a137a7a34740e304c8e073774db7a923262a1850bb9368823e,1,[0]
2577,SFU_Articles/covid19/1474151429.txt,1474151429,1474151429.txt,efd79e84764d2ed083c019749612dc8076a7264ad20473a9f8e99c540f445056,9795,b8ee8a69-8e8a-45d1-9ba9-5eeb153bf93c,covid_individual.IAA,5583cfc1-c5f5-49da-9611-9d3e365315fd,Copied from  227 (Denise Toor) at 2021-05-13T202205,True,23b41563-e355-442d-9fd9-8f61f2ce0f33,NOT_FOUND,Individualv4.2,01.02.02,0,4e6a8b8a-d18e-4a46-9625-b73b61ff4dbf,{},0,0,0,,2,2,4d3b1e615fd8e0a137a7a34740e304c8e073774db7a923262a1850bb9368823e,1,[0]
2578,SFU_Articles/covid19/1474151429.txt,1474151429,1474151429.txt,efd79e84764d2ed083c019749612dc8076a7264ad20473a9f8e99c540f445056,9795,b8ee8a69-8e8a-45d1-9ba9-5eeb153bf93c,covid_individual.IAA,5583cfc1-c5f5-49da-9611-9d3e365315fd,Copied from  227 (Denise Toor) at 2021-05-13T202205,True,23b41563-e355-442d-9fd9-8f61f2ce0f33,NOT_FOUND,Individualv4.2,01.04.01,1,42355c70-e92a-4d53-8f97-67301e38d055,{},1,689,756,"Dr Frank Plummer, who was on the verge of drinking himself to death",4,1,4d3b1e615fd8e0a137a7a34740e304c8e073774db7a923262a1850bb9368823e,1,"[689, 690, 691, 692, 693, 694, 695, 696, 697, 698, 699, 700, 701, 702, 703, 704, 705, 706, 707, 708, 709, 710, 711, 712, 713, 714, 715, 716, 717, 718, 719, 720, 721, 722, 723, 724, 725, 726, 727, 728, 729, 730, 731, 732, 733, 734, 735, 736, 737, 738, 739, 740, 741, 742, 743, 744, 745, 746, 747, 748, 749, 750, 751, 752, 753, 754, 755, 756]"
2579,SFU_Articles/covid19/1474151429.txt,1474151429,1474151429.txt,efd79e84764d2ed083c019749612dc8076a7264ad20473a9f8e99c540f445056,9795,b8ee8a69-8e8a-45d1-9ba9-5eeb153bf93c,covid_individual.IAA,5583cfc1-c5f5-49da-9611-9d3e365315fd,Copied from  227 (Denise Toor) at 2021-05-13T202205,True,23b41563-e355-442d-9fd9-8f61f2ce0f33,NOT_FOUND,Individualv4.2,01.05.01,0,36f229bc-8390-45c8-88f6-b288ca3b21f6,{},0,0,0,,5,1,4d3b1e615fd8e0a137a7a34740e304c8e073774db7a923262a1850bb9368823e,1,[0]
2580,SFU_Articles/covid19/1474151429.txt,1474151429,1474151429.txt,efd79e84764d2ed083c019749612dc8076a7264ad20473a9f8e99c540f445056,9795,b8ee8a69-8e8a-45d1-9ba9-5eeb153bf93c,covid_individual.IAA,5583cfc1-c5f5-49da-9611-9d3e365315fd,Copied from  227 (Denise Toor) at 2021-05-13T202205,True,23b41563-e355-442d-9fd9-8f61f2ce0f33,NOT_FOUND,Individualv4.2,01.11.04,0,8999b4be-7e40-496c-8318-f67e436bde71,{},0,0,0,,11,4,4d3b1e615fd8e0a137a7a34740e304c8e073774db7a923262a1850bb9368823e,1,[0]
2581,SFU_Articles/covid19/1474151429.txt,1474151429,1474151429.txt,efd79e84764d2ed083c019749612dc8076a7264ad20473a9f8e99c540f445056,9795,b8ee8a69-8e8a-45d1-9ba9-5eeb153bf93c,covid_individual.IAA,5583cfc1-c5f5-49da-9611-9d3e365315fd,Copied from  227 (Denise Toor) at 2021-05-13T202205,True,23b41563-e355-442d-9fd9-8f61f2ce0f33,NOT_FOUND,Individualv4.2,01.12.06,0,0fba99d3-1e37-4626-85f2-6541d4bacbec,{},0,0,0,,12,6,4d3b1e615fd8e0a137a7a34740e304c8e073774db7a923262a1850bb9368823e,1,[0]
2582,SFU_Articles/covid19/1474151429.txt,1474151429,1474151429.txt,efd79e84764d2ed083c019749612dc8076a7264ad20473a9f8e99c540f445056,9795,b8ee8a69-8e8a-45d1-9ba9-5eeb153bf93c,covid_individual.IAA,5583cfc1-c5f5-49da-9611-9d3e365315fd,Copied from  227 (Denise Toor) at 2021-05-13T202205,True,23b41563-e355-442d-9fd9-8f61f2ce0f33,NOT_FOUND,Individualv4.2,01.13.01,0,caea2dc0-84d1-44f9-b235-54ac327e16e2,{},0,0,0,,13,1,4d3b1e615fd8e0a137a7a34740e304c8e073774db7a923262a1850bb9368823e,1,[0]
