,article_batch_name,article_number,article_filename,article_sha256,article_text_length,tua_group_uuid,tua_group_name,tua_batch_uuid,tua_batch_name,tua_batch_final,source_task_uuid,tua_uuid,namespace,topic_name,case_number,answer_uuid,extra,highlight_count,start_pos,end_pos,target_text,question_Number,agreed_Answer,schema_sha256,agreement_score,highlighted_indices
422,SFU_Articles/covid19/1428439051.txt,1428439051,1428439051.txt,f10fdd8c11d522540e405fe99975ee58894d0c51ef92380059a7ef21e39ee5ee,8174,b8ee8a69-8e8a-45d1-9ba9-5eeb153bf93c,covid_individual.IAA,232c33b9-b6e6-4998-842e-de7d509af18c,Consensus generated at 2021-03-23T030517,True,57b31449-79fa-4ddf-85ce-4b95d0fb42cd,NOT_FOUND,Individualv4.2,01.02.05,1,9d2befd9-23ed-45b2-bee4-ad8ebd216771,"{""contrib_count"": 2, ""answer_text_list"": []}",0,0,0,,2,5,4d3b1e615fd8e0a137a7a34740e304c8e073774db7a923262a1850bb9368823e,1,[0]
423,SFU_Articles/covid19/1428439051.txt,1428439051,1428439051.txt,f10fdd8c11d522540e405fe99975ee58894d0c51ef92380059a7ef21e39ee5ee,8174,b8ee8a69-8e8a-45d1-9ba9-5eeb153bf93c,covid_individual.IAA,232c33b9-b6e6-4998-842e-de7d509af18c,Consensus generated at 2021-03-23T030517,True,57b31449-79fa-4ddf-85ce-4b95d0fb42cd,NOT_FOUND,Individualv4.2,01.09.01,1,1fb8bef7-274f-41a8-83e2-0d67d27759a8,"{""contrib_count"": 2, ""answer_text_list"": []}",1,2247,2279,I'm an obstetrician-gynecologist,9,1,4d3b1e615fd8e0a137a7a34740e304c8e073774db7a923262a1850bb9368823e,1,"[2247, 2248, 2249, 2250, 2251, 2252, 2253, 2254, 2255, 2256, 2257, 2258, 2259, 2260, 2261, 2262, 2263, 2264, 2265, 2266, 2267, 2268, 2269, 2270, 2271, 2272, 2273, 2274, 2275, 2276, 2277, 2278, 2279]"
424,SFU_Articles/covid19/1428439051.txt,1428439051,1428439051.txt,f10fdd8c11d522540e405fe99975ee58894d0c51ef92380059a7ef21e39ee5ee,8174,b8ee8a69-8e8a-45d1-9ba9-5eeb153bf93c,covid_individual.IAA,232c33b9-b6e6-4998-842e-de7d509af18c,Consensus generated at 2021-03-23T030517,True,57b31449-79fa-4ddf-85ce-4b95d0fb42cd,NOT_FOUND,Individualv4.2,01.12.06,1,0fba99d3-1e37-4626-85f2-6541d4bacbec,"{""contrib_count"": 2, ""answer_text_list"": []}",0,0,0,,12,6,4d3b1e615fd8e0a137a7a34740e304c8e073774db7a923262a1850bb9368823e,1,[0]
425,SFU_Articles/covid19/1428439051.txt,1428439051,1428439051.txt,f10fdd8c11d522540e405fe99975ee58894d0c51ef92380059a7ef21e39ee5ee,8174,b8ee8a69-8e8a-45d1-9ba9-5eeb153bf93c,covid_individual.IAA,232c33b9-b6e6-4998-842e-de7d509af18c,Consensus generated at 2021-03-23T030517,True,57b31449-79fa-4ddf-85ce-4b95d0fb42cd,NOT_FOUND,Individualv4.2,01.13.01,1,caea2dc0-84d1-44f9-b235-54ac327e16e2,"{""contrib_count"": 3, ""answer_text_list"": []}",0,0,0,,13,1,4d3b1e615fd8e0a137a7a34740e304c8e073774db7a923262a1850bb9368823e,1,[0]
426,SFU_Articles/covid19/1428439051.txt,1428439051,1428439051.txt,f10fdd8c11d522540e405fe99975ee58894d0c51ef92380059a7ef21e39ee5ee,8174,b8ee8a69-8e8a-45d1-9ba9-5eeb153bf93c,covid_individual.IAA,232c33b9-b6e6-4998-842e-de7d509af18c,Consensus generated at 2021-03-23T030517,True,57b31449-79fa-4ddf-85ce-4b95d0fb42cd,NOT_FOUND,Individualv4.2,01.11.04,1,8999b4be-7e40-496c-8318-f67e436bde71,"{""contrib_count"": 2, ""answer_text_list"": []}",0,0,0,,11,4,4d3b1e615fd8e0a137a7a34740e304c8e073774db7a923262a1850bb9368823e,1,[0]
1823,SFU_Articles/covid19/1428439051.txt,1428439051,1428439051.txt,f10fdd8c11d522540e405fe99975ee58894d0c51ef92380059a7ef21e39ee5ee,8174,b8ee8a69-8e8a-45d1-9ba9-5eeb153bf93c,covid_individual.IAA,5583cfc1-c5f5-49da-9611-9d3e365315fd,Copied from  227 (Denise Toor) at 2021-05-13T202205,True,57b31449-79fa-4ddf-85ce-4b95d0fb42cd,NOT_FOUND,Individualv4.2,01.01.01,0,6aec528a-d927-43bc-a317-2db0c4efd1b1,{},0,0,0,,1,1,4d3b1e615fd8e0a137a7a34740e304c8e073774db7a923262a1850bb9368823e,1,[0]
1824,SFU_Articles/covid19/1428439051.txt,1428439051,1428439051.txt,f10fdd8c11d522540e405fe99975ee58894d0c51ef92380059a7ef21e39ee5ee,8174,b8ee8a69-8e8a-45d1-9ba9-5eeb153bf93c,covid_individual.IAA,5583cfc1-c5f5-49da-9611-9d3e365315fd,Copied from  227 (Denise Toor) at 2021-05-13T202205,True,57b31449-79fa-4ddf-85ce-4b95d0fb42cd,NOT_FOUND,Individualv4.2,01.02.01,0,abd4d646-ec47-4d02-a05f-2bb6c16491c3,{},0,0,0,,2,1,4d3b1e615fd8e0a137a7a34740e304c8e073774db7a923262a1850bb9368823e,1,[0]
1825,SFU_Articles/covid19/1428439051.txt,1428439051,1428439051.txt,f10fdd8c11d522540e405fe99975ee58894d0c51ef92380059a7ef21e39ee5ee,8174,b8ee8a69-8e8a-45d1-9ba9-5eeb153bf93c,covid_individual.IAA,5583cfc1-c5f5-49da-9611-9d3e365315fd,Copied from  227 (Denise Toor) at 2021-05-13T202205,True,57b31449-79fa-4ddf-85ce-4b95d0fb42cd,NOT_FOUND,Individualv4.2,01.02.05,0,9d2befd9-23ed-45b2-bee4-ad8ebd216771,{},0,0,0,,2,5,4d3b1e615fd8e0a137a7a34740e304c8e073774db7a923262a1850bb9368823e,1,[0]
1826,SFU_Articles/covid19/1428439051.txt,1428439051,1428439051.txt,f10fdd8c11d522540e405fe99975ee58894d0c51ef92380059a7ef21e39ee5ee,8174,b8ee8a69-8e8a-45d1-9ba9-5eeb153bf93c,covid_individual.IAA,5583cfc1-c5f5-49da-9611-9d3e365315fd,Copied from  227 (Denise Toor) at 2021-05-13T202205,True,57b31449-79fa-4ddf-85ce-4b95d0fb42cd,NOT_FOUND,Individualv4.2,01.03.03,1,b4c406c0-22f3-4296-8b7c-614b76138038,{},1,2247,2290,"I'm an obstetrician-gynecologist,"" she says",3,3,4d3b1e615fd8e0a137a7a34740e304c8e073774db7a923262a1850bb9368823e,1,"[2247, 2248, 2249, 2250, 2251, 2252, 2253, 2254, 2255, 2256, 2257, 2258, 2259, 2260, 2261, 2262, 2263, 2264, 2265, 2266, 2267, 2268, 2269, 2270, 2271, 2272, 2273, 2274, 2275, 2276, 2277, 2278, 2279, 2280, 2281, 2282, 2283, 2284, 2285, 2286, 2287, 2288, 2289, 2290]"
1827,SFU_Articles/covid19/1428439051.txt,1428439051,1428439051.txt,f10fdd8c11d522540e405fe99975ee58894d0c51ef92380059a7ef21e39ee5ee,8174,b8ee8a69-8e8a-45d1-9ba9-5eeb153bf93c,covid_individual.IAA,5583cfc1-c5f5-49da-9611-9d3e365315fd,Copied from  227 (Denise Toor) at 2021-05-13T202205,True,57b31449-79fa-4ddf-85ce-4b95d0fb42cd,NOT_FOUND,Individualv4.2,01.11.04,0,8999b4be-7e40-496c-8318-f67e436bde71,{},0,0,0,,11,4,4d3b1e615fd8e0a137a7a34740e304c8e073774db7a923262a1850bb9368823e,1,[0]
1828,SFU_Articles/covid19/1428439051.txt,1428439051,1428439051.txt,f10fdd8c11d522540e405fe99975ee58894d0c51ef92380059a7ef21e39ee5ee,8174,b8ee8a69-8e8a-45d1-9ba9-5eeb153bf93c,covid_individual.IAA,5583cfc1-c5f5-49da-9611-9d3e365315fd,Copied from  227 (Denise Toor) at 2021-05-13T202205,True,57b31449-79fa-4ddf-85ce-4b95d0fb42cd,NOT_FOUND,Individualv4.2,01.12.06,0,0fba99d3-1e37-4626-85f2-6541d4bacbec,{},0,0,0,,12,6,4d3b1e615fd8e0a137a7a34740e304c8e073774db7a923262a1850bb9368823e,1,[0]
1829,SFU_Articles/covid19/1428439051.txt,1428439051,1428439051.txt,f10fdd8c11d522540e405fe99975ee58894d0c51ef92380059a7ef21e39ee5ee,8174,b8ee8a69-8e8a-45d1-9ba9-5eeb153bf93c,covid_individual.IAA,5583cfc1-c5f5-49da-9611-9d3e365315fd,Copied from  227 (Denise Toor) at 2021-05-13T202205,True,57b31449-79fa-4ddf-85ce-4b95d0fb42cd,NOT_FOUND,Individualv4.2,01.13.01,0,caea2dc0-84d1-44f9-b235-54ac327e16e2,{},0,0,0,,13,1,4d3b1e615fd8e0a137a7a34740e304c8e073774db7a923262a1850bb9368823e,1,[0]
