,article_batch_name,article_number,article_filename,article_sha256,article_text_length,tua_group_uuid,tua_group_name,tua_batch_uuid,tua_batch_name,tua_batch_final,source_task_uuid,tua_uuid,namespace,topic_name,case_number,answer_uuid,extra,highlight_count,start_pos,end_pos,target_text,question_Number,agreed_Answer,schema_sha256,agreement_score,highlighted_indices
89,SFU_Articles/covid19/1428353657.txt,1428353657,1428353657.txt,bdfaa80718c8214b4ae75aa6e47134718e0fb2aeb0752ce49f3932954584e3a3,1811,b8ee8a69-8e8a-45d1-9ba9-5eeb153bf93c,covid_individual.IAA,232c33b9-b6e6-4998-842e-de7d509af18c,Consensus generated at 2021-03-23T030517,True,0b10fb8b-755d-4679-a6f5-bd5eb63fc9ca,NOT_FOUND,Individualv4.2,01.02.05,1,9d2befd9-23ed-45b2-bee4-ad8ebd216771,"{""contrib_count"": 2, ""answer_text_list"": []}",0,0,0,,2,5,4d3b1e615fd8e0a137a7a34740e304c8e073774db7a923262a1850bb9368823e,1,[0]
90,SFU_Articles/covid19/1428353657.txt,1428353657,1428353657.txt,bdfaa80718c8214b4ae75aa6e47134718e0fb2aeb0752ce49f3932954584e3a3,1811,b8ee8a69-8e8a-45d1-9ba9-5eeb153bf93c,covid_individual.IAA,232c33b9-b6e6-4998-842e-de7d509af18c,Consensus generated at 2021-03-23T030517,True,0b10fb8b-755d-4679-a6f5-bd5eb63fc9ca,NOT_FOUND,Individualv4.2,01.09.01,1,1fb8bef7-274f-41a8-83e2-0d67d27759a8,"{""contrib_count"": 2, ""answer_text_list"": []}",1,976,1001,that Dr. Carroll proposed,9,1,4d3b1e615fd8e0a137a7a34740e304c8e073774db7a923262a1850bb9368823e,1,"[976, 977, 978, 979, 980, 981, 982, 983, 984, 985, 986, 987, 988, 989, 990, 991, 992, 993, 994, 995, 996, 997, 998, 999, 1000, 1001]"
91,SFU_Articles/covid19/1428353657.txt,1428353657,1428353657.txt,bdfaa80718c8214b4ae75aa6e47134718e0fb2aeb0752ce49f3932954584e3a3,1811,b8ee8a69-8e8a-45d1-9ba9-5eeb153bf93c,covid_individual.IAA,232c33b9-b6e6-4998-842e-de7d509af18c,Consensus generated at 2021-03-23T030517,True,0b10fb8b-755d-4679-a6f5-bd5eb63fc9ca,NOT_FOUND,Individualv4.2,01.13.01,1,caea2dc0-84d1-44f9-b235-54ac327e16e2,"{""contrib_count"": 3, ""answer_text_list"": []}",0,0,0,,13,1,4d3b1e615fd8e0a137a7a34740e304c8e073774db7a923262a1850bb9368823e,1,[0]
92,SFU_Articles/covid19/1428353657.txt,1428353657,1428353657.txt,bdfaa80718c8214b4ae75aa6e47134718e0fb2aeb0752ce49f3932954584e3a3,1811,b8ee8a69-8e8a-45d1-9ba9-5eeb153bf93c,covid_individual.IAA,232c33b9-b6e6-4998-842e-de7d509af18c,Consensus generated at 2021-03-23T030517,True,0b10fb8b-755d-4679-a6f5-bd5eb63fc9ca,NOT_FOUND,Individualv4.2,01.11.04,1,8999b4be-7e40-496c-8318-f67e436bde71,"{""contrib_count"": 2, ""answer_text_list"": []}",0,0,0,,11,4,4d3b1e615fd8e0a137a7a34740e304c8e073774db7a923262a1850bb9368823e,1,[0]
1772,SFU_Articles/covid19/1428353657.txt,1428353657,1428353657.txt,bdfaa80718c8214b4ae75aa6e47134718e0fb2aeb0752ce49f3932954584e3a3,1811,b8ee8a69-8e8a-45d1-9ba9-5eeb153bf93c,covid_individual.IAA,5583cfc1-c5f5-49da-9611-9d3e365315fd,Copied from  227 (Denise Toor) at 2021-05-13T202205,True,0b10fb8b-755d-4679-a6f5-bd5eb63fc9ca,NOT_FOUND,Individualv4.2,01.01.01,0,6aec528a-d927-43bc-a317-2db0c4efd1b1,{},0,0,0,,1,1,4d3b1e615fd8e0a137a7a34740e304c8e073774db7a923262a1850bb9368823e,1,[0]
1773,SFU_Articles/covid19/1428353657.txt,1428353657,1428353657.txt,bdfaa80718c8214b4ae75aa6e47134718e0fb2aeb0752ce49f3932954584e3a3,1811,b8ee8a69-8e8a-45d1-9ba9-5eeb153bf93c,covid_individual.IAA,5583cfc1-c5f5-49da-9611-9d3e365315fd,Copied from  227 (Denise Toor) at 2021-05-13T202205,True,0b10fb8b-755d-4679-a6f5-bd5eb63fc9ca,NOT_FOUND,Individualv4.2,01.02.02,0,4e6a8b8a-d18e-4a46-9625-b73b61ff4dbf,{},0,0,0,,2,2,4d3b1e615fd8e0a137a7a34740e304c8e073774db7a923262a1850bb9368823e,1,[0]
1774,SFU_Articles/covid19/1428353657.txt,1428353657,1428353657.txt,bdfaa80718c8214b4ae75aa6e47134718e0fb2aeb0752ce49f3932954584e3a3,1811,b8ee8a69-8e8a-45d1-9ba9-5eeb153bf93c,covid_individual.IAA,5583cfc1-c5f5-49da-9611-9d3e365315fd,Copied from  227 (Denise Toor) at 2021-05-13T202205,True,0b10fb8b-755d-4679-a6f5-bd5eb63fc9ca,NOT_FOUND,Individualv4.2,01.02.01,0,abd4d646-ec47-4d02-a05f-2bb6c16491c3,{},0,0,0,,2,1,4d3b1e615fd8e0a137a7a34740e304c8e073774db7a923262a1850bb9368823e,1,[0]
1775,SFU_Articles/covid19/1428353657.txt,1428353657,1428353657.txt,bdfaa80718c8214b4ae75aa6e47134718e0fb2aeb0752ce49f3932954584e3a3,1811,b8ee8a69-8e8a-45d1-9ba9-5eeb153bf93c,covid_individual.IAA,5583cfc1-c5f5-49da-9611-9d3e365315fd,Copied from  227 (Denise Toor) at 2021-05-13T202205,True,0b10fb8b-755d-4679-a6f5-bd5eb63fc9ca,NOT_FOUND,Individualv4.2,01.02.05,0,9d2befd9-23ed-45b2-bee4-ad8ebd216771,{},0,0,0,,2,5,4d3b1e615fd8e0a137a7a34740e304c8e073774db7a923262a1850bb9368823e,1,[0]
1776,SFU_Articles/covid19/1428353657.txt,1428353657,1428353657.txt,bdfaa80718c8214b4ae75aa6e47134718e0fb2aeb0752ce49f3932954584e3a3,1811,b8ee8a69-8e8a-45d1-9ba9-5eeb153bf93c,covid_individual.IAA,5583cfc1-c5f5-49da-9611-9d3e365315fd,Copied from  227 (Denise Toor) at 2021-05-13T202205,True,0b10fb8b-755d-4679-a6f5-bd5eb63fc9ca,NOT_FOUND,Individualv4.2,01.03.03,1,b4c406c0-22f3-4296-8b7c-614b76138038,{},1,981,992,Dr. Carroll,3,3,4d3b1e615fd8e0a137a7a34740e304c8e073774db7a923262a1850bb9368823e,1,"[981, 982, 983, 984, 985, 986, 987, 988, 989, 990, 991, 992]"
1777,SFU_Articles/covid19/1428353657.txt,1428353657,1428353657.txt,bdfaa80718c8214b4ae75aa6e47134718e0fb2aeb0752ce49f3932954584e3a3,1811,b8ee8a69-8e8a-45d1-9ba9-5eeb153bf93c,covid_individual.IAA,5583cfc1-c5f5-49da-9611-9d3e365315fd,Copied from  227 (Denise Toor) at 2021-05-13T202205,True,0b10fb8b-755d-4679-a6f5-bd5eb63fc9ca,NOT_FOUND,Individualv4.2,01.04.04,1,b313c3bd-67bf-4bbd-a0cf-f8cdf2813858,{},1,949,975,a much more ambitious idea,4,4,4d3b1e615fd8e0a137a7a34740e304c8e073774db7a923262a1850bb9368823e,1,"[949, 950, 951, 952, 953, 954, 955, 956, 957, 958, 959, 960, 961, 962, 963, 964, 965, 966, 967, 968, 969, 970, 971, 972, 973, 974, 975]"
1778,SFU_Articles/covid19/1428353657.txt,1428353657,1428353657.txt,bdfaa80718c8214b4ae75aa6e47134718e0fb2aeb0752ce49f3932954584e3a3,1811,b8ee8a69-8e8a-45d1-9ba9-5eeb153bf93c,covid_individual.IAA,5583cfc1-c5f5-49da-9611-9d3e365315fd,Copied from  227 (Denise Toor) at 2021-05-13T202205,True,0b10fb8b-755d-4679-a6f5-bd5eb63fc9ca,NOT_FOUND,Individualv4.2,01.09.04,1,479a926a-ac48-4450-83fc-dd58023cdb7c,{},1,908,944,Predict served as a proof of concept,9,4,4d3b1e615fd8e0a137a7a34740e304c8e073774db7a923262a1850bb9368823e,1,"[908, 909, 910, 911, 912, 913, 914, 915, 916, 917, 918, 919, 920, 921, 922, 923, 924, 925, 926, 927, 928, 929, 930, 931, 932, 933, 934, 935, 936, 937, 938, 939, 940, 941, 942, 943, 944]"
1779,SFU_Articles/covid19/1428353657.txt,1428353657,1428353657.txt,bdfaa80718c8214b4ae75aa6e47134718e0fb2aeb0752ce49f3932954584e3a3,1811,b8ee8a69-8e8a-45d1-9ba9-5eeb153bf93c,covid_individual.IAA,5583cfc1-c5f5-49da-9611-9d3e365315fd,Copied from  227 (Denise Toor) at 2021-05-13T202205,True,0b10fb8b-755d-4679-a6f5-bd5eb63fc9ca,NOT_FOUND,Individualv4.2,01.11.04,0,8999b4be-7e40-496c-8318-f67e436bde71,{},0,0,0,,11,4,4d3b1e615fd8e0a137a7a34740e304c8e073774db7a923262a1850bb9368823e,1,[0]
1780,SFU_Articles/covid19/1428353657.txt,1428353657,1428353657.txt,bdfaa80718c8214b4ae75aa6e47134718e0fb2aeb0752ce49f3932954584e3a3,1811,b8ee8a69-8e8a-45d1-9ba9-5eeb153bf93c,covid_individual.IAA,5583cfc1-c5f5-49da-9611-9d3e365315fd,Copied from  227 (Denise Toor) at 2021-05-13T202205,True,0b10fb8b-755d-4679-a6f5-bd5eb63fc9ca,NOT_FOUND,Individualv4.2,01.12.07,0,5199a929-1dd9-482c-98c7-656d91d55c8d,{},0,0,0,,12,7,4d3b1e615fd8e0a137a7a34740e304c8e073774db7a923262a1850bb9368823e,1,[0]
1781,SFU_Articles/covid19/1428353657.txt,1428353657,1428353657.txt,bdfaa80718c8214b4ae75aa6e47134718e0fb2aeb0752ce49f3932954584e3a3,1811,b8ee8a69-8e8a-45d1-9ba9-5eeb153bf93c,covid_individual.IAA,5583cfc1-c5f5-49da-9611-9d3e365315fd,Copied from  227 (Denise Toor) at 2021-05-13T202205,True,0b10fb8b-755d-4679-a6f5-bd5eb63fc9ca,NOT_FOUND,Individualv4.2,01.13.01,0,caea2dc0-84d1-44f9-b235-54ac327e16e2,{},0,0,0,,13,1,4d3b1e615fd8e0a137a7a34740e304c8e073774db7a923262a1850bb9368823e,1,[0]
