,article_batch_name,article_number,article_filename,article_sha256,article_text_length,tua_group_uuid,tua_group_name,tua_batch_uuid,tua_batch_name,tua_batch_final,source_task_uuid,tua_uuid,namespace,topic_name,case_number,answer_uuid,extra,highlight_count,start_pos,end_pos,target_text,question_Number,agreed_Answer,schema_sha256,agreement_score,highlighted_indices
878,SFU_Articles/covid19/1487576696.txt,1487576696,1487576696.txt,100a9b9653ce147fb3ee093f049302afdea0e190ea12ae6ba389d72bf42349ff,6764,b8ee8a69-8e8a-45d1-9ba9-5eeb153bf93c,covid_individual.IAA,232c33b9-b6e6-4998-842e-de7d509af18c,Consensus generated at 2021-03-23T030517,True,9f129ea9-0eeb-4631-bd57-84246f3855fe,NOT_FOUND,Individualv4.2,01.12.06,1,0fba99d3-1e37-4626-85f2-6541d4bacbec,"{""contrib_count"": 2, ""answer_text_list"": []}",0,0,0,,12,6,4d3b1e615fd8e0a137a7a34740e304c8e073774db7a923262a1850bb9368823e,1,[0]
879,SFU_Articles/covid19/1487576696.txt,1487576696,1487576696.txt,100a9b9653ce147fb3ee093f049302afdea0e190ea12ae6ba389d72bf42349ff,6764,b8ee8a69-8e8a-45d1-9ba9-5eeb153bf93c,covid_individual.IAA,232c33b9-b6e6-4998-842e-de7d509af18c,Consensus generated at 2021-03-23T030517,True,9f129ea9-0eeb-4631-bd57-84246f3855fe,NOT_FOUND,Individualv4.2,01.02.04,1,cea46ec9-98b6-44c1-9700-2ba5f4c038cc,"{""contrib_count"": 2, ""answer_text_list"": []}",0,0,0,,2,4,4d3b1e615fd8e0a137a7a34740e304c8e073774db7a923262a1850bb9368823e,1,[0]
880,SFU_Articles/covid19/1487576696.txt,1487576696,1487576696.txt,100a9b9653ce147fb3ee093f049302afdea0e190ea12ae6ba389d72bf42349ff,6764,b8ee8a69-8e8a-45d1-9ba9-5eeb153bf93c,covid_individual.IAA,232c33b9-b6e6-4998-842e-de7d509af18c,Consensus generated at 2021-03-23T030517,True,9f129ea9-0eeb-4631-bd57-84246f3855fe,NOT_FOUND,Individualv4.2,01.13.01,1,caea2dc0-84d1-44f9-b235-54ac327e16e2,"{""contrib_count"": 3, ""answer_text_list"": []}",0,0,0,,13,1,4d3b1e615fd8e0a137a7a34740e304c8e073774db7a923262a1850bb9368823e,1,[0]
881,SFU_Articles/covid19/1487576696.txt,1487576696,1487576696.txt,100a9b9653ce147fb3ee093f049302afdea0e190ea12ae6ba389d72bf42349ff,6764,b8ee8a69-8e8a-45d1-9ba9-5eeb153bf93c,covid_individual.IAA,232c33b9-b6e6-4998-842e-de7d509af18c,Consensus generated at 2021-03-23T030517,True,9f129ea9-0eeb-4631-bd57-84246f3855fe,NOT_FOUND,Individualv4.2,01.11.04,1,8999b4be-7e40-496c-8318-f67e436bde71,"{""contrib_count"": 2, ""answer_text_list"": []}",0,0,0,,11,4,4d3b1e615fd8e0a137a7a34740e304c8e073774db7a923262a1850bb9368823e,1,[0]
2801,SFU_Articles/covid19/1487576696.txt,1487576696,1487576696.txt,100a9b9653ce147fb3ee093f049302afdea0e190ea12ae6ba389d72bf42349ff,6764,b8ee8a69-8e8a-45d1-9ba9-5eeb153bf93c,covid_individual.IAA,5583cfc1-c5f5-49da-9611-9d3e365315fd,Copied from  227 (Denise Toor) at 2021-05-13T202205,True,9f129ea9-0eeb-4631-bd57-84246f3855fe,NOT_FOUND,Individualv4.2,01.01.01,0,6aec528a-d927-43bc-a317-2db0c4efd1b1,{},0,0,0,,1,1,4d3b1e615fd8e0a137a7a34740e304c8e073774db7a923262a1850bb9368823e,1,[0]
2802,SFU_Articles/covid19/1487576696.txt,1487576696,1487576696.txt,100a9b9653ce147fb3ee093f049302afdea0e190ea12ae6ba389d72bf42349ff,6764,b8ee8a69-8e8a-45d1-9ba9-5eeb153bf93c,covid_individual.IAA,5583cfc1-c5f5-49da-9611-9d3e365315fd,Copied from  227 (Denise Toor) at 2021-05-13T202205,True,9f129ea9-0eeb-4631-bd57-84246f3855fe,NOT_FOUND,Individualv4.2,01.02.04,0,cea46ec9-98b6-44c1-9700-2ba5f4c038cc,{},0,0,0,,2,4,4d3b1e615fd8e0a137a7a34740e304c8e073774db7a923262a1850bb9368823e,1,[0]
2803,SFU_Articles/covid19/1487576696.txt,1487576696,1487576696.txt,100a9b9653ce147fb3ee093f049302afdea0e190ea12ae6ba389d72bf42349ff,6764,b8ee8a69-8e8a-45d1-9ba9-5eeb153bf93c,covid_individual.IAA,5583cfc1-c5f5-49da-9611-9d3e365315fd,Copied from  227 (Denise Toor) at 2021-05-13T202205,True,9f129ea9-0eeb-4631-bd57-84246f3855fe,NOT_FOUND,Individualv4.2,01.08.03,1,d565ff04-6156-4124-95a7-299e53d55309,{},1,2004,2032,"If not SARS, then what is it",8,3,4d3b1e615fd8e0a137a7a34740e304c8e073774db7a923262a1850bb9368823e,1,"[2004, 2005, 2006, 2007, 2008, 2009, 2010, 2011, 2012, 2013, 2014, 2015, 2016, 2017, 2018, 2019, 2020, 2021, 2022, 2023, 2024, 2025, 2026, 2027, 2028, 2029, 2030, 2031, 2032]"
2804,SFU_Articles/covid19/1487576696.txt,1487576696,1487576696.txt,100a9b9653ce147fb3ee093f049302afdea0e190ea12ae6ba389d72bf42349ff,6764,b8ee8a69-8e8a-45d1-9ba9-5eeb153bf93c,covid_individual.IAA,5583cfc1-c5f5-49da-9611-9d3e365315fd,Copied from  227 (Denise Toor) at 2021-05-13T202205,True,9f129ea9-0eeb-4631-bd57-84246f3855fe,NOT_FOUND,Individualv4.2,01.11.04,0,8999b4be-7e40-496c-8318-f67e436bde71,{},0,0,0,,11,4,4d3b1e615fd8e0a137a7a34740e304c8e073774db7a923262a1850bb9368823e,1,[0]
2805,SFU_Articles/covid19/1487576696.txt,1487576696,1487576696.txt,100a9b9653ce147fb3ee093f049302afdea0e190ea12ae6ba389d72bf42349ff,6764,b8ee8a69-8e8a-45d1-9ba9-5eeb153bf93c,covid_individual.IAA,5583cfc1-c5f5-49da-9611-9d3e365315fd,Copied from  227 (Denise Toor) at 2021-05-13T202205,True,9f129ea9-0eeb-4631-bd57-84246f3855fe,NOT_FOUND,Individualv4.2,01.12.06,0,0fba99d3-1e37-4626-85f2-6541d4bacbec,{},0,0,0,,12,6,4d3b1e615fd8e0a137a7a34740e304c8e073774db7a923262a1850bb9368823e,1,[0]
2806,SFU_Articles/covid19/1487576696.txt,1487576696,1487576696.txt,100a9b9653ce147fb3ee093f049302afdea0e190ea12ae6ba389d72bf42349ff,6764,b8ee8a69-8e8a-45d1-9ba9-5eeb153bf93c,covid_individual.IAA,5583cfc1-c5f5-49da-9611-9d3e365315fd,Copied from  227 (Denise Toor) at 2021-05-13T202205,True,9f129ea9-0eeb-4631-bd57-84246f3855fe,NOT_FOUND,Individualv4.2,01.13.01,0,caea2dc0-84d1-44f9-b235-54ac327e16e2,{},0,0,0,,13,1,4d3b1e615fd8e0a137a7a34740e304c8e073774db7a923262a1850bb9368823e,1,[0]
