,article_batch_name,article_number,article_filename,article_sha256,article_text_length,tua_group_uuid,tua_group_name,tua_batch_uuid,tua_batch_name,tua_batch_final,source_task_uuid,tua_uuid,namespace,topic_name,case_number,answer_uuid,extra,highlight_count,start_pos,end_pos,target_text,question_Number,agreed_Answer,schema_sha256,agreement_score,highlighted_indices
395,SFU_Articles/covid19/1396089305.txt,1396089305,1396089305.txt,8b89c95fc3eee9ff051ddb452d4312c85ef81577436c2771488a9d569c2ac73a,6542,b8ee8a69-8e8a-45d1-9ba9-5eeb153bf93c,covid_individual.IAA,232c33b9-b6e6-4998-842e-de7d509af18c,Consensus generated at 2021-03-23T030517,True,a56635df-cb4a-455c-9416-6508c42ee4e2,NOT_FOUND,Individualv4.2,01.01.02,1,b6b8ba9b-9d7a-47ca-b2c4-38eba1790731,"{""contrib_count"": 2, ""answer_text_list"": []}",0,0,0,,1,2,4d3b1e615fd8e0a137a7a34740e304c8e073774db7a923262a1850bb9368823e,1,[0]
396,SFU_Articles/covid19/1396089305.txt,1396089305,1396089305.txt,8b89c95fc3eee9ff051ddb452d4312c85ef81577436c2771488a9d569c2ac73a,6542,b8ee8a69-8e8a-45d1-9ba9-5eeb153bf93c,covid_individual.IAA,232c33b9-b6e6-4998-842e-de7d509af18c,Consensus generated at 2021-03-23T030517,True,a56635df-cb4a-455c-9416-6508c42ee4e2,NOT_FOUND,Individualv4.2,01.08.03,1,d565ff04-6156-4124-95a7-299e53d55309,"{""contrib_count"": 2, ""answer_text_list"": []}",1,6245,6267,the world is listening,8,3,4d3b1e615fd8e0a137a7a34740e304c8e073774db7a923262a1850bb9368823e,1,"[6245, 6246, 6247, 6248, 6249, 6250, 6251, 6252, 6253, 6254, 6255, 6256, 6257, 6258, 6259, 6260, 6261, 6262, 6263, 6264, 6265, 6266, 6267]"
397,SFU_Articles/covid19/1396089305.txt,1396089305,1396089305.txt,8b89c95fc3eee9ff051ddb452d4312c85ef81577436c2771488a9d569c2ac73a,6542,b8ee8a69-8e8a-45d1-9ba9-5eeb153bf93c,covid_individual.IAA,232c33b9-b6e6-4998-842e-de7d509af18c,Consensus generated at 2021-03-23T030517,True,a56635df-cb4a-455c-9416-6508c42ee4e2,NOT_FOUND,Individualv4.2,01.02.04,1,cea46ec9-98b6-44c1-9700-2ba5f4c038cc,"{""contrib_count"": 2, ""answer_text_list"": []}",0,0,0,,2,4,4d3b1e615fd8e0a137a7a34740e304c8e073774db7a923262a1850bb9368823e,1,[0]
398,SFU_Articles/covid19/1396089305.txt,1396089305,1396089305.txt,8b89c95fc3eee9ff051ddb452d4312c85ef81577436c2771488a9d569c2ac73a,6542,b8ee8a69-8e8a-45d1-9ba9-5eeb153bf93c,covid_individual.IAA,232c33b9-b6e6-4998-842e-de7d509af18c,Consensus generated at 2021-03-23T030517,True,a56635df-cb4a-455c-9416-6508c42ee4e2,NOT_FOUND,Individualv4.2,01.13.01,1,caea2dc0-84d1-44f9-b235-54ac327e16e2,"{""contrib_count"": 3, ""answer_text_list"": []}",0,0,0,,13,1,4d3b1e615fd8e0a137a7a34740e304c8e073774db7a923262a1850bb9368823e,1,[0]
399,SFU_Articles/covid19/1396089305.txt,1396089305,1396089305.txt,8b89c95fc3eee9ff051ddb452d4312c85ef81577436c2771488a9d569c2ac73a,6542,b8ee8a69-8e8a-45d1-9ba9-5eeb153bf93c,covid_individual.IAA,232c33b9-b6e6-4998-842e-de7d509af18c,Consensus generated at 2021-03-23T030517,True,a56635df-cb4a-455c-9416-6508c42ee4e2,NOT_FOUND,Individualv4.2,01.11.04,1,8999b4be-7e40-496c-8318-f67e436bde71,"{""contrib_count"": 2, ""answer_text_list"": []}",0,0,0,,11,4,4d3b1e615fd8e0a137a7a34740e304c8e073774db7a923262a1850bb9368823e,1,[0]
1532,SFU_Articles/covid19/1396089305.txt,1396089305,1396089305.txt,8b89c95fc3eee9ff051ddb452d4312c85ef81577436c2771488a9d569c2ac73a,6542,b8ee8a69-8e8a-45d1-9ba9-5eeb153bf93c,covid_individual.IAA,5583cfc1-c5f5-49da-9611-9d3e365315fd,Copied from  227 (Denise Toor) at 2021-05-13T202205,True,a56635df-cb4a-455c-9416-6508c42ee4e2,NOT_FOUND,Individualv4.2,01.01.01,0,6aec528a-d927-43bc-a317-2db0c4efd1b1,{},0,0,0,,1,1,4d3b1e615fd8e0a137a7a34740e304c8e073774db7a923262a1850bb9368823e,1,[0]
1533,SFU_Articles/covid19/1396089305.txt,1396089305,1396089305.txt,8b89c95fc3eee9ff051ddb452d4312c85ef81577436c2771488a9d569c2ac73a,6542,b8ee8a69-8e8a-45d1-9ba9-5eeb153bf93c,covid_individual.IAA,5583cfc1-c5f5-49da-9611-9d3e365315fd,Copied from  227 (Denise Toor) at 2021-05-13T202205,True,a56635df-cb4a-455c-9416-6508c42ee4e2,NOT_FOUND,Individualv4.2,01.02.04,0,cea46ec9-98b6-44c1-9700-2ba5f4c038cc,{},0,0,0,,2,4,4d3b1e615fd8e0a137a7a34740e304c8e073774db7a923262a1850bb9368823e,1,[0]
1534,SFU_Articles/covid19/1396089305.txt,1396089305,1396089305.txt,8b89c95fc3eee9ff051ddb452d4312c85ef81577436c2771488a9d569c2ac73a,6542,b8ee8a69-8e8a-45d1-9ba9-5eeb153bf93c,covid_individual.IAA,5583cfc1-c5f5-49da-9611-9d3e365315fd,Copied from  227 (Denise Toor) at 2021-05-13T202205,True,a56635df-cb4a-455c-9416-6508c42ee4e2,NOT_FOUND,Individualv4.2,01.11.04,0,8999b4be-7e40-496c-8318-f67e436bde71,{},0,0,0,,11,4,4d3b1e615fd8e0a137a7a34740e304c8e073774db7a923262a1850bb9368823e,1,[0]
1535,SFU_Articles/covid19/1396089305.txt,1396089305,1396089305.txt,8b89c95fc3eee9ff051ddb452d4312c85ef81577436c2771488a9d569c2ac73a,6542,b8ee8a69-8e8a-45d1-9ba9-5eeb153bf93c,covid_individual.IAA,5583cfc1-c5f5-49da-9611-9d3e365315fd,Copied from  227 (Denise Toor) at 2021-05-13T202205,True,a56635df-cb4a-455c-9416-6508c42ee4e2,NOT_FOUND,Individualv4.2,01.12.08,0,af46deac-d0f7-49a6-b594-d8d44b54088e,{},0,0,0,,12,8,4d3b1e615fd8e0a137a7a34740e304c8e073774db7a923262a1850bb9368823e,1,[0]
1536,SFU_Articles/covid19/1396089305.txt,1396089305,1396089305.txt,8b89c95fc3eee9ff051ddb452d4312c85ef81577436c2771488a9d569c2ac73a,6542,b8ee8a69-8e8a-45d1-9ba9-5eeb153bf93c,covid_individual.IAA,5583cfc1-c5f5-49da-9611-9d3e365315fd,Copied from  227 (Denise Toor) at 2021-05-13T202205,True,a56635df-cb4a-455c-9416-6508c42ee4e2,NOT_FOUND,Individualv4.2,01.13.01,0,caea2dc0-84d1-44f9-b235-54ac327e16e2,{},0,0,0,,13,1,4d3b1e615fd8e0a137a7a34740e304c8e073774db7a923262a1850bb9368823e,1,[0]
