,article_batch_name,article_number,article_filename,article_sha256,article_text_length,tua_group_uuid,tua_group_name,tua_batch_uuid,tua_batch_name,tua_batch_final,source_task_uuid,tua_uuid,namespace,topic_name,case_number,answer_uuid,extra,highlight_count,start_pos,end_pos,target_text,question_Number,agreed_Answer,schema_sha256,agreement_score,highlighted_indices
622,SFU_Articles/covid19/1485889498.txt,1485889498,1485889498.txt,5fdba1f40cfa4b70eeec3ac24cecbd959985ebe74fe1dafd11f4535824b53535,5056,b8ee8a69-8e8a-45d1-9ba9-5eeb153bf93c,covid_individual.IAA,232c33b9-b6e6-4998-842e-de7d509af18c,Consensus generated at 2021-03-23T030517,True,9099c185-72ce-4986-8c34-e293acaf3bce,NOT_FOUND,Individualv4.2,01.08.03,1,d565ff04-6156-4124-95a7-299e53d55309,"{""contrib_count"": 2, ""answer_text_list"": []}",1,4973,5001,take the mystery out of life,8,3,4d3b1e615fd8e0a137a7a34740e304c8e073774db7a923262a1850bb9368823e,1,"[4973, 4974, 4975, 4976, 4977, 4978, 4979, 4980, 4981, 4982, 4983, 4984, 4985, 4986, 4987, 4988, 4989, 4990, 4991, 4992, 4993, 4994, 4995, 4996, 4997, 4998, 4999, 5000, 5001]"
623,SFU_Articles/covid19/1485889498.txt,1485889498,1485889498.txt,5fdba1f40cfa4b70eeec3ac24cecbd959985ebe74fe1dafd11f4535824b53535,5056,b8ee8a69-8e8a-45d1-9ba9-5eeb153bf93c,covid_individual.IAA,232c33b9-b6e6-4998-842e-de7d509af18c,Consensus generated at 2021-03-23T030517,True,9099c185-72ce-4986-8c34-e293acaf3bce,NOT_FOUND,Individualv4.2,01.01.01,1,6aec528a-d927-43bc-a317-2db0c4efd1b1,"{""contrib_count"": 2, ""answer_text_list"": []}",0,0,0,,1,1,4d3b1e615fd8e0a137a7a34740e304c8e073774db7a923262a1850bb9368823e,1,[0]
624,SFU_Articles/covid19/1485889498.txt,1485889498,1485889498.txt,5fdba1f40cfa4b70eeec3ac24cecbd959985ebe74fe1dafd11f4535824b53535,5056,b8ee8a69-8e8a-45d1-9ba9-5eeb153bf93c,covid_individual.IAA,232c33b9-b6e6-4998-842e-de7d509af18c,Consensus generated at 2021-03-23T030517,True,9099c185-72ce-4986-8c34-e293acaf3bce,NOT_FOUND,Individualv4.2,01.12.06,1,0fba99d3-1e37-4626-85f2-6541d4bacbec,"{""contrib_count"": 2, ""answer_text_list"": []}",0,0,0,,12,6,4d3b1e615fd8e0a137a7a34740e304c8e073774db7a923262a1850bb9368823e,1,[0]
625,SFU_Articles/covid19/1485889498.txt,1485889498,1485889498.txt,5fdba1f40cfa4b70eeec3ac24cecbd959985ebe74fe1dafd11f4535824b53535,5056,b8ee8a69-8e8a-45d1-9ba9-5eeb153bf93c,covid_individual.IAA,232c33b9-b6e6-4998-842e-de7d509af18c,Consensus generated at 2021-03-23T030517,True,9099c185-72ce-4986-8c34-e293acaf3bce,NOT_FOUND,Individualv4.2,01.02.04,1,cea46ec9-98b6-44c1-9700-2ba5f4c038cc,"{""contrib_count"": 2, ""answer_text_list"": []}",0,0,0,,2,4,4d3b1e615fd8e0a137a7a34740e304c8e073774db7a923262a1850bb9368823e,1,[0]
626,SFU_Articles/covid19/1485889498.txt,1485889498,1485889498.txt,5fdba1f40cfa4b70eeec3ac24cecbd959985ebe74fe1dafd11f4535824b53535,5056,b8ee8a69-8e8a-45d1-9ba9-5eeb153bf93c,covid_individual.IAA,232c33b9-b6e6-4998-842e-de7d509af18c,Consensus generated at 2021-03-23T030517,True,9099c185-72ce-4986-8c34-e293acaf3bce,NOT_FOUND,Individualv4.2,01.13.01,1,caea2dc0-84d1-44f9-b235-54ac327e16e2,"{""contrib_count"": 3, ""answer_text_list"": []}",0,0,0,,13,1,4d3b1e615fd8e0a137a7a34740e304c8e073774db7a923262a1850bb9368823e,1,[0]
627,SFU_Articles/covid19/1485889498.txt,1485889498,1485889498.txt,5fdba1f40cfa4b70eeec3ac24cecbd959985ebe74fe1dafd11f4535824b53535,5056,b8ee8a69-8e8a-45d1-9ba9-5eeb153bf93c,covid_individual.IAA,232c33b9-b6e6-4998-842e-de7d509af18c,Consensus generated at 2021-03-23T030517,True,9099c185-72ce-4986-8c34-e293acaf3bce,NOT_FOUND,Individualv4.2,01.11.04,1,8999b4be-7e40-496c-8318-f67e436bde71,"{""contrib_count"": 2, ""answer_text_list"": []}",0,0,0,,11,4,4d3b1e615fd8e0a137a7a34740e304c8e073774db7a923262a1850bb9368823e,1,[0]
2789,SFU_Articles/covid19/1485889498.txt,1485889498,1485889498.txt,5fdba1f40cfa4b70eeec3ac24cecbd959985ebe74fe1dafd11f4535824b53535,5056,b8ee8a69-8e8a-45d1-9ba9-5eeb153bf93c,covid_individual.IAA,5583cfc1-c5f5-49da-9611-9d3e365315fd,Copied from  227 (Denise Toor) at 2021-05-13T202205,True,9099c185-72ce-4986-8c34-e293acaf3bce,NOT_FOUND,Individualv4.2,01.01.01,0,6aec528a-d927-43bc-a317-2db0c4efd1b1,{},0,0,0,,1,1,4d3b1e615fd8e0a137a7a34740e304c8e073774db7a923262a1850bb9368823e,1,[0]
2790,SFU_Articles/covid19/1485889498.txt,1485889498,1485889498.txt,5fdba1f40cfa4b70eeec3ac24cecbd959985ebe74fe1dafd11f4535824b53535,5056,b8ee8a69-8e8a-45d1-9ba9-5eeb153bf93c,covid_individual.IAA,5583cfc1-c5f5-49da-9611-9d3e365315fd,Copied from  227 (Denise Toor) at 2021-05-13T202205,True,9099c185-72ce-4986-8c34-e293acaf3bce,NOT_FOUND,Individualv4.2,01.02.02,0,4e6a8b8a-d18e-4a46-9625-b73b61ff4dbf,{},0,0,0,,2,2,4d3b1e615fd8e0a137a7a34740e304c8e073774db7a923262a1850bb9368823e,1,[0]
2791,SFU_Articles/covid19/1485889498.txt,1485889498,1485889498.txt,5fdba1f40cfa4b70eeec3ac24cecbd959985ebe74fe1dafd11f4535824b53535,5056,b8ee8a69-8e8a-45d1-9ba9-5eeb153bf93c,covid_individual.IAA,5583cfc1-c5f5-49da-9611-9d3e365315fd,Copied from  227 (Denise Toor) at 2021-05-13T202205,True,9099c185-72ce-4986-8c34-e293acaf3bce,NOT_FOUND,Individualv4.2,01.04.03,1,8b4f0e94-1747-44ca-84fc-cd08305bb494,{},1,4947,5001,Sometimes it is better to take the mystery out of life,4,3,4d3b1e615fd8e0a137a7a34740e304c8e073774db7a923262a1850bb9368823e,1,"[4947, 4948, 4949, 4950, 4951, 4952, 4953, 4954, 4955, 4956, 4957, 4958, 4959, 4960, 4961, 4962, 4963, 4964, 4965, 4966, 4967, 4968, 4969, 4970, 4971, 4972, 4973, 4974, 4975, 4976, 4977, 4978, 4979, 4980, 4981, 4982, 4983, 4984, 4985, 4986, 4987, 4988, 4989, 4990, 4991, 4992, 4993, 4994, 4995, 4996, 4997, 4998, 4999, 5000, 5001]"
2792,SFU_Articles/covid19/1485889498.txt,1485889498,1485889498.txt,5fdba1f40cfa4b70eeec3ac24cecbd959985ebe74fe1dafd11f4535824b53535,5056,b8ee8a69-8e8a-45d1-9ba9-5eeb153bf93c,covid_individual.IAA,5583cfc1-c5f5-49da-9611-9d3e365315fd,Copied from  227 (Denise Toor) at 2021-05-13T202205,True,9099c185-72ce-4986-8c34-e293acaf3bce,NOT_FOUND,Individualv4.2,01.11.04,0,8999b4be-7e40-496c-8318-f67e436bde71,{},0,0,0,,11,4,4d3b1e615fd8e0a137a7a34740e304c8e073774db7a923262a1850bb9368823e,1,[0]
2793,SFU_Articles/covid19/1485889498.txt,1485889498,1485889498.txt,5fdba1f40cfa4b70eeec3ac24cecbd959985ebe74fe1dafd11f4535824b53535,5056,b8ee8a69-8e8a-45d1-9ba9-5eeb153bf93c,covid_individual.IAA,5583cfc1-c5f5-49da-9611-9d3e365315fd,Copied from  227 (Denise Toor) at 2021-05-13T202205,True,9099c185-72ce-4986-8c34-e293acaf3bce,NOT_FOUND,Individualv4.2,01.12.06,0,0fba99d3-1e37-4626-85f2-6541d4bacbec,{},0,0,0,,12,6,4d3b1e615fd8e0a137a7a34740e304c8e073774db7a923262a1850bb9368823e,1,[0]
2794,SFU_Articles/covid19/1485889498.txt,1485889498,1485889498.txt,5fdba1f40cfa4b70eeec3ac24cecbd959985ebe74fe1dafd11f4535824b53535,5056,b8ee8a69-8e8a-45d1-9ba9-5eeb153bf93c,covid_individual.IAA,5583cfc1-c5f5-49da-9611-9d3e365315fd,Copied from  227 (Denise Toor) at 2021-05-13T202205,True,9099c185-72ce-4986-8c34-e293acaf3bce,NOT_FOUND,Individualv4.2,01.13.01,0,caea2dc0-84d1-44f9-b235-54ac327e16e2,{},0,0,0,,13,1,4d3b1e615fd8e0a137a7a34740e304c8e073774db7a923262a1850bb9368823e,1,[0]
