,article_batch_name,article_number,article_filename,article_sha256,article_text_length,tua_group_uuid,tua_group_name,tua_batch_uuid,tua_batch_name,tua_batch_final,source_task_uuid,tua_uuid,namespace,topic_name,case_number,answer_uuid,extra,highlight_count,start_pos,end_pos,target_text,question_Number,agreed_Answer,schema_sha256,agreement_score,highlighted_indices
68,SFU_Articles/covid19/1487795335.txt,1487795335,1487795335.txt,47fab8d69ad2f50595a6e0fb4f37ba70d333700250ae7a4cfe8cd47731cef315,5648,b8ee8a69-8e8a-45d1-9ba9-5eeb153bf93c,covid_individual.IAA,232c33b9-b6e6-4998-842e-de7d509af18c,Consensus generated at 2021-03-23T030517,True,53aabdb1-7e96-47cb-ad16-58088361112f,NOT_FOUND,Individualv4.2,01.08.03,1,d565ff04-6156-4124-95a7-299e53d55309,"{""contrib_count"": 3, ""answer_text_list"": []}",1,2873,2922,It takes time to really fish out what is going on,8,3,4d3b1e615fd8e0a137a7a34740e304c8e073774db7a923262a1850bb9368823e,1,"[2873, 2874, 2875, 2876, 2877, 2878, 2879, 2880, 2881, 2882, 2883, 2884, 2885, 2886, 2887, 2888, 2889, 2890, 2891, 2892, 2893, 2894, 2895, 2896, 2897, 2898, 2899, 2900, 2901, 2902, 2903, 2904, 2905, 2906, 2907, 2908, 2909, 2910, 2911, 2912, 2913, 2914, 2915, 2916, 2917, 2918, 2919, 2920, 2921, 2922]"
69,SFU_Articles/covid19/1487795335.txt,1487795335,1487795335.txt,47fab8d69ad2f50595a6e0fb4f37ba70d333700250ae7a4cfe8cd47731cef315,5648,b8ee8a69-8e8a-45d1-9ba9-5eeb153bf93c,covid_individual.IAA,232c33b9-b6e6-4998-842e-de7d509af18c,Consensus generated at 2021-03-23T030517,True,53aabdb1-7e96-47cb-ad16-58088361112f,NOT_FOUND,Individualv4.2,01.01.01,1,6aec528a-d927-43bc-a317-2db0c4efd1b1,"{""contrib_count"": 2, ""answer_text_list"": []}",0,0,0,,1,1,4d3b1e615fd8e0a137a7a34740e304c8e073774db7a923262a1850bb9368823e,1,[0]
70,SFU_Articles/covid19/1487795335.txt,1487795335,1487795335.txt,47fab8d69ad2f50595a6e0fb4f37ba70d333700250ae7a4cfe8cd47731cef315,5648,b8ee8a69-8e8a-45d1-9ba9-5eeb153bf93c,covid_individual.IAA,232c33b9-b6e6-4998-842e-de7d509af18c,Consensus generated at 2021-03-23T030517,True,53aabdb1-7e96-47cb-ad16-58088361112f,NOT_FOUND,Individualv4.2,01.12.06,1,0fba99d3-1e37-4626-85f2-6541d4bacbec,"{""contrib_count"": 2, ""answer_text_list"": []}",0,0,0,,12,6,4d3b1e615fd8e0a137a7a34740e304c8e073774db7a923262a1850bb9368823e,1,[0]
71,SFU_Articles/covid19/1487795335.txt,1487795335,1487795335.txt,47fab8d69ad2f50595a6e0fb4f37ba70d333700250ae7a4cfe8cd47731cef315,5648,b8ee8a69-8e8a-45d1-9ba9-5eeb153bf93c,covid_individual.IAA,232c33b9-b6e6-4998-842e-de7d509af18c,Consensus generated at 2021-03-23T030517,True,53aabdb1-7e96-47cb-ad16-58088361112f,NOT_FOUND,Individualv4.2,01.02.04,1,cea46ec9-98b6-44c1-9700-2ba5f4c038cc,"{""contrib_count"": 3, ""answer_text_list"": []}",0,0,0,,2,4,4d3b1e615fd8e0a137a7a34740e304c8e073774db7a923262a1850bb9368823e,1,[0]
72,SFU_Articles/covid19/1487795335.txt,1487795335,1487795335.txt,47fab8d69ad2f50595a6e0fb4f37ba70d333700250ae7a4cfe8cd47731cef315,5648,b8ee8a69-8e8a-45d1-9ba9-5eeb153bf93c,covid_individual.IAA,232c33b9-b6e6-4998-842e-de7d509af18c,Consensus generated at 2021-03-23T030517,True,53aabdb1-7e96-47cb-ad16-58088361112f,NOT_FOUND,Individualv4.2,01.13.01,1,caea2dc0-84d1-44f9-b235-54ac327e16e2,"{""contrib_count"": 3, ""answer_text_list"": []}",0,0,0,,13,1,4d3b1e615fd8e0a137a7a34740e304c8e073774db7a923262a1850bb9368823e,1,[0]
73,SFU_Articles/covid19/1487795335.txt,1487795335,1487795335.txt,47fab8d69ad2f50595a6e0fb4f37ba70d333700250ae7a4cfe8cd47731cef315,5648,b8ee8a69-8e8a-45d1-9ba9-5eeb153bf93c,covid_individual.IAA,232c33b9-b6e6-4998-842e-de7d509af18c,Consensus generated at 2021-03-23T030517,True,53aabdb1-7e96-47cb-ad16-58088361112f,NOT_FOUND,Individualv4.2,01.11.04,1,8999b4be-7e40-496c-8318-f67e436bde71,"{""contrib_count"": 2, ""answer_text_list"": []}",0,0,0,,11,4,4d3b1e615fd8e0a137a7a34740e304c8e073774db7a923262a1850bb9368823e,1,[0]
2807,SFU_Articles/covid19/1487795335.txt,1487795335,1487795335.txt,47fab8d69ad2f50595a6e0fb4f37ba70d333700250ae7a4cfe8cd47731cef315,5648,b8ee8a69-8e8a-45d1-9ba9-5eeb153bf93c,covid_individual.IAA,5583cfc1-c5f5-49da-9611-9d3e365315fd,Copied from  227 (Denise Toor) at 2021-05-13T202205,True,53aabdb1-7e96-47cb-ad16-58088361112f,NOT_FOUND,Individualv4.2,01.01.01,0,6aec528a-d927-43bc-a317-2db0c4efd1b1,{},0,0,0,,1,1,4d3b1e615fd8e0a137a7a34740e304c8e073774db7a923262a1850bb9368823e,1,[0]
2808,SFU_Articles/covid19/1487795335.txt,1487795335,1487795335.txt,47fab8d69ad2f50595a6e0fb4f37ba70d333700250ae7a4cfe8cd47731cef315,5648,b8ee8a69-8e8a-45d1-9ba9-5eeb153bf93c,covid_individual.IAA,5583cfc1-c5f5-49da-9611-9d3e365315fd,Copied from  227 (Denise Toor) at 2021-05-13T202205,True,53aabdb1-7e96-47cb-ad16-58088361112f,NOT_FOUND,Individualv4.2,01.02.04,0,cea46ec9-98b6-44c1-9700-2ba5f4c038cc,{},0,0,0,,2,4,4d3b1e615fd8e0a137a7a34740e304c8e073774db7a923262a1850bb9368823e,1,[0]
2809,SFU_Articles/covid19/1487795335.txt,1487795335,1487795335.txt,47fab8d69ad2f50595a6e0fb4f37ba70d333700250ae7a4cfe8cd47731cef315,5648,b8ee8a69-8e8a-45d1-9ba9-5eeb153bf93c,covid_individual.IAA,5583cfc1-c5f5-49da-9611-9d3e365315fd,Copied from  227 (Denise Toor) at 2021-05-13T202205,True,53aabdb1-7e96-47cb-ad16-58088361112f,NOT_FOUND,Individualv4.2,01.02.05,0,9d2befd9-23ed-45b2-bee4-ad8ebd216771,{},0,0,0,,2,5,4d3b1e615fd8e0a137a7a34740e304c8e073774db7a923262a1850bb9368823e,1,[0]
2810,SFU_Articles/covid19/1487795335.txt,1487795335,1487795335.txt,47fab8d69ad2f50595a6e0fb4f37ba70d333700250ae7a4cfe8cd47731cef315,5648,b8ee8a69-8e8a-45d1-9ba9-5eeb153bf93c,covid_individual.IAA,5583cfc1-c5f5-49da-9611-9d3e365315fd,Copied from  227 (Denise Toor) at 2021-05-13T202205,True,53aabdb1-7e96-47cb-ad16-58088361112f,NOT_FOUND,Individualv4.2,01.02.02,0,4e6a8b8a-d18e-4a46-9625-b73b61ff4dbf,{},0,0,0,,2,2,4d3b1e615fd8e0a137a7a34740e304c8e073774db7a923262a1850bb9368823e,1,[0]
2811,SFU_Articles/covid19/1487795335.txt,1487795335,1487795335.txt,47fab8d69ad2f50595a6e0fb4f37ba70d333700250ae7a4cfe8cd47731cef315,5648,b8ee8a69-8e8a-45d1-9ba9-5eeb153bf93c,covid_individual.IAA,5583cfc1-c5f5-49da-9611-9d3e365315fd,Copied from  227 (Denise Toor) at 2021-05-13T202205,True,53aabdb1-7e96-47cb-ad16-58088361112f,NOT_FOUND,Individualv4.2,01.04.03,1,8b4f0e94-1747-44ca-84fc-cd08305bb494,{},1,2873,2922,It takes time to really fish out what is going on,4,3,4d3b1e615fd8e0a137a7a34740e304c8e073774db7a923262a1850bb9368823e,1,"[2873, 2874, 2875, 2876, 2877, 2878, 2879, 2880, 2881, 2882, 2883, 2884, 2885, 2886, 2887, 2888, 2889, 2890, 2891, 2892, 2893, 2894, 2895, 2896, 2897, 2898, 2899, 2900, 2901, 2902, 2903, 2904, 2905, 2906, 2907, 2908, 2909, 2910, 2911, 2912, 2913, 2914, 2915, 2916, 2917, 2918, 2919, 2920, 2921, 2922]"
2812,SFU_Articles/covid19/1487795335.txt,1487795335,1487795335.txt,47fab8d69ad2f50595a6e0fb4f37ba70d333700250ae7a4cfe8cd47731cef315,5648,b8ee8a69-8e8a-45d1-9ba9-5eeb153bf93c,covid_individual.IAA,5583cfc1-c5f5-49da-9611-9d3e365315fd,Copied from  227 (Denise Toor) at 2021-05-13T202205,True,53aabdb1-7e96-47cb-ad16-58088361112f,NOT_FOUND,Individualv4.2,01.09.01,1,1fb8bef7-274f-41a8-83e2-0d67d27759a8,{},1,2873,2933,"It takes time to really fish out what is going on,\u201d she said",9,1,4d3b1e615fd8e0a137a7a34740e304c8e073774db7a923262a1850bb9368823e,1,"[2873, 2874, 2875, 2876, 2877, 2878, 2879, 2880, 2881, 2882, 2883, 2884, 2885, 2886, 2887, 2888, 2889, 2890, 2891, 2892, 2893, 2894, 2895, 2896, 2897, 2898, 2899, 2900, 2901, 2902, 2903, 2904, 2905, 2906, 2907, 2908, 2909, 2910, 2911, 2912, 2913, 2914, 2915, 2916, 2917, 2918, 2919, 2920, 2921, 2922, 2923, 2924, 2925, 2926, 2927, 2928, 2929, 2930, 2931, 2932, 2933]"
2813,SFU_Articles/covid19/1487795335.txt,1487795335,1487795335.txt,47fab8d69ad2f50595a6e0fb4f37ba70d333700250ae7a4cfe8cd47731cef315,5648,b8ee8a69-8e8a-45d1-9ba9-5eeb153bf93c,covid_individual.IAA,5583cfc1-c5f5-49da-9611-9d3e365315fd,Copied from  227 (Denise Toor) at 2021-05-13T202205,True,53aabdb1-7e96-47cb-ad16-58088361112f,NOT_FOUND,Individualv4.2,01.11.04,0,8999b4be-7e40-496c-8318-f67e436bde71,{},0,0,0,,11,4,4d3b1e615fd8e0a137a7a34740e304c8e073774db7a923262a1850bb9368823e,1,[0]
2814,SFU_Articles/covid19/1487795335.txt,1487795335,1487795335.txt,47fab8d69ad2f50595a6e0fb4f37ba70d333700250ae7a4cfe8cd47731cef315,5648,b8ee8a69-8e8a-45d1-9ba9-5eeb153bf93c,covid_individual.IAA,5583cfc1-c5f5-49da-9611-9d3e365315fd,Copied from  227 (Denise Toor) at 2021-05-13T202205,True,53aabdb1-7e96-47cb-ad16-58088361112f,NOT_FOUND,Individualv4.2,01.12.06,0,0fba99d3-1e37-4626-85f2-6541d4bacbec,{},0,0,0,,12,6,4d3b1e615fd8e0a137a7a34740e304c8e073774db7a923262a1850bb9368823e,1,[0]
2815,SFU_Articles/covid19/1487795335.txt,1487795335,1487795335.txt,47fab8d69ad2f50595a6e0fb4f37ba70d333700250ae7a4cfe8cd47731cef315,5648,b8ee8a69-8e8a-45d1-9ba9-5eeb153bf93c,covid_individual.IAA,5583cfc1-c5f5-49da-9611-9d3e365315fd,Copied from  227 (Denise Toor) at 2021-05-13T202205,True,53aabdb1-7e96-47cb-ad16-58088361112f,NOT_FOUND,Individualv4.2,01.13.01,0,caea2dc0-84d1-44f9-b235-54ac327e16e2,{},0,0,0,,13,1,4d3b1e615fd8e0a137a7a34740e304c8e073774db7a923262a1850bb9368823e,1,[0]
