,article_batch_name,article_number,article_filename,article_sha256,article_text_length,tua_group_uuid,tua_group_name,tua_batch_uuid,tua_batch_name,tua_batch_final,source_task_uuid,tua_uuid,namespace,topic_name,case_number,answer_uuid,extra,highlight_count,start_pos,end_pos,target_text,question_Number,agreed_Answer,schema_sha256,agreement_score,highlighted_indices
730,SFU_Articles/covid19/1428353657.txt,1428353657,1428353657.txt,bdfaa80718c8214b4ae75aa6e47134718e0fb2aeb0752ce49f3932954584e3a3,1811,b8ee8a69-8e8a-45d1-9ba9-5eeb153bf93c,covid_individual.IAA,232c33b9-b6e6-4998-842e-de7d509af18c,Consensus generated at 2021-03-23T030517,True,8a865962-d79b-4266-9ecb-85a53a5a32a1,NOT_FOUND,Individualv4.2,01.13.01,1,caea2dc0-84d1-44f9-b235-54ac327e16e2,"{""contrib_count"": 3, ""answer_text_list"": []}",0,0,0,,13,1,4d3b1e615fd8e0a137a7a34740e304c8e073774db7a923262a1850bb9368823e,1,[0]
731,SFU_Articles/covid19/1428353657.txt,1428353657,1428353657.txt,bdfaa80718c8214b4ae75aa6e47134718e0fb2aeb0752ce49f3932954584e3a3,1811,b8ee8a69-8e8a-45d1-9ba9-5eeb153bf93c,covid_individual.IAA,232c33b9-b6e6-4998-842e-de7d509af18c,Consensus generated at 2021-03-23T030517,True,8a865962-d79b-4266-9ecb-85a53a5a32a1,NOT_FOUND,Individualv4.2,01.11.04,1,8999b4be-7e40-496c-8318-f67e436bde71,"{""contrib_count"": 2, ""answer_text_list"": []}",0,0,0,,11,4,4d3b1e615fd8e0a137a7a34740e304c8e073774db7a923262a1850bb9368823e,1,[0]
1782,SFU_Articles/covid19/1428353657.txt,1428353657,1428353657.txt,bdfaa80718c8214b4ae75aa6e47134718e0fb2aeb0752ce49f3932954584e3a3,1811,b8ee8a69-8e8a-45d1-9ba9-5eeb153bf93c,covid_individual.IAA,5583cfc1-c5f5-49da-9611-9d3e365315fd,Copied from  227 (Denise Toor) at 2021-05-13T202205,True,8a865962-d79b-4266-9ecb-85a53a5a32a1,NOT_FOUND,Individualv4.2,01.01.01,0,6aec528a-d927-43bc-a317-2db0c4efd1b1,{},0,0,0,,1,1,4d3b1e615fd8e0a137a7a34740e304c8e073774db7a923262a1850bb9368823e,1,[0]
1783,SFU_Articles/covid19/1428353657.txt,1428353657,1428353657.txt,bdfaa80718c8214b4ae75aa6e47134718e0fb2aeb0752ce49f3932954584e3a3,1811,b8ee8a69-8e8a-45d1-9ba9-5eeb153bf93c,covid_individual.IAA,5583cfc1-c5f5-49da-9611-9d3e365315fd,Copied from  227 (Denise Toor) at 2021-05-13T202205,True,8a865962-d79b-4266-9ecb-85a53a5a32a1,NOT_FOUND,Individualv4.2,01.02.05,0,9d2befd9-23ed-45b2-bee4-ad8ebd216771,{},0,0,0,,2,5,4d3b1e615fd8e0a137a7a34740e304c8e073774db7a923262a1850bb9368823e,1,[0]
1784,SFU_Articles/covid19/1428353657.txt,1428353657,1428353657.txt,bdfaa80718c8214b4ae75aa6e47134718e0fb2aeb0752ce49f3932954584e3a3,1811,b8ee8a69-8e8a-45d1-9ba9-5eeb153bf93c,covid_individual.IAA,5583cfc1-c5f5-49da-9611-9d3e365315fd,Copied from  227 (Denise Toor) at 2021-05-13T202205,True,8a865962-d79b-4266-9ecb-85a53a5a32a1,NOT_FOUND,Individualv4.2,01.09.01,1,1fb8bef7-274f-41a8-83e2-0d67d27759a8,{},1,1233,1270,Many scientists questioned the wisdom,9,1,4d3b1e615fd8e0a137a7a34740e304c8e073774db7a923262a1850bb9368823e,1,"[1233, 1234, 1235, 1236, 1237, 1238, 1239, 1240, 1241, 1242, 1243, 1244, 1245, 1246, 1247, 1248, 1249, 1250, 1251, 1252, 1253, 1254, 1255, 1256, 1257, 1258, 1259, 1260, 1261, 1262, 1263, 1264, 1265, 1266, 1267, 1268, 1269, 1270]"
1785,SFU_Articles/covid19/1428353657.txt,1428353657,1428353657.txt,bdfaa80718c8214b4ae75aa6e47134718e0fb2aeb0752ce49f3932954584e3a3,1811,b8ee8a69-8e8a-45d1-9ba9-5eeb153bf93c,covid_individual.IAA,5583cfc1-c5f5-49da-9611-9d3e365315fd,Copied from  227 (Denise Toor) at 2021-05-13T202205,True,8a865962-d79b-4266-9ecb-85a53a5a32a1,NOT_FOUND,Individualv4.2,01.11.04,0,8999b4be-7e40-496c-8318-f67e436bde71,{},0,0,0,,11,4,4d3b1e615fd8e0a137a7a34740e304c8e073774db7a923262a1850bb9368823e,1,[0]
1786,SFU_Articles/covid19/1428353657.txt,1428353657,1428353657.txt,bdfaa80718c8214b4ae75aa6e47134718e0fb2aeb0752ce49f3932954584e3a3,1811,b8ee8a69-8e8a-45d1-9ba9-5eeb153bf93c,covid_individual.IAA,5583cfc1-c5f5-49da-9611-9d3e365315fd,Copied from  227 (Denise Toor) at 2021-05-13T202205,True,8a865962-d79b-4266-9ecb-85a53a5a32a1,NOT_FOUND,Individualv4.2,01.12.07,0,5199a929-1dd9-482c-98c7-656d91d55c8d,{},0,0,0,,12,7,4d3b1e615fd8e0a137a7a34740e304c8e073774db7a923262a1850bb9368823e,1,[0]
1787,SFU_Articles/covid19/1428353657.txt,1428353657,1428353657.txt,bdfaa80718c8214b4ae75aa6e47134718e0fb2aeb0752ce49f3932954584e3a3,1811,b8ee8a69-8e8a-45d1-9ba9-5eeb153bf93c,covid_individual.IAA,5583cfc1-c5f5-49da-9611-9d3e365315fd,Copied from  227 (Denise Toor) at 2021-05-13T202205,True,8a865962-d79b-4266-9ecb-85a53a5a32a1,NOT_FOUND,Individualv4.2,01.13.01,0,caea2dc0-84d1-44f9-b235-54ac327e16e2,{},0,0,0,,13,1,4d3b1e615fd8e0a137a7a34740e304c8e073774db7a923262a1850bb9368823e,1,[0]
