,article_batch_name,article_number,article_filename,article_sha256,article_text_length,tua_group_uuid,tua_group_name,tua_batch_uuid,tua_batch_name,tua_batch_final,source_task_uuid,tua_uuid,namespace,topic_name,case_number,answer_uuid,extra,highlight_count,start_pos,end_pos,target_text,question_Number,agreed_Answer,schema_sha256,agreement_score,highlighted_indices
987,SFU_Articles/covid19/1468621741.txt,1468621741,1468621741.txt,a5d490caf8ed4309b27570dad5e05bfd7cdf419cc4637139e55cac5ab833ec0c,11106,b8ee8a69-8e8a-45d1-9ba9-5eeb153bf93c,covid_individual.IAA,232c33b9-b6e6-4998-842e-de7d509af18c,Consensus generated at 2021-03-23T030517,True,62f5ebe8-fcbe-4493-8f19-8aeb5048d4b1,NOT_FOUND,Individualv4.2,01.01.03,1,39f50c9a-d868-4f92-af45-5df13e6d5554,"{""contrib_count"": 2, ""answer_text_list"": []}",0,0,0,,1,3,4d3b1e615fd8e0a137a7a34740e304c8e073774db7a923262a1850bb9368823e,1,[0]
988,SFU_Articles/covid19/1468621741.txt,1468621741,1468621741.txt,a5d490caf8ed4309b27570dad5e05bfd7cdf419cc4637139e55cac5ab833ec0c,11106,b8ee8a69-8e8a-45d1-9ba9-5eeb153bf93c,covid_individual.IAA,232c33b9-b6e6-4998-842e-de7d509af18c,Consensus generated at 2021-03-23T030517,True,62f5ebe8-fcbe-4493-8f19-8aeb5048d4b1,NOT_FOUND,Individualv4.2,01.13.01,1,caea2dc0-84d1-44f9-b235-54ac327e16e2,"{""contrib_count"": 3, ""answer_text_list"": []}",0,0,0,,13,1,4d3b1e615fd8e0a137a7a34740e304c8e073774db7a923262a1850bb9368823e,1,[0]
2062,SFU_Articles/covid19/1468621741.txt,1468621741,1468621741.txt,a5d490caf8ed4309b27570dad5e05bfd7cdf419cc4637139e55cac5ab833ec0c,11106,b8ee8a69-8e8a-45d1-9ba9-5eeb153bf93c,covid_individual.IAA,5583cfc1-c5f5-49da-9611-9d3e365315fd,Copied from  227 (Denise Toor) at 2021-05-13T202205,True,62f5ebe8-fcbe-4493-8f19-8aeb5048d4b1,NOT_FOUND,Individualv4.2,01.01.01,0,6aec528a-d927-43bc-a317-2db0c4efd1b1,{},0,0,0,,1,1,4d3b1e615fd8e0a137a7a34740e304c8e073774db7a923262a1850bb9368823e,1,[0]
2063,SFU_Articles/covid19/1468621741.txt,1468621741,1468621741.txt,a5d490caf8ed4309b27570dad5e05bfd7cdf419cc4637139e55cac5ab833ec0c,11106,b8ee8a69-8e8a-45d1-9ba9-5eeb153bf93c,covid_individual.IAA,5583cfc1-c5f5-49da-9611-9d3e365315fd,Copied from  227 (Denise Toor) at 2021-05-13T202205,True,62f5ebe8-fcbe-4493-8f19-8aeb5048d4b1,NOT_FOUND,Individualv4.2,01.02.01,0,abd4d646-ec47-4d02-a05f-2bb6c16491c3,{},0,0,0,,2,1,4d3b1e615fd8e0a137a7a34740e304c8e073774db7a923262a1850bb9368823e,1,[0]
2064,SFU_Articles/covid19/1468621741.txt,1468621741,1468621741.txt,a5d490caf8ed4309b27570dad5e05bfd7cdf419cc4637139e55cac5ab833ec0c,11106,b8ee8a69-8e8a-45d1-9ba9-5eeb153bf93c,covid_individual.IAA,5583cfc1-c5f5-49da-9611-9d3e365315fd,Copied from  227 (Denise Toor) at 2021-05-13T202205,True,62f5ebe8-fcbe-4493-8f19-8aeb5048d4b1,NOT_FOUND,Individualv4.2,01.03.03,1,b4c406c0-22f3-4296-8b7c-614b76138038,{},1,3861,3920,There was a scene where I am actually hugging Nicole Kidman,3,3,4d3b1e615fd8e0a137a7a34740e304c8e073774db7a923262a1850bb9368823e,1,"[3861, 3862, 3863, 3864, 3865, 3866, 3867, 3868, 3869, 3870, 3871, 3872, 3873, 3874, 3875, 3876, 3877, 3878, 3879, 3880, 3881, 3882, 3883, 3884, 3885, 3886, 3887, 3888, 3889, 3890, 3891, 3892, 3893, 3894, 3895, 3896, 3897, 3898, 3899, 3900, 3901, 3902, 3903, 3904, 3905, 3906, 3907, 3908, 3909, 3910, 3911, 3912, 3913, 3914, 3915, 3916, 3917, 3918, 3919, 3920]"
2065,SFU_Articles/covid19/1468621741.txt,1468621741,1468621741.txt,a5d490caf8ed4309b27570dad5e05bfd7cdf419cc4637139e55cac5ab833ec0c,11106,b8ee8a69-8e8a-45d1-9ba9-5eeb153bf93c,covid_individual.IAA,5583cfc1-c5f5-49da-9611-9d3e365315fd,Copied from  227 (Denise Toor) at 2021-05-13T202205,True,62f5ebe8-fcbe-4493-8f19-8aeb5048d4b1,NOT_FOUND,Individualv4.2,01.11.03,0,ba2fa8c4-2530-4c81-9b4e-813cbb4fdbd5,{},0,0,0,,11,3,4d3b1e615fd8e0a137a7a34740e304c8e073774db7a923262a1850bb9368823e,1,[0]
2066,SFU_Articles/covid19/1468621741.txt,1468621741,1468621741.txt,a5d490caf8ed4309b27570dad5e05bfd7cdf419cc4637139e55cac5ab833ec0c,11106,b8ee8a69-8e8a-45d1-9ba9-5eeb153bf93c,covid_individual.IAA,5583cfc1-c5f5-49da-9611-9d3e365315fd,Copied from  227 (Denise Toor) at 2021-05-13T202205,True,62f5ebe8-fcbe-4493-8f19-8aeb5048d4b1,NOT_FOUND,Individualv4.2,01.12.08,0,af46deac-d0f7-49a6-b594-d8d44b54088e,{},0,0,0,,12,8,4d3b1e615fd8e0a137a7a34740e304c8e073774db7a923262a1850bb9368823e,1,[0]
2067,SFU_Articles/covid19/1468621741.txt,1468621741,1468621741.txt,a5d490caf8ed4309b27570dad5e05bfd7cdf419cc4637139e55cac5ab833ec0c,11106,b8ee8a69-8e8a-45d1-9ba9-5eeb153bf93c,covid_individual.IAA,5583cfc1-c5f5-49da-9611-9d3e365315fd,Copied from  227 (Denise Toor) at 2021-05-13T202205,True,62f5ebe8-fcbe-4493-8f19-8aeb5048d4b1,NOT_FOUND,Individualv4.2,01.13.01,0,caea2dc0-84d1-44f9-b235-54ac327e16e2,{},0,0,0,,13,1,4d3b1e615fd8e0a137a7a34740e304c8e073774db7a923262a1850bb9368823e,1,[0]
