,article_batch_name,article_number,article_filename,article_sha256,article_text_length,tua_group_uuid,tua_group_name,tua_batch_uuid,tua_batch_name,tua_batch_final,source_task_uuid,tua_uuid,namespace,topic_name,case_number,answer_uuid,extra,highlight_count,start_pos,end_pos,target_text,question_Number,agreed_Answer,schema_sha256,agreement_score,highlighted_indices
186,SFU_Articles/covid19/1468621741.txt,1468621741,1468621741.txt,a5d490caf8ed4309b27570dad5e05bfd7cdf419cc4637139e55cac5ab833ec0c,11106,b8ee8a69-8e8a-45d1-9ba9-5eeb153bf93c,covid_individual.IAA,232c33b9-b6e6-4998-842e-de7d509af18c,Consensus generated at 2021-03-23T030517,True,73d78058-c248-4531-bf8c-8d0b195abfbb,NOT_FOUND,Individualv4.2,01.02.01,1,abd4d646-ec47-4d02-a05f-2bb6c16491c3,"{""contrib_count"": 3, ""answer_text_list"": []}",0,0,0,,2,1,4d3b1e615fd8e0a137a7a34740e304c8e073774db7a923262a1850bb9368823e,1,[0]
187,SFU_Articles/covid19/1468621741.txt,1468621741,1468621741.txt,a5d490caf8ed4309b27570dad5e05bfd7cdf419cc4637139e55cac5ab833ec0c,11106,b8ee8a69-8e8a-45d1-9ba9-5eeb153bf93c,covid_individual.IAA,232c33b9-b6e6-4998-842e-de7d509af18c,Consensus generated at 2021-03-23T030517,True,73d78058-c248-4531-bf8c-8d0b195abfbb,NOT_FOUND,Individualv4.2,01.01.01,1,6aec528a-d927-43bc-a317-2db0c4efd1b1,"{""contrib_count"": 2, ""answer_text_list"": []}",0,0,0,,1,1,4d3b1e615fd8e0a137a7a34740e304c8e073774db7a923262a1850bb9368823e,1,[0]
188,SFU_Articles/covid19/1468621741.txt,1468621741,1468621741.txt,a5d490caf8ed4309b27570dad5e05bfd7cdf419cc4637139e55cac5ab833ec0c,11106,b8ee8a69-8e8a-45d1-9ba9-5eeb153bf93c,covid_individual.IAA,232c33b9-b6e6-4998-842e-de7d509af18c,Consensus generated at 2021-03-23T030517,True,73d78058-c248-4531-bf8c-8d0b195abfbb,NOT_FOUND,Individualv4.2,01.03.03,1,b4c406c0-22f3-4296-8b7c-614b76138038,"{""contrib_count"": 3, ""answer_text_list"": []}",1,10303,10431,"I always think you should be open to anything, as long as it's legal and it doesn't hurt anybody, you should take an opportunity",3,3,4d3b1e615fd8e0a137a7a34740e304c8e073774db7a923262a1850bb9368823e,1,"[10303, 10304, 10305, 10306, 10307, 10308, 10309, 10310, 10311, 10312, 10313, 10314, 10315, 10316, 10317, 10318, 10319, 10320, 10321, 10322, 10323, 10324, 10325, 10326, 10327, 10328, 10329, 10330, 10331, 10332, 10333, 10334, 10335, 10336, 10337, 10338, 10339, 10340, 10341, 10342, 10343, 10344, 10345, 10346, 10347, 10348, 10349, 10350, 10351, 10352, 10353, 10354, 10355, 10356, 10357, 10358, 10359, 10360, 10361, 10362, 10363, 10364, 10365, 10366, 10367, 10368, 10369, 10370, 10371, 10372, 10373, 10374, 10375, 10376, 10377, 10378, 10379, 10380, 10381, 10382, 10383, 10384, 10385, 10386, 10387, 10388, 10389, 10390, 10391, 10392, 10393, 10394, 10395, 10396, 10397, 10398, 10399, 10400, 10401, 10402, 10403, 10404, 10405, 10406, 10407, 10408, 10409, 10410, 10411, 10412, 10413, 10414, 10415, 10416, 10417, 10418, 10419, 10420, 10421, 10422, 10423, 10424, 10425, 10426, 10427, 10428, 10429, 10430, 10431]"
189,SFU_Articles/covid19/1468621741.txt,1468621741,1468621741.txt,a5d490caf8ed4309b27570dad5e05bfd7cdf419cc4637139e55cac5ab833ec0c,11106,b8ee8a69-8e8a-45d1-9ba9-5eeb153bf93c,covid_individual.IAA,232c33b9-b6e6-4998-842e-de7d509af18c,Consensus generated at 2021-03-23T030517,True,73d78058-c248-4531-bf8c-8d0b195abfbb,NOT_FOUND,Individualv4.2,01.13.01,1,caea2dc0-84d1-44f9-b235-54ac327e16e2,"{""contrib_count"": 3, ""answer_text_list"": []}",0,0,0,,13,1,4d3b1e615fd8e0a137a7a34740e304c8e073774db7a923262a1850bb9368823e,1,[0]
2221,SFU_Articles/covid19/1468621741.txt,1468621741,1468621741.txt,a5d490caf8ed4309b27570dad5e05bfd7cdf419cc4637139e55cac5ab833ec0c,11106,b8ee8a69-8e8a-45d1-9ba9-5eeb153bf93c,covid_individual.IAA,5583cfc1-c5f5-49da-9611-9d3e365315fd,Copied from  227 (Denise Toor) at 2021-05-13T202205,True,73d78058-c248-4531-bf8c-8d0b195abfbb,NOT_FOUND,Individualv4.2,01.01.01,0,6aec528a-d927-43bc-a317-2db0c4efd1b1,{},0,0,0,,1,1,4d3b1e615fd8e0a137a7a34740e304c8e073774db7a923262a1850bb9368823e,1,[0]
2222,SFU_Articles/covid19/1468621741.txt,1468621741,1468621741.txt,a5d490caf8ed4309b27570dad5e05bfd7cdf419cc4637139e55cac5ab833ec0c,11106,b8ee8a69-8e8a-45d1-9ba9-5eeb153bf93c,covid_individual.IAA,5583cfc1-c5f5-49da-9611-9d3e365315fd,Copied from  227 (Denise Toor) at 2021-05-13T202205,True,73d78058-c248-4531-bf8c-8d0b195abfbb,NOT_FOUND,Individualv4.2,01.02.02,0,4e6a8b8a-d18e-4a46-9625-b73b61ff4dbf,{},0,0,0,,2,2,4d3b1e615fd8e0a137a7a34740e304c8e073774db7a923262a1850bb9368823e,1,[0]
2223,SFU_Articles/covid19/1468621741.txt,1468621741,1468621741.txt,a5d490caf8ed4309b27570dad5e05bfd7cdf419cc4637139e55cac5ab833ec0c,11106,b8ee8a69-8e8a-45d1-9ba9-5eeb153bf93c,covid_individual.IAA,5583cfc1-c5f5-49da-9611-9d3e365315fd,Copied from  227 (Denise Toor) at 2021-05-13T202205,True,73d78058-c248-4531-bf8c-8d0b195abfbb,NOT_FOUND,Individualv4.2,01.02.01,0,abd4d646-ec47-4d02-a05f-2bb6c16491c3,{},0,0,0,,2,1,4d3b1e615fd8e0a137a7a34740e304c8e073774db7a923262a1850bb9368823e,1,[0]
2224,SFU_Articles/covid19/1468621741.txt,1468621741,1468621741.txt,a5d490caf8ed4309b27570dad5e05bfd7cdf419cc4637139e55cac5ab833ec0c,11106,b8ee8a69-8e8a-45d1-9ba9-5eeb153bf93c,covid_individual.IAA,5583cfc1-c5f5-49da-9611-9d3e365315fd,Copied from  227 (Denise Toor) at 2021-05-13T202205,True,73d78058-c248-4531-bf8c-8d0b195abfbb,NOT_FOUND,Individualv4.2,01.04.03,1,8b4f0e94-1747-44ca-84fc-cd08305bb494,{},1,10303,10431,"I always think you should be open to anything, as long as it's legal and it doesn't hurt anybody, you should take an opportunity",4,3,4d3b1e615fd8e0a137a7a34740e304c8e073774db7a923262a1850bb9368823e,1,"[10303, 10304, 10305, 10306, 10307, 10308, 10309, 10310, 10311, 10312, 10313, 10314, 10315, 10316, 10317, 10318, 10319, 10320, 10321, 10322, 10323, 10324, 10325, 10326, 10327, 10328, 10329, 10330, 10331, 10332, 10333, 10334, 10335, 10336, 10337, 10338, 10339, 10340, 10341, 10342, 10343, 10344, 10345, 10346, 10347, 10348, 10349, 10350, 10351, 10352, 10353, 10354, 10355, 10356, 10357, 10358, 10359, 10360, 10361, 10362, 10363, 10364, 10365, 10366, 10367, 10368, 10369, 10370, 10371, 10372, 10373, 10374, 10375, 10376, 10377, 10378, 10379, 10380, 10381, 10382, 10383, 10384, 10385, 10386, 10387, 10388, 10389, 10390, 10391, 10392, 10393, 10394, 10395, 10396, 10397, 10398, 10399, 10400, 10401, 10402, 10403, 10404, 10405, 10406, 10407, 10408, 10409, 10410, 10411, 10412, 10413, 10414, 10415, 10416, 10417, 10418, 10419, 10420, 10421, 10422, 10423, 10424, 10425, 10426, 10427, 10428, 10429, 10430, 10431]"
2225,SFU_Articles/covid19/1468621741.txt,1468621741,1468621741.txt,a5d490caf8ed4309b27570dad5e05bfd7cdf419cc4637139e55cac5ab833ec0c,11106,b8ee8a69-8e8a-45d1-9ba9-5eeb153bf93c,covid_individual.IAA,5583cfc1-c5f5-49da-9611-9d3e365315fd,Copied from  227 (Denise Toor) at 2021-05-13T202205,True,73d78058-c248-4531-bf8c-8d0b195abfbb,NOT_FOUND,Individualv4.2,01.11.02,0,997840d1-4eca-472f-b61a-9d2f57a7de97,{},0,0,0,,11,2,4d3b1e615fd8e0a137a7a34740e304c8e073774db7a923262a1850bb9368823e,1,[0]
2226,SFU_Articles/covid19/1468621741.txt,1468621741,1468621741.txt,a5d490caf8ed4309b27570dad5e05bfd7cdf419cc4637139e55cac5ab833ec0c,11106,b8ee8a69-8e8a-45d1-9ba9-5eeb153bf93c,covid_individual.IAA,5583cfc1-c5f5-49da-9611-9d3e365315fd,Copied from  227 (Denise Toor) at 2021-05-13T202205,True,73d78058-c248-4531-bf8c-8d0b195abfbb,NOT_FOUND,Individualv4.2,01.12.08,0,af46deac-d0f7-49a6-b594-d8d44b54088e,{},0,0,0,,12,8,4d3b1e615fd8e0a137a7a34740e304c8e073774db7a923262a1850bb9368823e,1,[0]
2227,SFU_Articles/covid19/1468621741.txt,1468621741,1468621741.txt,a5d490caf8ed4309b27570dad5e05bfd7cdf419cc4637139e55cac5ab833ec0c,11106,b8ee8a69-8e8a-45d1-9ba9-5eeb153bf93c,covid_individual.IAA,5583cfc1-c5f5-49da-9611-9d3e365315fd,Copied from  227 (Denise Toor) at 2021-05-13T202205,True,73d78058-c248-4531-bf8c-8d0b195abfbb,NOT_FOUND,Individualv4.2,01.13.01,0,caea2dc0-84d1-44f9-b235-54ac327e16e2,{},0,0,0,,13,1,4d3b1e615fd8e0a137a7a34740e304c8e073774db7a923262a1850bb9368823e,1,[0]
