,article_batch_name,article_number,article_filename,article_sha256,article_text_length,tua_group_uuid,tua_group_name,tua_batch_uuid,tua_batch_name,tua_batch_final,source_task_uuid,tua_uuid,namespace,topic_name,case_number,answer_uuid,extra,highlight_count,start_pos,end_pos,target_text,question_Number,agreed_Answer,schema_sha256,agreement_score,highlighted_indices
211,SFU_Articles/covid19/1472611315.txt,1472611315,1472611315.txt,b04b411e0c3f100bbea9bf6e468a15627711da4651f15a24840c803dcfec3ae3,18006,b8ee8a69-8e8a-45d1-9ba9-5eeb153bf93c,covid_individual.IAA,232c33b9-b6e6-4998-842e-de7d509af18c,Consensus generated at 2021-03-23T030517,True,00853640-95df-44e4-b379-5b92c1d951ed,NOT_FOUND,Individualv4.2,01.02.05,1,9d2befd9-23ed-45b2-bee4-ad8ebd216771,"{""contrib_count"": 3, ""answer_text_list"": []}",0,0,0,,2,5,4d3b1e615fd8e0a137a7a34740e304c8e073774db7a923262a1850bb9368823e,1,[0]
212,SFU_Articles/covid19/1472611315.txt,1472611315,1472611315.txt,b04b411e0c3f100bbea9bf6e468a15627711da4651f15a24840c803dcfec3ae3,18006,b8ee8a69-8e8a-45d1-9ba9-5eeb153bf93c,covid_individual.IAA,232c33b9-b6e6-4998-842e-de7d509af18c,Consensus generated at 2021-03-23T030517,True,00853640-95df-44e4-b379-5b92c1d951ed,NOT_FOUND,Individualv4.2,01.01.01,1,6aec528a-d927-43bc-a317-2db0c4efd1b1,"{""contrib_count"": 2, ""answer_text_list"": []}",0,0,0,,1,1,4d3b1e615fd8e0a137a7a34740e304c8e073774db7a923262a1850bb9368823e,1,[0]
213,SFU_Articles/covid19/1472611315.txt,1472611315,1472611315.txt,b04b411e0c3f100bbea9bf6e468a15627711da4651f15a24840c803dcfec3ae3,18006,b8ee8a69-8e8a-45d1-9ba9-5eeb153bf93c,covid_individual.IAA,232c33b9-b6e6-4998-842e-de7d509af18c,Consensus generated at 2021-03-23T030517,True,00853640-95df-44e4-b379-5b92c1d951ed,NOT_FOUND,Individualv4.2,01.12.06,1,0fba99d3-1e37-4626-85f2-6541d4bacbec,"{""contrib_count"": 2, ""answer_text_list"": []}",0,0,0,,12,6,4d3b1e615fd8e0a137a7a34740e304c8e073774db7a923262a1850bb9368823e,1,[0]
214,SFU_Articles/covid19/1472611315.txt,1472611315,1472611315.txt,b04b411e0c3f100bbea9bf6e468a15627711da4651f15a24840c803dcfec3ae3,18006,b8ee8a69-8e8a-45d1-9ba9-5eeb153bf93c,covid_individual.IAA,232c33b9-b6e6-4998-842e-de7d509af18c,Consensus generated at 2021-03-23T030517,True,00853640-95df-44e4-b379-5b92c1d951ed,NOT_FOUND,Individualv4.2,01.13.01,1,caea2dc0-84d1-44f9-b235-54ac327e16e2,"{""contrib_count"": 3, ""answer_text_list"": []}",0,0,0,,13,1,4d3b1e615fd8e0a137a7a34740e304c8e073774db7a923262a1850bb9368823e,1,[0]
215,SFU_Articles/covid19/1472611315.txt,1472611315,1472611315.txt,b04b411e0c3f100bbea9bf6e468a15627711da4651f15a24840c803dcfec3ae3,18006,b8ee8a69-8e8a-45d1-9ba9-5eeb153bf93c,covid_individual.IAA,232c33b9-b6e6-4998-842e-de7d509af18c,Consensus generated at 2021-03-23T030517,True,00853640-95df-44e4-b379-5b92c1d951ed,NOT_FOUND,Individualv4.2,01.11.04,1,8999b4be-7e40-496c-8318-f67e436bde71,"{""contrib_count"": 2, ""answer_text_list"": []}",0,0,0,,11,4,4d3b1e615fd8e0a137a7a34740e304c8e073774db7a923262a1850bb9368823e,1,[0]
216,SFU_Articles/covid19/1472611315.txt,1472611315,1472611315.txt,b04b411e0c3f100bbea9bf6e468a15627711da4651f15a24840c803dcfec3ae3,18006,b8ee8a69-8e8a-45d1-9ba9-5eeb153bf93c,covid_individual.IAA,232c33b9-b6e6-4998-842e-de7d509af18c,Consensus generated at 2021-03-23T030517,True,00853640-95df-44e4-b379-5b92c1d951ed,NOT_FOUND,Individualv4.2,01.09.07,1,7c7c67d6-564c-4757-8b07-64d1fd6705c7,"{""contrib_count"": 2, ""answer_text_list"": []}",1,1655,1682,what I argue in my new book,9,7,4d3b1e615fd8e0a137a7a34740e304c8e073774db7a923262a1850bb9368823e,1,"[1655, 1656, 1657, 1658, 1659, 1660, 1661, 1662, 1663, 1664, 1665, 1666, 1667, 1668, 1669, 1670, 1671, 1672, 1673, 1674, 1675, 1676, 1677, 1678, 1679, 1680, 1681, 1682]"
2467,SFU_Articles/covid19/1472611315.txt,1472611315,1472611315.txt,b04b411e0c3f100bbea9bf6e468a15627711da4651f15a24840c803dcfec3ae3,18006,b8ee8a69-8e8a-45d1-9ba9-5eeb153bf93c,covid_individual.IAA,5583cfc1-c5f5-49da-9611-9d3e365315fd,Copied from  227 (Denise Toor) at 2021-05-13T202205,True,00853640-95df-44e4-b379-5b92c1d951ed,NOT_FOUND,Individualv4.2,01.01.01,0,6aec528a-d927-43bc-a317-2db0c4efd1b1,{},0,0,0,,1,1,4d3b1e615fd8e0a137a7a34740e304c8e073774db7a923262a1850bb9368823e,1,[0]
2468,SFU_Articles/covid19/1472611315.txt,1472611315,1472611315.txt,b04b411e0c3f100bbea9bf6e468a15627711da4651f15a24840c803dcfec3ae3,18006,b8ee8a69-8e8a-45d1-9ba9-5eeb153bf93c,covid_individual.IAA,5583cfc1-c5f5-49da-9611-9d3e365315fd,Copied from  227 (Denise Toor) at 2021-05-13T202205,True,00853640-95df-44e4-b379-5b92c1d951ed,NOT_FOUND,Individualv4.2,01.02.02,0,4e6a8b8a-d18e-4a46-9625-b73b61ff4dbf,{},0,0,0,,2,2,4d3b1e615fd8e0a137a7a34740e304c8e073774db7a923262a1850bb9368823e,1,[0]
2469,SFU_Articles/covid19/1472611315.txt,1472611315,1472611315.txt,b04b411e0c3f100bbea9bf6e468a15627711da4651f15a24840c803dcfec3ae3,18006,b8ee8a69-8e8a-45d1-9ba9-5eeb153bf93c,covid_individual.IAA,5583cfc1-c5f5-49da-9611-9d3e365315fd,Copied from  227 (Denise Toor) at 2021-05-13T202205,True,00853640-95df-44e4-b379-5b92c1d951ed,NOT_FOUND,Individualv4.2,01.02.05,0,9d2befd9-23ed-45b2-bee4-ad8ebd216771,{},0,0,0,,2,5,4d3b1e615fd8e0a137a7a34740e304c8e073774db7a923262a1850bb9368823e,1,[0]
2470,SFU_Articles/covid19/1472611315.txt,1472611315,1472611315.txt,b04b411e0c3f100bbea9bf6e468a15627711da4651f15a24840c803dcfec3ae3,18006,b8ee8a69-8e8a-45d1-9ba9-5eeb153bf93c,covid_individual.IAA,5583cfc1-c5f5-49da-9611-9d3e365315fd,Copied from  227 (Denise Toor) at 2021-05-13T202205,True,00853640-95df-44e4-b379-5b92c1d951ed,NOT_FOUND,Individualv4.2,01.04.03,1,8b4f0e94-1747-44ca-84fc-cd08305bb494,{},1,1636,1667,"This, at least, is what I argue",4,3,4d3b1e615fd8e0a137a7a34740e304c8e073774db7a923262a1850bb9368823e,1,"[1636, 1637, 1638, 1639, 1640, 1641, 1642, 1643, 1644, 1645, 1646, 1647, 1648, 1649, 1650, 1651, 1652, 1653, 1654, 1655, 1656, 1657, 1658, 1659, 1660, 1661, 1662, 1663, 1664, 1665, 1666, 1667]"
2471,SFU_Articles/covid19/1472611315.txt,1472611315,1472611315.txt,b04b411e0c3f100bbea9bf6e468a15627711da4651f15a24840c803dcfec3ae3,18006,b8ee8a69-8e8a-45d1-9ba9-5eeb153bf93c,covid_individual.IAA,5583cfc1-c5f5-49da-9611-9d3e365315fd,Copied from  227 (Denise Toor) at 2021-05-13T202205,True,00853640-95df-44e4-b379-5b92c1d951ed,NOT_FOUND,Individualv4.2,01.11.04,0,8999b4be-7e40-496c-8318-f67e436bde71,{},0,0,0,,11,4,4d3b1e615fd8e0a137a7a34740e304c8e073774db7a923262a1850bb9368823e,1,[0]
2472,SFU_Articles/covid19/1472611315.txt,1472611315,1472611315.txt,b04b411e0c3f100bbea9bf6e468a15627711da4651f15a24840c803dcfec3ae3,18006,b8ee8a69-8e8a-45d1-9ba9-5eeb153bf93c,covid_individual.IAA,5583cfc1-c5f5-49da-9611-9d3e365315fd,Copied from  227 (Denise Toor) at 2021-05-13T202205,True,00853640-95df-44e4-b379-5b92c1d951ed,NOT_FOUND,Individualv4.2,01.12.06,0,0fba99d3-1e37-4626-85f2-6541d4bacbec,{},0,0,0,,12,6,4d3b1e615fd8e0a137a7a34740e304c8e073774db7a923262a1850bb9368823e,1,[0]
2473,SFU_Articles/covid19/1472611315.txt,1472611315,1472611315.txt,b04b411e0c3f100bbea9bf6e468a15627711da4651f15a24840c803dcfec3ae3,18006,b8ee8a69-8e8a-45d1-9ba9-5eeb153bf93c,covid_individual.IAA,5583cfc1-c5f5-49da-9611-9d3e365315fd,Copied from  227 (Denise Toor) at 2021-05-13T202205,True,00853640-95df-44e4-b379-5b92c1d951ed,NOT_FOUND,Individualv4.2,01.13.01,0,caea2dc0-84d1-44f9-b235-54ac327e16e2,{},0,0,0,,13,1,4d3b1e615fd8e0a137a7a34740e304c8e073774db7a923262a1850bb9368823e,1,[0]
