,article_batch_name,article_number,article_filename,article_sha256,article_text_length,tua_group_uuid,tua_group_name,tua_batch_uuid,tua_batch_name,tua_batch_final,source_task_uuid,tua_uuid,namespace,topic_name,case_number,answer_uuid,extra,highlight_count,start_pos,end_pos,target_text,question_Number,agreed_Answer,schema_sha256,agreement_score,highlighted_indices
41,SFU_Articles/covid19/1398026513.txt,1398026513,1398026513.txt,219534898ed4e4ac54177b4b86cd8d9ddd43d6e0bc90f1909fc70921530de363,11375,b8ee8a69-8e8a-45d1-9ba9-5eeb153bf93c,covid_individual.IAA,232c33b9-b6e6-4998-842e-de7d509af18c,Consensus generated at 2021-03-23T030517,True,a0686b31-c2ce-4058-8348-aab45eb2c3e5,NOT_FOUND,Individualv4.2,01.02.02,1,4e6a8b8a-d18e-4a46-9625-b73b61ff4dbf,"{""contrib_count"": 2, ""answer_text_list"": []}",0,0,0,,2,2,4d3b1e615fd8e0a137a7a34740e304c8e073774db7a923262a1850bb9368823e,1,[0]
42,SFU_Articles/covid19/1398026513.txt,1398026513,1398026513.txt,219534898ed4e4ac54177b4b86cd8d9ddd43d6e0bc90f1909fc70921530de363,11375,b8ee8a69-8e8a-45d1-9ba9-5eeb153bf93c,covid_individual.IAA,232c33b9-b6e6-4998-842e-de7d509af18c,Consensus generated at 2021-03-23T030517,True,a0686b31-c2ce-4058-8348-aab45eb2c3e5,NOT_FOUND,Individualv4.2,01.04.01,1,42355c70-e92a-4d53-8f97-67301e38d055,"{""contrib_count"": 2, ""answer_text_list"": []}",1,1725,1734,tone-deaf,4,1,4d3b1e615fd8e0a137a7a34740e304c8e073774db7a923262a1850bb9368823e,1,"[1725, 1726, 1727, 1728, 1729, 1730, 1731, 1732, 1733, 1734]"
43,SFU_Articles/covid19/1398026513.txt,1398026513,1398026513.txt,219534898ed4e4ac54177b4b86cd8d9ddd43d6e0bc90f1909fc70921530de363,11375,b8ee8a69-8e8a-45d1-9ba9-5eeb153bf93c,covid_individual.IAA,232c33b9-b6e6-4998-842e-de7d509af18c,Consensus generated at 2021-03-23T030517,True,a0686b31-c2ce-4058-8348-aab45eb2c3e5,NOT_FOUND,Individualv4.2,01.01.01,1,6aec528a-d927-43bc-a317-2db0c4efd1b1,"{""contrib_count"": 2, ""answer_text_list"": []}",0,0,0,,1,1,4d3b1e615fd8e0a137a7a34740e304c8e073774db7a923262a1850bb9368823e,1,[0]
44,SFU_Articles/covid19/1398026513.txt,1398026513,1398026513.txt,219534898ed4e4ac54177b4b86cd8d9ddd43d6e0bc90f1909fc70921530de363,11375,b8ee8a69-8e8a-45d1-9ba9-5eeb153bf93c,covid_individual.IAA,232c33b9-b6e6-4998-842e-de7d509af18c,Consensus generated at 2021-03-23T030517,True,a0686b31-c2ce-4058-8348-aab45eb2c3e5,NOT_FOUND,Individualv4.2,01.02.04,1,cea46ec9-98b6-44c1-9700-2ba5f4c038cc,"{""contrib_count"": 2, ""answer_text_list"": []}",0,0,0,,2,4,4d3b1e615fd8e0a137a7a34740e304c8e073774db7a923262a1850bb9368823e,1,[0]
45,SFU_Articles/covid19/1398026513.txt,1398026513,1398026513.txt,219534898ed4e4ac54177b4b86cd8d9ddd43d6e0bc90f1909fc70921530de363,11375,b8ee8a69-8e8a-45d1-9ba9-5eeb153bf93c,covid_individual.IAA,232c33b9-b6e6-4998-842e-de7d509af18c,Consensus generated at 2021-03-23T030517,True,a0686b31-c2ce-4058-8348-aab45eb2c3e5,NOT_FOUND,Individualv4.2,01.13.01,1,caea2dc0-84d1-44f9-b235-54ac327e16e2,"{""contrib_count"": 3, ""answer_text_list"": []}",0,0,0,,13,1,4d3b1e615fd8e0a137a7a34740e304c8e073774db7a923262a1850bb9368823e,1,[0]
1561,SFU_Articles/covid19/1398026513.txt,1398026513,1398026513.txt,219534898ed4e4ac54177b4b86cd8d9ddd43d6e0bc90f1909fc70921530de363,11375,b8ee8a69-8e8a-45d1-9ba9-5eeb153bf93c,covid_individual.IAA,5583cfc1-c5f5-49da-9611-9d3e365315fd,Copied from  227 (Denise Toor) at 2021-05-13T202205,True,a0686b31-c2ce-4058-8348-aab45eb2c3e5,NOT_FOUND,Individualv4.2,01.01.01,0,6aec528a-d927-43bc-a317-2db0c4efd1b1,{},0,0,0,,1,1,4d3b1e615fd8e0a137a7a34740e304c8e073774db7a923262a1850bb9368823e,1,[0]
1562,SFU_Articles/covid19/1398026513.txt,1398026513,1398026513.txt,219534898ed4e4ac54177b4b86cd8d9ddd43d6e0bc90f1909fc70921530de363,11375,b8ee8a69-8e8a-45d1-9ba9-5eeb153bf93c,covid_individual.IAA,5583cfc1-c5f5-49da-9611-9d3e365315fd,Copied from  227 (Denise Toor) at 2021-05-13T202205,True,a0686b31-c2ce-4058-8348-aab45eb2c3e5,NOT_FOUND,Individualv4.2,01.02.02,0,4e6a8b8a-d18e-4a46-9625-b73b61ff4dbf,{},0,0,0,,2,2,4d3b1e615fd8e0a137a7a34740e304c8e073774db7a923262a1850bb9368823e,1,[0]
1563,SFU_Articles/covid19/1398026513.txt,1398026513,1398026513.txt,219534898ed4e4ac54177b4b86cd8d9ddd43d6e0bc90f1909fc70921530de363,11375,b8ee8a69-8e8a-45d1-9ba9-5eeb153bf93c,covid_individual.IAA,5583cfc1-c5f5-49da-9611-9d3e365315fd,Copied from  227 (Denise Toor) at 2021-05-13T202205,True,a0686b31-c2ce-4058-8348-aab45eb2c3e5,NOT_FOUND,Individualv4.2,01.02.04,0,cea46ec9-98b6-44c1-9700-2ba5f4c038cc,{},0,0,0,,2,4,4d3b1e615fd8e0a137a7a34740e304c8e073774db7a923262a1850bb9368823e,1,[0]
1564,SFU_Articles/covid19/1398026513.txt,1398026513,1398026513.txt,219534898ed4e4ac54177b4b86cd8d9ddd43d6e0bc90f1909fc70921530de363,11375,b8ee8a69-8e8a-45d1-9ba9-5eeb153bf93c,covid_individual.IAA,5583cfc1-c5f5-49da-9611-9d3e365315fd,Copied from  227 (Denise Toor) at 2021-05-13T202205,True,a0686b31-c2ce-4058-8348-aab45eb2c3e5,NOT_FOUND,Individualv4.2,01.05.03,0,a6c2ab9c-6f4f-42d8-a951-1f13135eb9eb,{},0,0,0,,5,3,4d3b1e615fd8e0a137a7a34740e304c8e073774db7a923262a1850bb9368823e,1,[0]
1565,SFU_Articles/covid19/1398026513.txt,1398026513,1398026513.txt,219534898ed4e4ac54177b4b86cd8d9ddd43d6e0bc90f1909fc70921530de363,11375,b8ee8a69-8e8a-45d1-9ba9-5eeb153bf93c,covid_individual.IAA,5583cfc1-c5f5-49da-9611-9d3e365315fd,Copied from  227 (Denise Toor) at 2021-05-13T202205,True,a0686b31-c2ce-4058-8348-aab45eb2c3e5,NOT_FOUND,Individualv4.2,01.08.05,1,9b78850d-ffa1-4fac-95a5-08bc06b43a81,{},1,1696,1806,"little discernable impact on tone-deaf political leaders, financial enterprises, or multinational institutions",8,5,4d3b1e615fd8e0a137a7a34740e304c8e073774db7a923262a1850bb9368823e,1,"[1696, 1697, 1698, 1699, 1700, 1701, 1702, 1703, 1704, 1705, 1706, 1707, 1708, 1709, 1710, 1711, 1712, 1713, 1714, 1715, 1716, 1717, 1718, 1719, 1720, 1721, 1722, 1723, 1724, 1725, 1726, 1727, 1728, 1729, 1730, 1731, 1732, 1733, 1734, 1735, 1736, 1737, 1738, 1739, 1740, 1741, 1742, 1743, 1744, 1745, 1746, 1747, 1748, 1749, 1750, 1751, 1752, 1753, 1754, 1755, 1756, 1757, 1758, 1759, 1760, 1761, 1762, 1763, 1764, 1765, 1766, 1767, 1768, 1769, 1770, 1771, 1772, 1773, 1774, 1775, 1776, 1777, 1778, 1779, 1780, 1781, 1782, 1783, 1784, 1785, 1786, 1787, 1788, 1789, 1790, 1791, 1792, 1793, 1794, 1795, 1796, 1797, 1798, 1799, 1800, 1801, 1802, 1803, 1804, 1805, 1806]"
1566,SFU_Articles/covid19/1398026513.txt,1398026513,1398026513.txt,219534898ed4e4ac54177b4b86cd8d9ddd43d6e0bc90f1909fc70921530de363,11375,b8ee8a69-8e8a-45d1-9ba9-5eeb153bf93c,covid_individual.IAA,5583cfc1-c5f5-49da-9611-9d3e365315fd,Copied from  227 (Denise Toor) at 2021-05-13T202205,True,a0686b31-c2ce-4058-8348-aab45eb2c3e5,NOT_FOUND,Individualv4.2,01.11.05,0,720a7216-178f-4d56-928e-d4e82bb2a153,{},0,0,0,,11,5,4d3b1e615fd8e0a137a7a34740e304c8e073774db7a923262a1850bb9368823e,1,[0]
1567,SFU_Articles/covid19/1398026513.txt,1398026513,1398026513.txt,219534898ed4e4ac54177b4b86cd8d9ddd43d6e0bc90f1909fc70921530de363,11375,b8ee8a69-8e8a-45d1-9ba9-5eeb153bf93c,covid_individual.IAA,5583cfc1-c5f5-49da-9611-9d3e365315fd,Copied from  227 (Denise Toor) at 2021-05-13T202205,True,a0686b31-c2ce-4058-8348-aab45eb2c3e5,NOT_FOUND,Individualv4.2,01.12.05,0,3279ac10-6dd6-4be3-9597-5f1cb713e8ee,{},0,0,0,,12,5,4d3b1e615fd8e0a137a7a34740e304c8e073774db7a923262a1850bb9368823e,1,[0]
1568,SFU_Articles/covid19/1398026513.txt,1398026513,1398026513.txt,219534898ed4e4ac54177b4b86cd8d9ddd43d6e0bc90f1909fc70921530de363,11375,b8ee8a69-8e8a-45d1-9ba9-5eeb153bf93c,covid_individual.IAA,5583cfc1-c5f5-49da-9611-9d3e365315fd,Copied from  227 (Denise Toor) at 2021-05-13T202205,True,a0686b31-c2ce-4058-8348-aab45eb2c3e5,NOT_FOUND,Individualv4.2,01.13.01,0,caea2dc0-84d1-44f9-b235-54ac327e16e2,{},0,0,0,,13,1,4d3b1e615fd8e0a137a7a34740e304c8e073774db7a923262a1850bb9368823e,1,[0]
