,article_batch_name,article_number,article_filename,article_sha256,article_text_length,tua_group_uuid,tua_group_name,tua_batch_uuid,tua_batch_name,tua_batch_final,source_task_uuid,tua_uuid,namespace,topic_name,case_number,answer_uuid,extra,highlight_count,start_pos,end_pos,target_text,question_Number,agreed_Answer,schema_sha256,agreement_score,highlighted_indices
268,SFU_Articles/covid19/1428353657.txt,1428353657,1428353657.txt,bdfaa80718c8214b4ae75aa6e47134718e0fb2aeb0752ce49f3932954584e3a3,1811,b8ee8a69-8e8a-45d1-9ba9-5eeb153bf93c,covid_individual.IAA,232c33b9-b6e6-4998-842e-de7d509af18c,Consensus generated at 2021-03-23T030517,True,97b2d9eb-9054-4732-ac80-1a958911bf02,NOT_FOUND,Individualv4.2,01.02.05,1,9d2befd9-23ed-45b2-bee4-ad8ebd216771,"{""contrib_count"": 3, ""answer_text_list"": []}",0,0,0,,2,5,4d3b1e615fd8e0a137a7a34740e304c8e073774db7a923262a1850bb9368823e,1,[0]
269,SFU_Articles/covid19/1428353657.txt,1428353657,1428353657.txt,bdfaa80718c8214b4ae75aa6e47134718e0fb2aeb0752ce49f3932954584e3a3,1811,b8ee8a69-8e8a-45d1-9ba9-5eeb153bf93c,covid_individual.IAA,232c33b9-b6e6-4998-842e-de7d509af18c,Consensus generated at 2021-03-23T030517,True,97b2d9eb-9054-4732-ac80-1a958911bf02,NOT_FOUND,Individualv4.2,01.01.01,1,6aec528a-d927-43bc-a317-2db0c4efd1b1,"{""contrib_count"": 2, ""answer_text_list"": []}",0,0,0,,1,1,4d3b1e615fd8e0a137a7a34740e304c8e073774db7a923262a1850bb9368823e,1,[0]
270,SFU_Articles/covid19/1428353657.txt,1428353657,1428353657.txt,bdfaa80718c8214b4ae75aa6e47134718e0fb2aeb0752ce49f3932954584e3a3,1811,b8ee8a69-8e8a-45d1-9ba9-5eeb153bf93c,covid_individual.IAA,232c33b9-b6e6-4998-842e-de7d509af18c,Consensus generated at 2021-03-23T030517,True,97b2d9eb-9054-4732-ac80-1a958911bf02,NOT_FOUND,Individualv4.2,01.09.01,1,1fb8bef7-274f-41a8-83e2-0d67d27759a8,"{""contrib_count"": 3, ""answer_text_list"": []}",1,1350,1369,experts also argued,9,1,4d3b1e615fd8e0a137a7a34740e304c8e073774db7a923262a1850bb9368823e,1,"[1350, 1351, 1352, 1353, 1354, 1355, 1356, 1357, 1358, 1359, 1360, 1361, 1362, 1363, 1364, 1365, 1366, 1367, 1368, 1369]"
271,SFU_Articles/covid19/1428353657.txt,1428353657,1428353657.txt,bdfaa80718c8214b4ae75aa6e47134718e0fb2aeb0752ce49f3932954584e3a3,1811,b8ee8a69-8e8a-45d1-9ba9-5eeb153bf93c,covid_individual.IAA,232c33b9-b6e6-4998-842e-de7d509af18c,Consensus generated at 2021-03-23T030517,True,97b2d9eb-9054-4732-ac80-1a958911bf02,NOT_FOUND,Individualv4.2,01.12.06,1,0fba99d3-1e37-4626-85f2-6541d4bacbec,"{""contrib_count"": 2, ""answer_text_list"": []}",0,0,0,,12,6,4d3b1e615fd8e0a137a7a34740e304c8e073774db7a923262a1850bb9368823e,1,[0]
272,SFU_Articles/covid19/1428353657.txt,1428353657,1428353657.txt,bdfaa80718c8214b4ae75aa6e47134718e0fb2aeb0752ce49f3932954584e3a3,1811,b8ee8a69-8e8a-45d1-9ba9-5eeb153bf93c,covid_individual.IAA,232c33b9-b6e6-4998-842e-de7d509af18c,Consensus generated at 2021-03-23T030517,True,97b2d9eb-9054-4732-ac80-1a958911bf02,NOT_FOUND,Individualv4.2,01.13.01,1,caea2dc0-84d1-44f9-b235-54ac327e16e2,"{""contrib_count"": 3, ""answer_text_list"": []}",0,0,0,,13,1,4d3b1e615fd8e0a137a7a34740e304c8e073774db7a923262a1850bb9368823e,1,[0]
273,SFU_Articles/covid19/1428353657.txt,1428353657,1428353657.txt,bdfaa80718c8214b4ae75aa6e47134718e0fb2aeb0752ce49f3932954584e3a3,1811,b8ee8a69-8e8a-45d1-9ba9-5eeb153bf93c,covid_individual.IAA,232c33b9-b6e6-4998-842e-de7d509af18c,Consensus generated at 2021-03-23T030517,True,97b2d9eb-9054-4732-ac80-1a958911bf02,NOT_FOUND,Individualv4.2,01.11.04,1,8999b4be-7e40-496c-8318-f67e436bde71,"{""contrib_count"": 2, ""answer_text_list"": []}",0,0,0,,11,4,4d3b1e615fd8e0a137a7a34740e304c8e073774db7a923262a1850bb9368823e,1,[0]
1788,SFU_Articles/covid19/1428353657.txt,1428353657,1428353657.txt,bdfaa80718c8214b4ae75aa6e47134718e0fb2aeb0752ce49f3932954584e3a3,1811,b8ee8a69-8e8a-45d1-9ba9-5eeb153bf93c,covid_individual.IAA,5583cfc1-c5f5-49da-9611-9d3e365315fd,Copied from  227 (Denise Toor) at 2021-05-13T202205,True,97b2d9eb-9054-4732-ac80-1a958911bf02,NOT_FOUND,Individualv4.2,01.01.01,0,6aec528a-d927-43bc-a317-2db0c4efd1b1,{},0,0,0,,1,1,4d3b1e615fd8e0a137a7a34740e304c8e073774db7a923262a1850bb9368823e,1,[0]
1789,SFU_Articles/covid19/1428353657.txt,1428353657,1428353657.txt,bdfaa80718c8214b4ae75aa6e47134718e0fb2aeb0752ce49f3932954584e3a3,1811,b8ee8a69-8e8a-45d1-9ba9-5eeb153bf93c,covid_individual.IAA,5583cfc1-c5f5-49da-9611-9d3e365315fd,Copied from  227 (Denise Toor) at 2021-05-13T202205,True,97b2d9eb-9054-4732-ac80-1a958911bf02,NOT_FOUND,Individualv4.2,01.02.05,0,9d2befd9-23ed-45b2-bee4-ad8ebd216771,{},0,0,0,,2,5,4d3b1e615fd8e0a137a7a34740e304c8e073774db7a923262a1850bb9368823e,1,[0]
1790,SFU_Articles/covid19/1428353657.txt,1428353657,1428353657.txt,bdfaa80718c8214b4ae75aa6e47134718e0fb2aeb0752ce49f3932954584e3a3,1811,b8ee8a69-8e8a-45d1-9ba9-5eeb153bf93c,covid_individual.IAA,5583cfc1-c5f5-49da-9611-9d3e365315fd,Copied from  227 (Denise Toor) at 2021-05-13T202205,True,97b2d9eb-9054-4732-ac80-1a958911bf02,NOT_FOUND,Individualv4.2,01.09.04,1,479a926a-ac48-4450-83fc-dd58023cdb7c,{},1,1375,1431,"Predict, which is focused on viruses dangerous to humans",9,4,4d3b1e615fd8e0a137a7a34740e304c8e073774db7a923262a1850bb9368823e,1,"[1375, 1376, 1377, 1378, 1379, 1380, 1381, 1382, 1383, 1384, 1385, 1386, 1387, 1388, 1389, 1390, 1391, 1392, 1393, 1394, 1395, 1396, 1397, 1398, 1399, 1400, 1401, 1402, 1403, 1404, 1405, 1406, 1407, 1408, 1409, 1410, 1411, 1412, 1413, 1414, 1415, 1416, 1417, 1418, 1419, 1420, 1421, 1422, 1423, 1424, 1425, 1426, 1427, 1428, 1429, 1430, 1431]"
1791,SFU_Articles/covid19/1428353657.txt,1428353657,1428353657.txt,bdfaa80718c8214b4ae75aa6e47134718e0fb2aeb0752ce49f3932954584e3a3,1811,b8ee8a69-8e8a-45d1-9ba9-5eeb153bf93c,covid_individual.IAA,5583cfc1-c5f5-49da-9611-9d3e365315fd,Copied from  227 (Denise Toor) at 2021-05-13T202205,True,97b2d9eb-9054-4732-ac80-1a958911bf02,NOT_FOUND,Individualv4.2,01.11.04,0,8999b4be-7e40-496c-8318-f67e436bde71,{},0,0,0,,11,4,4d3b1e615fd8e0a137a7a34740e304c8e073774db7a923262a1850bb9368823e,1,[0]
1792,SFU_Articles/covid19/1428353657.txt,1428353657,1428353657.txt,bdfaa80718c8214b4ae75aa6e47134718e0fb2aeb0752ce49f3932954584e3a3,1811,b8ee8a69-8e8a-45d1-9ba9-5eeb153bf93c,covid_individual.IAA,5583cfc1-c5f5-49da-9611-9d3e365315fd,Copied from  227 (Denise Toor) at 2021-05-13T202205,True,97b2d9eb-9054-4732-ac80-1a958911bf02,NOT_FOUND,Individualv4.2,01.12.06,0,0fba99d3-1e37-4626-85f2-6541d4bacbec,{},0,0,0,,12,6,4d3b1e615fd8e0a137a7a34740e304c8e073774db7a923262a1850bb9368823e,1,[0]
1793,SFU_Articles/covid19/1428353657.txt,1428353657,1428353657.txt,bdfaa80718c8214b4ae75aa6e47134718e0fb2aeb0752ce49f3932954584e3a3,1811,b8ee8a69-8e8a-45d1-9ba9-5eeb153bf93c,covid_individual.IAA,5583cfc1-c5f5-49da-9611-9d3e365315fd,Copied from  227 (Denise Toor) at 2021-05-13T202205,True,97b2d9eb-9054-4732-ac80-1a958911bf02,NOT_FOUND,Individualv4.2,01.13.01,0,caea2dc0-84d1-44f9-b235-54ac327e16e2,{},0,0,0,,13,1,4d3b1e615fd8e0a137a7a34740e304c8e073774db7a923262a1850bb9368823e,1,[0]
