,article_batch_name,article_number,article_filename,article_sha256,article_text_length,tua_group_uuid,tua_group_name,tua_batch_uuid,tua_batch_name,tua_batch_final,source_task_uuid,tua_uuid,namespace,topic_name,case_number,answer_uuid,extra,highlight_count,start_pos,end_pos,target_text,question_Number,agreed_Answer,schema_sha256,agreement_score,highlighted_indices
522,SFU_Articles/covid19/1470555999.txt,1470555999,1470555999.txt,4455fdb8734311d8ea7425952f5f9bd441ff4aee739c9bbedc43342ec67886c6,18139,b8ee8a69-8e8a-45d1-9ba9-5eeb153bf93c,covid_individual.IAA,232c33b9-b6e6-4998-842e-de7d509af18c,Consensus generated at 2021-03-23T030517,True,4eabbc17-5adf-484a-ba62-fd01d1860227,NOT_FOUND,Individualv4.2,01.08.03,1,d565ff04-6156-4124-95a7-299e53d55309,"{""contrib_count"": 2, ""answer_text_list"": []}",1,2677,2690,tariffs-happy,8,3,4d3b1e615fd8e0a137a7a34740e304c8e073774db7a923262a1850bb9368823e,1,"[2677, 2678, 2679, 2680, 2681, 2682, 2683, 2684, 2685, 2686, 2687, 2688, 2689, 2690]"
523,SFU_Articles/covid19/1470555999.txt,1470555999,1470555999.txt,4455fdb8734311d8ea7425952f5f9bd441ff4aee739c9bbedc43342ec67886c6,18139,b8ee8a69-8e8a-45d1-9ba9-5eeb153bf93c,covid_individual.IAA,232c33b9-b6e6-4998-842e-de7d509af18c,Consensus generated at 2021-03-23T030517,True,4eabbc17-5adf-484a-ba62-fd01d1860227,NOT_FOUND,Individualv4.2,01.02.04,1,cea46ec9-98b6-44c1-9700-2ba5f4c038cc,"{""contrib_count"": 3, ""answer_text_list"": []}",0,0,0,,2,4,4d3b1e615fd8e0a137a7a34740e304c8e073774db7a923262a1850bb9368823e,1,[0]
524,SFU_Articles/covid19/1470555999.txt,1470555999,1470555999.txt,4455fdb8734311d8ea7425952f5f9bd441ff4aee739c9bbedc43342ec67886c6,18139,b8ee8a69-8e8a-45d1-9ba9-5eeb153bf93c,covid_individual.IAA,232c33b9-b6e6-4998-842e-de7d509af18c,Consensus generated at 2021-03-23T030517,True,4eabbc17-5adf-484a-ba62-fd01d1860227,NOT_FOUND,Individualv4.2,01.01.01,1,6aec528a-d927-43bc-a317-2db0c4efd1b1,"{""contrib_count"": 2, ""answer_text_list"": []}",0,0,0,,1,1,4d3b1e615fd8e0a137a7a34740e304c8e073774db7a923262a1850bb9368823e,1,[0]
525,SFU_Articles/covid19/1470555999.txt,1470555999,1470555999.txt,4455fdb8734311d8ea7425952f5f9bd441ff4aee739c9bbedc43342ec67886c6,18139,b8ee8a69-8e8a-45d1-9ba9-5eeb153bf93c,covid_individual.IAA,232c33b9-b6e6-4998-842e-de7d509af18c,Consensus generated at 2021-03-23T030517,True,4eabbc17-5adf-484a-ba62-fd01d1860227,NOT_FOUND,Individualv4.2,01.13.01,1,caea2dc0-84d1-44f9-b235-54ac327e16e2,"{""contrib_count"": 3, ""answer_text_list"": []}",0,0,0,,13,1,4d3b1e615fd8e0a137a7a34740e304c8e073774db7a923262a1850bb9368823e,1,[0]
2252,SFU_Articles/covid19/1470555999.txt,1470555999,1470555999.txt,4455fdb8734311d8ea7425952f5f9bd441ff4aee739c9bbedc43342ec67886c6,18139,b8ee8a69-8e8a-45d1-9ba9-5eeb153bf93c,covid_individual.IAA,5583cfc1-c5f5-49da-9611-9d3e365315fd,Copied from  227 (Denise Toor) at 2021-05-13T202205,True,4eabbc17-5adf-484a-ba62-fd01d1860227,NOT_FOUND,Individualv4.2,01.01.01,0,6aec528a-d927-43bc-a317-2db0c4efd1b1,{},0,0,0,,1,1,4d3b1e615fd8e0a137a7a34740e304c8e073774db7a923262a1850bb9368823e,1,[0]
2253,SFU_Articles/covid19/1470555999.txt,1470555999,1470555999.txt,4455fdb8734311d8ea7425952f5f9bd441ff4aee739c9bbedc43342ec67886c6,18139,b8ee8a69-8e8a-45d1-9ba9-5eeb153bf93c,covid_individual.IAA,5583cfc1-c5f5-49da-9611-9d3e365315fd,Copied from  227 (Denise Toor) at 2021-05-13T202205,True,4eabbc17-5adf-484a-ba62-fd01d1860227,NOT_FOUND,Individualv4.2,01.02.04,0,cea46ec9-98b6-44c1-9700-2ba5f4c038cc,{},0,0,0,,2,4,4d3b1e615fd8e0a137a7a34740e304c8e073774db7a923262a1850bb9368823e,1,[0]
2254,SFU_Articles/covid19/1470555999.txt,1470555999,1470555999.txt,4455fdb8734311d8ea7425952f5f9bd441ff4aee739c9bbedc43342ec67886c6,18139,b8ee8a69-8e8a-45d1-9ba9-5eeb153bf93c,covid_individual.IAA,5583cfc1-c5f5-49da-9611-9d3e365315fd,Copied from  227 (Denise Toor) at 2021-05-13T202205,True,4eabbc17-5adf-484a-ba62-fd01d1860227,NOT_FOUND,Individualv4.2,01.08.01,1,3caa2e3f-1419-4c88-87b4-1a1fb6b37c8c,{},1,2661,2704,A sanctions and tariffs-happy Washington DC,8,1,4d3b1e615fd8e0a137a7a34740e304c8e073774db7a923262a1850bb9368823e,1,"[2661, 2662, 2663, 2664, 2665, 2666, 2667, 2668, 2669, 2670, 2671, 2672, 2673, 2674, 2675, 2676, 2677, 2678, 2679, 2680, 2681, 2682, 2683, 2684, 2685, 2686, 2687, 2688, 2689, 2690, 2691, 2692, 2693, 2694, 2695, 2696, 2697, 2698, 2699, 2700, 2701, 2702, 2703, 2704]"
2255,SFU_Articles/covid19/1470555999.txt,1470555999,1470555999.txt,4455fdb8734311d8ea7425952f5f9bd441ff4aee739c9bbedc43342ec67886c6,18139,b8ee8a69-8e8a-45d1-9ba9-5eeb153bf93c,covid_individual.IAA,5583cfc1-c5f5-49da-9611-9d3e365315fd,Copied from  227 (Denise Toor) at 2021-05-13T202205,True,4eabbc17-5adf-484a-ba62-fd01d1860227,NOT_FOUND,Individualv4.2,01.11.03,0,ba2fa8c4-2530-4c81-9b4e-813cbb4fdbd5,{},0,0,0,,11,3,4d3b1e615fd8e0a137a7a34740e304c8e073774db7a923262a1850bb9368823e,1,[0]
2256,SFU_Articles/covid19/1470555999.txt,1470555999,1470555999.txt,4455fdb8734311d8ea7425952f5f9bd441ff4aee739c9bbedc43342ec67886c6,18139,b8ee8a69-8e8a-45d1-9ba9-5eeb153bf93c,covid_individual.IAA,5583cfc1-c5f5-49da-9611-9d3e365315fd,Copied from  227 (Denise Toor) at 2021-05-13T202205,True,4eabbc17-5adf-484a-ba62-fd01d1860227,NOT_FOUND,Individualv4.2,01.12.08,0,af46deac-d0f7-49a6-b594-d8d44b54088e,{},0,0,0,,12,8,4d3b1e615fd8e0a137a7a34740e304c8e073774db7a923262a1850bb9368823e,1,[0]
2257,SFU_Articles/covid19/1470555999.txt,1470555999,1470555999.txt,4455fdb8734311d8ea7425952f5f9bd441ff4aee739c9bbedc43342ec67886c6,18139,b8ee8a69-8e8a-45d1-9ba9-5eeb153bf93c,covid_individual.IAA,5583cfc1-c5f5-49da-9611-9d3e365315fd,Copied from  227 (Denise Toor) at 2021-05-13T202205,True,4eabbc17-5adf-484a-ba62-fd01d1860227,NOT_FOUND,Individualv4.2,01.13.01,0,caea2dc0-84d1-44f9-b235-54ac327e16e2,{},0,0,0,,13,1,4d3b1e615fd8e0a137a7a34740e304c8e073774db7a923262a1850bb9368823e,1,[0]
