,article_batch_name,article_number,article_filename,article_sha256,article_text_length,tua_group_uuid,tua_group_name,tua_batch_uuid,tua_batch_name,tua_batch_final,source_task_uuid,tua_uuid,namespace,topic_name,case_number,answer_uuid,extra,highlight_count,start_pos,end_pos,target_text,question_Number,agreed_Answer,schema_sha256,agreement_score,highlighted_indices
239,SFU_Articles/covid19/1487846888.txt,1487846888,1487846888.txt,7c8dbe5f1a389be3c8b7e90a31f860ef210debbfb51002333b0e955ae0364927,2151,b8ee8a69-8e8a-45d1-9ba9-5eeb153bf93c,covid_individual.IAA,232c33b9-b6e6-4998-842e-de7d509af18c,Consensus generated at 2021-03-23T030517,True,6e397e74-42f1-47e6-97af-02dc7b1ae58d,NOT_FOUND,Individualv4.2,01.02.02,1,4e6a8b8a-d18e-4a46-9625-b73b61ff4dbf,"{""contrib_count"": 2, ""answer_text_list"": []}",0,0,0,,2,2,4d3b1e615fd8e0a137a7a34740e304c8e073774db7a923262a1850bb9368823e,1,[0]
240,SFU_Articles/covid19/1487846888.txt,1487846888,1487846888.txt,7c8dbe5f1a389be3c8b7e90a31f860ef210debbfb51002333b0e955ae0364927,2151,b8ee8a69-8e8a-45d1-9ba9-5eeb153bf93c,covid_individual.IAA,232c33b9-b6e6-4998-842e-de7d509af18c,Consensus generated at 2021-03-23T030517,True,6e397e74-42f1-47e6-97af-02dc7b1ae58d,NOT_FOUND,Individualv4.2,01.04.01,1,42355c70-e92a-4d53-8f97-67301e38d055,"{""contrib_count"": 2, ""answer_text_list"": []}",1,1193,1237,no one on earth has gone through this before,4,1,4d3b1e615fd8e0a137a7a34740e304c8e073774db7a923262a1850bb9368823e,1,"[1193, 1194, 1195, 1196, 1197, 1198, 1199, 1200, 1201, 1202, 1203, 1204, 1205, 1206, 1207, 1208, 1209, 1210, 1211, 1212, 1213, 1214, 1215, 1216, 1217, 1218, 1219, 1220, 1221, 1222, 1223, 1224, 1225, 1226, 1227, 1228, 1229, 1230, 1231, 1232, 1233, 1234, 1235, 1236, 1237]"
241,SFU_Articles/covid19/1487846888.txt,1487846888,1487846888.txt,7c8dbe5f1a389be3c8b7e90a31f860ef210debbfb51002333b0e955ae0364927,2151,b8ee8a69-8e8a-45d1-9ba9-5eeb153bf93c,covid_individual.IAA,232c33b9-b6e6-4998-842e-de7d509af18c,Consensus generated at 2021-03-23T030517,True,6e397e74-42f1-47e6-97af-02dc7b1ae58d,NOT_FOUND,Individualv4.2,01.01.01,1,6aec528a-d927-43bc-a317-2db0c4efd1b1,"{""contrib_count"": 2, ""answer_text_list"": []}",0,0,0,,1,1,4d3b1e615fd8e0a137a7a34740e304c8e073774db7a923262a1850bb9368823e,1,[0]
242,SFU_Articles/covid19/1487846888.txt,1487846888,1487846888.txt,7c8dbe5f1a389be3c8b7e90a31f860ef210debbfb51002333b0e955ae0364927,2151,b8ee8a69-8e8a-45d1-9ba9-5eeb153bf93c,covid_individual.IAA,232c33b9-b6e6-4998-842e-de7d509af18c,Consensus generated at 2021-03-23T030517,True,6e397e74-42f1-47e6-97af-02dc7b1ae58d,NOT_FOUND,Individualv4.2,01.13.01,1,caea2dc0-84d1-44f9-b235-54ac327e16e2,"{""contrib_count"": 3, ""answer_text_list"": []}",0,0,0,,13,1,4d3b1e615fd8e0a137a7a34740e304c8e073774db7a923262a1850bb9368823e,1,[0]
2825,SFU_Articles/covid19/1487846888.txt,1487846888,1487846888.txt,7c8dbe5f1a389be3c8b7e90a31f860ef210debbfb51002333b0e955ae0364927,2151,b8ee8a69-8e8a-45d1-9ba9-5eeb153bf93c,covid_individual.IAA,5583cfc1-c5f5-49da-9611-9d3e365315fd,Copied from  227 (Denise Toor) at 2021-05-13T202205,True,6e397e74-42f1-47e6-97af-02dc7b1ae58d,NOT_FOUND,Individualv4.2,01.01.01,0,6aec528a-d927-43bc-a317-2db0c4efd1b1,{},0,0,0,,1,1,4d3b1e615fd8e0a137a7a34740e304c8e073774db7a923262a1850bb9368823e,1,[0]
2826,SFU_Articles/covid19/1487846888.txt,1487846888,1487846888.txt,7c8dbe5f1a389be3c8b7e90a31f860ef210debbfb51002333b0e955ae0364927,2151,b8ee8a69-8e8a-45d1-9ba9-5eeb153bf93c,covid_individual.IAA,5583cfc1-c5f5-49da-9611-9d3e365315fd,Copied from  227 (Denise Toor) at 2021-05-13T202205,True,6e397e74-42f1-47e6-97af-02dc7b1ae58d,NOT_FOUND,Individualv4.2,01.02.02,0,4e6a8b8a-d18e-4a46-9625-b73b61ff4dbf,{},0,0,0,,2,2,4d3b1e615fd8e0a137a7a34740e304c8e073774db7a923262a1850bb9368823e,1,[0]
2827,SFU_Articles/covid19/1487846888.txt,1487846888,1487846888.txt,7c8dbe5f1a389be3c8b7e90a31f860ef210debbfb51002333b0e955ae0364927,2151,b8ee8a69-8e8a-45d1-9ba9-5eeb153bf93c,covid_individual.IAA,5583cfc1-c5f5-49da-9611-9d3e365315fd,Copied from  227 (Denise Toor) at 2021-05-13T202205,True,6e397e74-42f1-47e6-97af-02dc7b1ae58d,NOT_FOUND,Individualv4.2,01.05.02,0,ee608c04-0fe7-496a-9527-3ba3d92396fa,{},0,0,0,,5,2,4d3b1e615fd8e0a137a7a34740e304c8e073774db7a923262a1850bb9368823e,1,[0]
2828,SFU_Articles/covid19/1487846888.txt,1487846888,1487846888.txt,7c8dbe5f1a389be3c8b7e90a31f860ef210debbfb51002333b0e955ae0364927,2151,b8ee8a69-8e8a-45d1-9ba9-5eeb153bf93c,covid_individual.IAA,5583cfc1-c5f5-49da-9611-9d3e365315fd,Copied from  227 (Denise Toor) at 2021-05-13T202205,True,6e397e74-42f1-47e6-97af-02dc7b1ae58d,NOT_FOUND,Individualv4.2,01.11.05,0,720a7216-178f-4d56-928e-d4e82bb2a153,{},0,0,0,,11,5,4d3b1e615fd8e0a137a7a34740e304c8e073774db7a923262a1850bb9368823e,1,[0]
2829,SFU_Articles/covid19/1487846888.txt,1487846888,1487846888.txt,7c8dbe5f1a389be3c8b7e90a31f860ef210debbfb51002333b0e955ae0364927,2151,b8ee8a69-8e8a-45d1-9ba9-5eeb153bf93c,covid_individual.IAA,5583cfc1-c5f5-49da-9611-9d3e365315fd,Copied from  227 (Denise Toor) at 2021-05-13T202205,True,6e397e74-42f1-47e6-97af-02dc7b1ae58d,NOT_FOUND,Individualv4.2,01.12.05,0,3279ac10-6dd6-4be3-9597-5f1cb713e8ee,{},0,0,0,,12,5,4d3b1e615fd8e0a137a7a34740e304c8e073774db7a923262a1850bb9368823e,1,[0]
2830,SFU_Articles/covid19/1487846888.txt,1487846888,1487846888.txt,7c8dbe5f1a389be3c8b7e90a31f860ef210debbfb51002333b0e955ae0364927,2151,b8ee8a69-8e8a-45d1-9ba9-5eeb153bf93c,covid_individual.IAA,5583cfc1-c5f5-49da-9611-9d3e365315fd,Copied from  227 (Denise Toor) at 2021-05-13T202205,True,6e397e74-42f1-47e6-97af-02dc7b1ae58d,NOT_FOUND,Individualv4.2,01.13.01,0,caea2dc0-84d1-44f9-b235-54ac327e16e2,{},0,0,0,,13,1,4d3b1e615fd8e0a137a7a34740e304c8e073774db7a923262a1850bb9368823e,1,[0]
