,article_batch_name,article_number,article_filename,article_sha256,article_text_length,tua_group_uuid,tua_group_name,tua_batch_uuid,tua_batch_name,tua_batch_final,source_task_uuid,tua_uuid,namespace,topic_name,case_number,answer_uuid,extra,highlight_count,start_pos,end_pos,target_text,question_Number,agreed_Answer,schema_sha256,agreement_score,highlighted_indices
86,SFU_Articles/covid19/1405124144.txt,1405124144,1405124144.txt,54b6b28c23e178237375e7365b39ba2648881da3c8beae0814e832d274eab001,12447,b8ee8a69-8e8a-45d1-9ba9-5eeb153bf93c,covid_individual.IAA,232c33b9-b6e6-4998-842e-de7d509af18c,Consensus generated at 2021-03-23T030517,True,7c82678e-ae03-479b-83d4-a12f3ddf49cf,NOT_FOUND,Individualv4.2,01.02.02,1,4e6a8b8a-d18e-4a46-9625-b73b61ff4dbf,"{""contrib_count"": 2, ""answer_text_list"": []}",0,0,0,,2,2,4d3b1e615fd8e0a137a7a34740e304c8e073774db7a923262a1850bb9368823e,1,[0]
87,SFU_Articles/covid19/1405124144.txt,1405124144,1405124144.txt,54b6b28c23e178237375e7365b39ba2648881da3c8beae0814e832d274eab001,12447,b8ee8a69-8e8a-45d1-9ba9-5eeb153bf93c,covid_individual.IAA,232c33b9-b6e6-4998-842e-de7d509af18c,Consensus generated at 2021-03-23T030517,True,7c82678e-ae03-479b-83d4-a12f3ddf49cf,NOT_FOUND,Individualv4.2,01.01.01,1,6aec528a-d927-43bc-a317-2db0c4efd1b1,"{""contrib_count"": 2, ""answer_text_list"": []}",0,0,0,,1,1,4d3b1e615fd8e0a137a7a34740e304c8e073774db7a923262a1850bb9368823e,1,[0]
88,SFU_Articles/covid19/1405124144.txt,1405124144,1405124144.txt,54b6b28c23e178237375e7365b39ba2648881da3c8beae0814e832d274eab001,12447,b8ee8a69-8e8a-45d1-9ba9-5eeb153bf93c,covid_individual.IAA,232c33b9-b6e6-4998-842e-de7d509af18c,Consensus generated at 2021-03-23T030517,True,7c82678e-ae03-479b-83d4-a12f3ddf49cf,NOT_FOUND,Individualv4.2,01.13.01,1,caea2dc0-84d1-44f9-b235-54ac327e16e2,"{""contrib_count"": 3, ""answer_text_list"": []}",0,0,0,,13,1,4d3b1e615fd8e0a137a7a34740e304c8e073774db7a923262a1850bb9368823e,1,[0]
1655,SFU_Articles/covid19/1405124144.txt,1405124144,1405124144.txt,54b6b28c23e178237375e7365b39ba2648881da3c8beae0814e832d274eab001,12447,b8ee8a69-8e8a-45d1-9ba9-5eeb153bf93c,covid_individual.IAA,5583cfc1-c5f5-49da-9611-9d3e365315fd,Copied from  227 (Denise Toor) at 2021-05-13T202205,True,7c82678e-ae03-479b-83d4-a12f3ddf49cf,NOT_FOUND,Individualv4.2,01.01.01,0,6aec528a-d927-43bc-a317-2db0c4efd1b1,{},0,0,0,,1,1,4d3b1e615fd8e0a137a7a34740e304c8e073774db7a923262a1850bb9368823e,1,[0]
1656,SFU_Articles/covid19/1405124144.txt,1405124144,1405124144.txt,54b6b28c23e178237375e7365b39ba2648881da3c8beae0814e832d274eab001,12447,b8ee8a69-8e8a-45d1-9ba9-5eeb153bf93c,covid_individual.IAA,5583cfc1-c5f5-49da-9611-9d3e365315fd,Copied from  227 (Denise Toor) at 2021-05-13T202205,True,7c82678e-ae03-479b-83d4-a12f3ddf49cf,NOT_FOUND,Individualv4.2,01.02.05,0,9d2befd9-23ed-45b2-bee4-ad8ebd216771,{},0,0,0,,2,5,4d3b1e615fd8e0a137a7a34740e304c8e073774db7a923262a1850bb9368823e,1,[0]
1657,SFU_Articles/covid19/1405124144.txt,1405124144,1405124144.txt,54b6b28c23e178237375e7365b39ba2648881da3c8beae0814e832d274eab001,12447,b8ee8a69-8e8a-45d1-9ba9-5eeb153bf93c,covid_individual.IAA,5583cfc1-c5f5-49da-9611-9d3e365315fd,Copied from  227 (Denise Toor) at 2021-05-13T202205,True,7c82678e-ae03-479b-83d4-a12f3ddf49cf,NOT_FOUND,Individualv4.2,01.09.04,1,479a926a-ac48-4450-83fc-dd58023cdb7c,{},1,4181,4278,Terrorist attacks by their very nature leave deeper scars on society than other forms of violence,9,4,4d3b1e615fd8e0a137a7a34740e304c8e073774db7a923262a1850bb9368823e,1,"[4181, 4182, 4183, 4184, 4185, 4186, 4187, 4188, 4189, 4190, 4191, 4192, 4193, 4194, 4195, 4196, 4197, 4198, 4199, 4200, 4201, 4202, 4203, 4204, 4205, 4206, 4207, 4208, 4209, 4210, 4211, 4212, 4213, 4214, 4215, 4216, 4217, 4218, 4219, 4220, 4221, 4222, 4223, 4224, 4225, 4226, 4227, 4228, 4229, 4230, 4231, 4232, 4233, 4234, 4235, 4236, 4237, 4238, 4239, 4240, 4241, 4242, 4243, 4244, 4245, 4246, 4247, 4248, 4249, 4250, 4251, 4252, 4253, 4254, 4255, 4256, 4257, 4258, 4259, 4260, 4261, 4262, 4263, 4264, 4265, 4266, 4267, 4268, 4269, 4270, 4271, 4272, 4273, 4274, 4275, 4276, 4277, 4278]"
1658,SFU_Articles/covid19/1405124144.txt,1405124144,1405124144.txt,54b6b28c23e178237375e7365b39ba2648881da3c8beae0814e832d274eab001,12447,b8ee8a69-8e8a-45d1-9ba9-5eeb153bf93c,covid_individual.IAA,5583cfc1-c5f5-49da-9611-9d3e365315fd,Copied from  227 (Denise Toor) at 2021-05-13T202205,True,7c82678e-ae03-479b-83d4-a12f3ddf49cf,NOT_FOUND,Individualv4.2,01.11.05,0,720a7216-178f-4d56-928e-d4e82bb2a153,{},0,0,0,,11,5,4d3b1e615fd8e0a137a7a34740e304c8e073774db7a923262a1850bb9368823e,1,[0]
1659,SFU_Articles/covid19/1405124144.txt,1405124144,1405124144.txt,54b6b28c23e178237375e7365b39ba2648881da3c8beae0814e832d274eab001,12447,b8ee8a69-8e8a-45d1-9ba9-5eeb153bf93c,covid_individual.IAA,5583cfc1-c5f5-49da-9611-9d3e365315fd,Copied from  227 (Denise Toor) at 2021-05-13T202205,True,7c82678e-ae03-479b-83d4-a12f3ddf49cf,NOT_FOUND,Individualv4.2,01.12.08,0,af46deac-d0f7-49a6-b594-d8d44b54088e,{},0,0,0,,12,8,4d3b1e615fd8e0a137a7a34740e304c8e073774db7a923262a1850bb9368823e,1,[0]
1660,SFU_Articles/covid19/1405124144.txt,1405124144,1405124144.txt,54b6b28c23e178237375e7365b39ba2648881da3c8beae0814e832d274eab001,12447,b8ee8a69-8e8a-45d1-9ba9-5eeb153bf93c,covid_individual.IAA,5583cfc1-c5f5-49da-9611-9d3e365315fd,Copied from  227 (Denise Toor) at 2021-05-13T202205,True,7c82678e-ae03-479b-83d4-a12f3ddf49cf,NOT_FOUND,Individualv4.2,01.13.01,0,caea2dc0-84d1-44f9-b235-54ac327e16e2,{},0,0,0,,13,1,4d3b1e615fd8e0a137a7a34740e304c8e073774db7a923262a1850bb9368823e,1,[0]
