,article_batch_name,article_number,article_filename,article_sha256,article_text_length,tua_group_uuid,tua_group_name,tua_batch_uuid,tua_batch_name,tua_batch_final,source_task_uuid,tua_uuid,namespace,topic_name,case_number,answer_uuid,extra,highlight_count,start_pos,end_pos,target_text,question_Number,agreed_Answer,schema_sha256,agreement_score,highlighted_indices
577,SFU_Articles/covid19/1472611315.txt,1472611315,1472611315.txt,b04b411e0c3f100bbea9bf6e468a15627711da4651f15a24840c803dcfec3ae3,18006,b8ee8a69-8e8a-45d1-9ba9-5eeb153bf93c,covid_individual.IAA,232c33b9-b6e6-4998-842e-de7d509af18c,Consensus generated at 2021-03-23T030517,True,8c2f0399-f70c-4c2d-9580-066b71c3d0bb,NOT_FOUND,Individualv4.2,01.02.05,1,9d2befd9-23ed-45b2-bee4-ad8ebd216771,"{""contrib_count"": 3, ""answer_text_list"": []}",0,0,0,,2,5,4d3b1e615fd8e0a137a7a34740e304c8e073774db7a923262a1850bb9368823e,1,[0]
578,SFU_Articles/covid19/1472611315.txt,1472611315,1472611315.txt,b04b411e0c3f100bbea9bf6e468a15627711da4651f15a24840c803dcfec3ae3,18006,b8ee8a69-8e8a-45d1-9ba9-5eeb153bf93c,covid_individual.IAA,232c33b9-b6e6-4998-842e-de7d509af18c,Consensus generated at 2021-03-23T030517,True,8c2f0399-f70c-4c2d-9580-066b71c3d0bb,NOT_FOUND,Individualv4.2,01.01.01,1,6aec528a-d927-43bc-a317-2db0c4efd1b1,"{""contrib_count"": 2, ""answer_text_list"": []}",0,0,0,,1,1,4d3b1e615fd8e0a137a7a34740e304c8e073774db7a923262a1850bb9368823e,1,[0]
579,SFU_Articles/covid19/1472611315.txt,1472611315,1472611315.txt,b04b411e0c3f100bbea9bf6e468a15627711da4651f15a24840c803dcfec3ae3,18006,b8ee8a69-8e8a-45d1-9ba9-5eeb153bf93c,covid_individual.IAA,232c33b9-b6e6-4998-842e-de7d509af18c,Consensus generated at 2021-03-23T030517,True,8c2f0399-f70c-4c2d-9580-066b71c3d0bb,NOT_FOUND,Individualv4.2,01.12.06,1,0fba99d3-1e37-4626-85f2-6541d4bacbec,"{""contrib_count"": 2, ""answer_text_list"": []}",0,0,0,,12,6,4d3b1e615fd8e0a137a7a34740e304c8e073774db7a923262a1850bb9368823e,1,[0]
580,SFU_Articles/covid19/1472611315.txt,1472611315,1472611315.txt,b04b411e0c3f100bbea9bf6e468a15627711da4651f15a24840c803dcfec3ae3,18006,b8ee8a69-8e8a-45d1-9ba9-5eeb153bf93c,covid_individual.IAA,232c33b9-b6e6-4998-842e-de7d509af18c,Consensus generated at 2021-03-23T030517,True,8c2f0399-f70c-4c2d-9580-066b71c3d0bb,NOT_FOUND,Individualv4.2,01.13.01,1,caea2dc0-84d1-44f9-b235-54ac327e16e2,"{""contrib_count"": 3, ""answer_text_list"": []}",0,0,0,,13,1,4d3b1e615fd8e0a137a7a34740e304c8e073774db7a923262a1850bb9368823e,1,[0]
581,SFU_Articles/covid19/1472611315.txt,1472611315,1472611315.txt,b04b411e0c3f100bbea9bf6e468a15627711da4651f15a24840c803dcfec3ae3,18006,b8ee8a69-8e8a-45d1-9ba9-5eeb153bf93c,covid_individual.IAA,232c33b9-b6e6-4998-842e-de7d509af18c,Consensus generated at 2021-03-23T030517,True,8c2f0399-f70c-4c2d-9580-066b71c3d0bb,NOT_FOUND,Individualv4.2,01.11.04,1,8999b4be-7e40-496c-8318-f67e436bde71,"{""contrib_count"": 2, ""answer_text_list"": []}",0,0,0,,11,4,4d3b1e615fd8e0a137a7a34740e304c8e073774db7a923262a1850bb9368823e,1,[0]
582,SFU_Articles/covid19/1472611315.txt,1472611315,1472611315.txt,b04b411e0c3f100bbea9bf6e468a15627711da4651f15a24840c803dcfec3ae3,18006,b8ee8a69-8e8a-45d1-9ba9-5eeb153bf93c,covid_individual.IAA,232c33b9-b6e6-4998-842e-de7d509af18c,Consensus generated at 2021-03-23T030517,True,8c2f0399-f70c-4c2d-9580-066b71c3d0bb,NOT_FOUND,Individualv4.2,01.09.07,1,7c7c67d6-564c-4757-8b07-64d1fd6705c7,"{""contrib_count"": 2, ""answer_text_list"": []}",1,6004,6047,"In EPIO, I develop a proportionality theory",9,7,4d3b1e615fd8e0a137a7a34740e304c8e073774db7a923262a1850bb9368823e,1,"[6004, 6005, 6006, 6007, 6008, 6009, 6010, 6011, 6012, 6013, 6014, 6015, 6016, 6017, 6018, 6019, 6020, 6021, 6022, 6023, 6024, 6025, 6026, 6027, 6028, 6029, 6030, 6031, 6032, 6033, 6034, 6035, 6036, 6037, 6038, 6039, 6040, 6041, 6042, 6043, 6044, 6045, 6046, 6047]"
2530,SFU_Articles/covid19/1472611315.txt,1472611315,1472611315.txt,b04b411e0c3f100bbea9bf6e468a15627711da4651f15a24840c803dcfec3ae3,18006,b8ee8a69-8e8a-45d1-9ba9-5eeb153bf93c,covid_individual.IAA,5583cfc1-c5f5-49da-9611-9d3e365315fd,Copied from  227 (Denise Toor) at 2021-05-13T202205,True,8c2f0399-f70c-4c2d-9580-066b71c3d0bb,NOT_FOUND,Individualv4.2,01.01.01,0,6aec528a-d927-43bc-a317-2db0c4efd1b1,{},0,0,0,,1,1,4d3b1e615fd8e0a137a7a34740e304c8e073774db7a923262a1850bb9368823e,1,[0]
2531,SFU_Articles/covid19/1472611315.txt,1472611315,1472611315.txt,b04b411e0c3f100bbea9bf6e468a15627711da4651f15a24840c803dcfec3ae3,18006,b8ee8a69-8e8a-45d1-9ba9-5eeb153bf93c,covid_individual.IAA,5583cfc1-c5f5-49da-9611-9d3e365315fd,Copied from  227 (Denise Toor) at 2021-05-13T202205,True,8c2f0399-f70c-4c2d-9580-066b71c3d0bb,NOT_FOUND,Individualv4.2,01.02.05,0,9d2befd9-23ed-45b2-bee4-ad8ebd216771,{},0,0,0,,2,5,4d3b1e615fd8e0a137a7a34740e304c8e073774db7a923262a1850bb9368823e,1,[0]
2532,SFU_Articles/covid19/1472611315.txt,1472611315,1472611315.txt,b04b411e0c3f100bbea9bf6e468a15627711da4651f15a24840c803dcfec3ae3,18006,b8ee8a69-8e8a-45d1-9ba9-5eeb153bf93c,covid_individual.IAA,5583cfc1-c5f5-49da-9611-9d3e365315fd,Copied from  227 (Denise Toor) at 2021-05-13T202205,True,8c2f0399-f70c-4c2d-9580-066b71c3d0bb,NOT_FOUND,Individualv4.2,01.11.04,0,8999b4be-7e40-496c-8318-f67e436bde71,{},0,0,0,,11,4,4d3b1e615fd8e0a137a7a34740e304c8e073774db7a923262a1850bb9368823e,1,[0]
2533,SFU_Articles/covid19/1472611315.txt,1472611315,1472611315.txt,b04b411e0c3f100bbea9bf6e468a15627711da4651f15a24840c803dcfec3ae3,18006,b8ee8a69-8e8a-45d1-9ba9-5eeb153bf93c,covid_individual.IAA,5583cfc1-c5f5-49da-9611-9d3e365315fd,Copied from  227 (Denise Toor) at 2021-05-13T202205,True,8c2f0399-f70c-4c2d-9580-066b71c3d0bb,NOT_FOUND,Individualv4.2,01.12.06,0,0fba99d3-1e37-4626-85f2-6541d4bacbec,{},0,0,0,,12,6,4d3b1e615fd8e0a137a7a34740e304c8e073774db7a923262a1850bb9368823e,1,[0]
2534,SFU_Articles/covid19/1472611315.txt,1472611315,1472611315.txt,b04b411e0c3f100bbea9bf6e468a15627711da4651f15a24840c803dcfec3ae3,18006,b8ee8a69-8e8a-45d1-9ba9-5eeb153bf93c,covid_individual.IAA,5583cfc1-c5f5-49da-9611-9d3e365315fd,Copied from  227 (Denise Toor) at 2021-05-13T202205,True,8c2f0399-f70c-4c2d-9580-066b71c3d0bb,NOT_FOUND,Individualv4.2,01.13.01,0,caea2dc0-84d1-44f9-b235-54ac327e16e2,{},0,0,0,,13,1,4d3b1e615fd8e0a137a7a34740e304c8e073774db7a923262a1850bb9368823e,1,[0]
