,article_batch_name,article_number,article_filename,article_sha256,article_text_length,tua_group_uuid,tua_group_name,tua_batch_uuid,tua_batch_name,tua_batch_final,source_task_uuid,tua_uuid,namespace,topic_name,case_number,answer_uuid,extra,highlight_count,start_pos,end_pos,target_text,question_Number,agreed_Answer,schema_sha256,agreement_score,highlighted_indices
713,SFU_Articles/covid19/1413514447.txt,1413514447,1413514447.txt,6b64ff60f834433754ccf60a4ce6f447bab1a33da0e7a3df5e8cb3e5309b3b31,4602,b8ee8a69-8e8a-45d1-9ba9-5eeb153bf93c,covid_individual.IAA,232c33b9-b6e6-4998-842e-de7d509af18c,Consensus generated at 2021-03-23T030517,True,93f974c3-a83b-435b-941e-2a550106f9d2,NOT_FOUND,Individualv4.2,01.02.01,1,abd4d646-ec47-4d02-a05f-2bb6c16491c3,"{""contrib_count"": 2, ""answer_text_list"": []}",0,0,0,,2,1,4d3b1e615fd8e0a137a7a34740e304c8e073774db7a923262a1850bb9368823e,1,[0]
714,SFU_Articles/covid19/1413514447.txt,1413514447,1413514447.txt,6b64ff60f834433754ccf60a4ce6f447bab1a33da0e7a3df5e8cb3e5309b3b31,4602,b8ee8a69-8e8a-45d1-9ba9-5eeb153bf93c,covid_individual.IAA,232c33b9-b6e6-4998-842e-de7d509af18c,Consensus generated at 2021-03-23T030517,True,93f974c3-a83b-435b-941e-2a550106f9d2,NOT_FOUND,Individualv4.2,01.01.01,1,6aec528a-d927-43bc-a317-2db0c4efd1b1,"{""contrib_count"": 2, ""answer_text_list"": []}",0,0,0,,1,1,4d3b1e615fd8e0a137a7a34740e304c8e073774db7a923262a1850bb9368823e,1,[0]
715,SFU_Articles/covid19/1413514447.txt,1413514447,1413514447.txt,6b64ff60f834433754ccf60a4ce6f447bab1a33da0e7a3df5e8cb3e5309b3b31,4602,b8ee8a69-8e8a-45d1-9ba9-5eeb153bf93c,covid_individual.IAA,232c33b9-b6e6-4998-842e-de7d509af18c,Consensus generated at 2021-03-23T030517,True,93f974c3-a83b-435b-941e-2a550106f9d2,NOT_FOUND,Individualv4.2,01.03.03,1,b4c406c0-22f3-4296-8b7c-614b76138038,"{""contrib_count"": 2, ""answer_text_list"": []}",1,1633,1643,I just ran,3,3,4d3b1e615fd8e0a137a7a34740e304c8e073774db7a923262a1850bb9368823e,1,"[1633, 1634, 1635, 1636, 1637, 1638, 1639, 1640, 1641, 1642, 1643]"
716,SFU_Articles/covid19/1413514447.txt,1413514447,1413514447.txt,6b64ff60f834433754ccf60a4ce6f447bab1a33da0e7a3df5e8cb3e5309b3b31,4602,b8ee8a69-8e8a-45d1-9ba9-5eeb153bf93c,covid_individual.IAA,232c33b9-b6e6-4998-842e-de7d509af18c,Consensus generated at 2021-03-23T030517,True,93f974c3-a83b-435b-941e-2a550106f9d2,NOT_FOUND,Individualv4.2,01.13.01,1,caea2dc0-84d1-44f9-b235-54ac327e16e2,"{""contrib_count"": 3, ""answer_text_list"": []}",0,0,0,,13,1,4d3b1e615fd8e0a137a7a34740e304c8e073774db7a923262a1850bb9368823e,1,[0]
1691,SFU_Articles/covid19/1413514447.txt,1413514447,1413514447.txt,6b64ff60f834433754ccf60a4ce6f447bab1a33da0e7a3df5e8cb3e5309b3b31,4602,b8ee8a69-8e8a-45d1-9ba9-5eeb153bf93c,covid_individual.IAA,5583cfc1-c5f5-49da-9611-9d3e365315fd,Copied from  227 (Denise Toor) at 2021-05-13T202205,True,93f974c3-a83b-435b-941e-2a550106f9d2,NOT_FOUND,Individualv4.2,01.01.01,0,6aec528a-d927-43bc-a317-2db0c4efd1b1,{},0,0,0,,1,1,4d3b1e615fd8e0a137a7a34740e304c8e073774db7a923262a1850bb9368823e,1,[0]
1692,SFU_Articles/covid19/1413514447.txt,1413514447,1413514447.txt,6b64ff60f834433754ccf60a4ce6f447bab1a33da0e7a3df5e8cb3e5309b3b31,4602,b8ee8a69-8e8a-45d1-9ba9-5eeb153bf93c,covid_individual.IAA,5583cfc1-c5f5-49da-9611-9d3e365315fd,Copied from  227 (Denise Toor) at 2021-05-13T202205,True,93f974c3-a83b-435b-941e-2a550106f9d2,NOT_FOUND,Individualv4.2,01.02.01,0,abd4d646-ec47-4d02-a05f-2bb6c16491c3,{},0,0,0,,2,1,4d3b1e615fd8e0a137a7a34740e304c8e073774db7a923262a1850bb9368823e,1,[0]
1693,SFU_Articles/covid19/1413514447.txt,1413514447,1413514447.txt,6b64ff60f834433754ccf60a4ce6f447bab1a33da0e7a3df5e8cb3e5309b3b31,4602,b8ee8a69-8e8a-45d1-9ba9-5eeb153bf93c,covid_individual.IAA,5583cfc1-c5f5-49da-9611-9d3e365315fd,Copied from  227 (Denise Toor) at 2021-05-13T202205,True,93f974c3-a83b-435b-941e-2a550106f9d2,NOT_FOUND,Individualv4.2,01.11.05,0,720a7216-178f-4d56-928e-d4e82bb2a153,{},0,0,0,,11,5,4d3b1e615fd8e0a137a7a34740e304c8e073774db7a923262a1850bb9368823e,1,[0]
1694,SFU_Articles/covid19/1413514447.txt,1413514447,1413514447.txt,6b64ff60f834433754ccf60a4ce6f447bab1a33da0e7a3df5e8cb3e5309b3b31,4602,b8ee8a69-8e8a-45d1-9ba9-5eeb153bf93c,covid_individual.IAA,5583cfc1-c5f5-49da-9611-9d3e365315fd,Copied from  227 (Denise Toor) at 2021-05-13T202205,True,93f974c3-a83b-435b-941e-2a550106f9d2,NOT_FOUND,Individualv4.2,01.12.07,0,5199a929-1dd9-482c-98c7-656d91d55c8d,{},0,0,0,,12,7,4d3b1e615fd8e0a137a7a34740e304c8e073774db7a923262a1850bb9368823e,1,[0]
1695,SFU_Articles/covid19/1413514447.txt,1413514447,1413514447.txt,6b64ff60f834433754ccf60a4ce6f447bab1a33da0e7a3df5e8cb3e5309b3b31,4602,b8ee8a69-8e8a-45d1-9ba9-5eeb153bf93c,covid_individual.IAA,5583cfc1-c5f5-49da-9611-9d3e365315fd,Copied from  227 (Denise Toor) at 2021-05-13T202205,True,93f974c3-a83b-435b-941e-2a550106f9d2,NOT_FOUND,Individualv4.2,01.13.01,0,caea2dc0-84d1-44f9-b235-54ac327e16e2,{},0,0,0,,13,1,4d3b1e615fd8e0a137a7a34740e304c8e073774db7a923262a1850bb9368823e,1,[0]
