,article_batch_name,article_number,article_filename,article_sha256,article_text_length,tua_group_uuid,tua_group_name,tua_batch_uuid,tua_batch_name,tua_batch_final,source_task_uuid,tua_uuid,namespace,topic_name,case_number,answer_uuid,extra,highlight_count,start_pos,end_pos,target_text,question_Number,agreed_Answer,schema_sha256,agreement_score,highlighted_indices
505,SFU_Articles/covid19/1468621741.txt,1468621741,1468621741.txt,a5d490caf8ed4309b27570dad5e05bfd7cdf419cc4637139e55cac5ab833ec0c,11106,b8ee8a69-8e8a-45d1-9ba9-5eeb153bf93c,covid_individual.IAA,232c33b9-b6e6-4998-842e-de7d509af18c,Consensus generated at 2021-03-23T030517,True,b331d679-d3ec-4f7b-8222-5c10bd5c7ede,NOT_FOUND,Individualv4.2,01.13.01,1,caea2dc0-84d1-44f9-b235-54ac327e16e2,"{""contrib_count"": 3, ""answer_text_list"": []}",0,0,0,,13,1,4d3b1e615fd8e0a137a7a34740e304c8e073774db7a923262a1850bb9368823e,1,[0]
2190,SFU_Articles/covid19/1468621741.txt,1468621741,1468621741.txt,a5d490caf8ed4309b27570dad5e05bfd7cdf419cc4637139e55cac5ab833ec0c,11106,b8ee8a69-8e8a-45d1-9ba9-5eeb153bf93c,covid_individual.IAA,5583cfc1-c5f5-49da-9611-9d3e365315fd,Copied from  227 (Denise Toor) at 2021-05-13T202205,True,b331d679-d3ec-4f7b-8222-5c10bd5c7ede,NOT_FOUND,Individualv4.2,01.01.01,0,6aec528a-d927-43bc-a317-2db0c4efd1b1,{},0,0,0,,1,1,4d3b1e615fd8e0a137a7a34740e304c8e073774db7a923262a1850bb9368823e,1,[0]
2191,SFU_Articles/covid19/1468621741.txt,1468621741,1468621741.txt,a5d490caf8ed4309b27570dad5e05bfd7cdf419cc4637139e55cac5ab833ec0c,11106,b8ee8a69-8e8a-45d1-9ba9-5eeb153bf93c,covid_individual.IAA,5583cfc1-c5f5-49da-9611-9d3e365315fd,Copied from  227 (Denise Toor) at 2021-05-13T202205,True,b331d679-d3ec-4f7b-8222-5c10bd5c7ede,NOT_FOUND,Individualv4.2,01.02.02,0,4e6a8b8a-d18e-4a46-9625-b73b61ff4dbf,{},0,0,0,,2,2,4d3b1e615fd8e0a137a7a34740e304c8e073774db7a923262a1850bb9368823e,1,[0]
2192,SFU_Articles/covid19/1468621741.txt,1468621741,1468621741.txt,a5d490caf8ed4309b27570dad5e05bfd7cdf419cc4637139e55cac5ab833ec0c,11106,b8ee8a69-8e8a-45d1-9ba9-5eeb153bf93c,covid_individual.IAA,5583cfc1-c5f5-49da-9611-9d3e365315fd,Copied from  227 (Denise Toor) at 2021-05-13T202205,True,b331d679-d3ec-4f7b-8222-5c10bd5c7ede,NOT_FOUND,Individualv4.2,01.02.04,0,cea46ec9-98b6-44c1-9700-2ba5f4c038cc,{},0,0,0,,2,4,4d3b1e615fd8e0a137a7a34740e304c8e073774db7a923262a1850bb9368823e,1,[0]
2193,SFU_Articles/covid19/1468621741.txt,1468621741,1468621741.txt,a5d490caf8ed4309b27570dad5e05bfd7cdf419cc4637139e55cac5ab833ec0c,11106,b8ee8a69-8e8a-45d1-9ba9-5eeb153bf93c,covid_individual.IAA,5583cfc1-c5f5-49da-9611-9d3e365315fd,Copied from  227 (Denise Toor) at 2021-05-13T202205,True,b331d679-d3ec-4f7b-8222-5c10bd5c7ede,NOT_FOUND,Individualv4.2,01.04.03,1,8b4f0e94-1747-44ca-84fc-cd08305bb494,{},1,9579,9628,A 5-year-old Barry Bernson could never have known,4,3,4d3b1e615fd8e0a137a7a34740e304c8e073774db7a923262a1850bb9368823e,1,"[9579, 9580, 9581, 9582, 9583, 9584, 9585, 9586, 9587, 9588, 9589, 9590, 9591, 9592, 9593, 9594, 9595, 9596, 9597, 9598, 9599, 9600, 9601, 9602, 9603, 9604, 9605, 9606, 9607, 9608, 9609, 9610, 9611, 9612, 9613, 9614, 9615, 9616, 9617, 9618, 9619, 9620, 9621, 9622, 9623, 9624, 9625, 9626, 9627, 9628]"
2194,SFU_Articles/covid19/1468621741.txt,1468621741,1468621741.txt,a5d490caf8ed4309b27570dad5e05bfd7cdf419cc4637139e55cac5ab833ec0c,11106,b8ee8a69-8e8a-45d1-9ba9-5eeb153bf93c,covid_individual.IAA,5583cfc1-c5f5-49da-9611-9d3e365315fd,Copied from  227 (Denise Toor) at 2021-05-13T202205,True,b331d679-d3ec-4f7b-8222-5c10bd5c7ede,NOT_FOUND,Individualv4.2,01.08.01,1,3caa2e3f-1419-4c88-87b4-1a1fb6b37c8c,{},1,9579,9744,A 5-year-old Barry Bernson could never have known that reading the daily announcements over the P.A. system at summer camp would lead to a career behind a microphone,8,1,4d3b1e615fd8e0a137a7a34740e304c8e073774db7a923262a1850bb9368823e,1,"[9579, 9580, 9581, 9582, 9583, 9584, 9585, 9586, 9587, 9588, 9589, 9590, 9591, 9592, 9593, 9594, 9595, 9596, 9597, 9598, 9599, 9600, 9601, 9602, 9603, 9604, 9605, 9606, 9607, 9608, 9609, 9610, 9611, 9612, 9613, 9614, 9615, 9616, 9617, 9618, 9619, 9620, 9621, 9622, 9623, 9624, 9625, 9626, 9627, 9628, 9629, 9630, 9631, 9632, 9633, 9634, 9635, 9636, 9637, 9638, 9639, 9640, 9641, 9642, 9643, 9644, 9645, 9646, 9647, 9648, 9649, 9650, 9651, 9652, 9653, 9654, 9655, 9656, 9657, 9658, 9659, 9660, 9661, 9662, 9663, 9664, 9665, 9666, 9667, 9668, 9669, 9670, 9671, 9672, 9673, 9674, 9675, 9676, 9677, 9678, 9679, 9680, 9681, 9682, 9683, 9684, 9685, 9686, 9687, 9688, 9689, 9690, 9691, 9692, 9693, 9694, 9695, 9696, 9697, 9698, 9699, 9700, 9701, 9702, 9703, 9704, 9705, 9706, 9707, 9708, 9709, 9710, 9711, 9712, 9713, 9714, 9715, 9716, 9717, 9718, 9719, 9720, 9721, 9722, 9723, 9724, 9725, 9726, 9727, 9728, 9729, 9730, 9731, 9732, 9733, 9734, 9735, 9736, 9737, 9738, 9739, 9740, 9741, 9742, 9743, 9744]"
2195,SFU_Articles/covid19/1468621741.txt,1468621741,1468621741.txt,a5d490caf8ed4309b27570dad5e05bfd7cdf419cc4637139e55cac5ab833ec0c,11106,b8ee8a69-8e8a-45d1-9ba9-5eeb153bf93c,covid_individual.IAA,5583cfc1-c5f5-49da-9611-9d3e365315fd,Copied from  227 (Denise Toor) at 2021-05-13T202205,True,b331d679-d3ec-4f7b-8222-5c10bd5c7ede,NOT_FOUND,Individualv4.2,01.11.03,0,ba2fa8c4-2530-4c81-9b4e-813cbb4fdbd5,{},0,0,0,,11,3,4d3b1e615fd8e0a137a7a34740e304c8e073774db7a923262a1850bb9368823e,1,[0]
2196,SFU_Articles/covid19/1468621741.txt,1468621741,1468621741.txt,a5d490caf8ed4309b27570dad5e05bfd7cdf419cc4637139e55cac5ab833ec0c,11106,b8ee8a69-8e8a-45d1-9ba9-5eeb153bf93c,covid_individual.IAA,5583cfc1-c5f5-49da-9611-9d3e365315fd,Copied from  227 (Denise Toor) at 2021-05-13T202205,True,b331d679-d3ec-4f7b-8222-5c10bd5c7ede,NOT_FOUND,Individualv4.2,01.12.07,0,5199a929-1dd9-482c-98c7-656d91d55c8d,{},0,0,0,,12,7,4d3b1e615fd8e0a137a7a34740e304c8e073774db7a923262a1850bb9368823e,1,[0]
2197,SFU_Articles/covid19/1468621741.txt,1468621741,1468621741.txt,a5d490caf8ed4309b27570dad5e05bfd7cdf419cc4637139e55cac5ab833ec0c,11106,b8ee8a69-8e8a-45d1-9ba9-5eeb153bf93c,covid_individual.IAA,5583cfc1-c5f5-49da-9611-9d3e365315fd,Copied from  227 (Denise Toor) at 2021-05-13T202205,True,b331d679-d3ec-4f7b-8222-5c10bd5c7ede,NOT_FOUND,Individualv4.2,01.13.01,0,caea2dc0-84d1-44f9-b235-54ac327e16e2,{},0,0,0,,13,1,4d3b1e615fd8e0a137a7a34740e304c8e073774db7a923262a1850bb9368823e,1,[0]
