,article_batch_name,article_number,article_filename,article_sha256,article_text_length,tua_group_uuid,tua_group_name,tua_batch_uuid,tua_batch_name,tua_batch_final,source_task_uuid,tua_uuid,namespace,topic_name,case_number,answer_uuid,extra,highlight_count,start_pos,end_pos,target_text,question_Number,agreed_Answer,schema_sha256,agreement_score,highlighted_indices
131,SFU_Articles/covid19/1396089305.txt,1396089305,1396089305.txt,8b89c95fc3eee9ff051ddb452d4312c85ef81577436c2771488a9d569c2ac73a,6542,b8ee8a69-8e8a-45d1-9ba9-5eeb153bf93c,covid_individual.IAA,232c33b9-b6e6-4998-842e-de7d509af18c,Consensus generated at 2021-03-23T030517,True,28fc6d25-23a0-4118-bca0-618ac1942d6b,NOT_FOUND,Individualv4.2,01.02.02,1,4e6a8b8a-d18e-4a46-9625-b73b61ff4dbf,"{""contrib_count"": 2, ""answer_text_list"": []}",0,0,0,,2,2,4d3b1e615fd8e0a137a7a34740e304c8e073774db7a923262a1850bb9368823e,1,[0]
132,SFU_Articles/covid19/1396089305.txt,1396089305,1396089305.txt,8b89c95fc3eee9ff051ddb452d4312c85ef81577436c2771488a9d569c2ac73a,6542,b8ee8a69-8e8a-45d1-9ba9-5eeb153bf93c,covid_individual.IAA,232c33b9-b6e6-4998-842e-de7d509af18c,Consensus generated at 2021-03-23T030517,True,28fc6d25-23a0-4118-bca0-618ac1942d6b,NOT_FOUND,Individualv4.2,01.04.01,1,42355c70-e92a-4d53-8f97-67301e38d055,"{""contrib_count"": 2, ""answer_text_list"": []}",1,2814,2878,"rapidly moving, highly lethal pandemic of a respiratory pathogen",4,1,4d3b1e615fd8e0a137a7a34740e304c8e073774db7a923262a1850bb9368823e,1,"[2814, 2815, 2816, 2817, 2818, 2819, 2820, 2821, 2822, 2823, 2824, 2825, 2826, 2827, 2828, 2829, 2830, 2831, 2832, 2833, 2834, 2835, 2836, 2837, 2838, 2839, 2840, 2841, 2842, 2843, 2844, 2845, 2846, 2847, 2848, 2849, 2850, 2851, 2852, 2853, 2854, 2855, 2856, 2857, 2858, 2859, 2860, 2861, 2862, 2863, 2864, 2865, 2866, 2867, 2868, 2869, 2870, 2871, 2872, 2873, 2874, 2875, 2876, 2877, 2878]"
133,SFU_Articles/covid19/1396089305.txt,1396089305,1396089305.txt,8b89c95fc3eee9ff051ddb452d4312c85ef81577436c2771488a9d569c2ac73a,6542,b8ee8a69-8e8a-45d1-9ba9-5eeb153bf93c,covid_individual.IAA,232c33b9-b6e6-4998-842e-de7d509af18c,Consensus generated at 2021-03-23T030517,True,28fc6d25-23a0-4118-bca0-618ac1942d6b,NOT_FOUND,Individualv4.2,01.12.06,1,0fba99d3-1e37-4626-85f2-6541d4bacbec,"{""contrib_count"": 2, ""answer_text_list"": []}",0,0,0,,12,6,4d3b1e615fd8e0a137a7a34740e304c8e073774db7a923262a1850bb9368823e,1,[0]
134,SFU_Articles/covid19/1396089305.txt,1396089305,1396089305.txt,8b89c95fc3eee9ff051ddb452d4312c85ef81577436c2771488a9d569c2ac73a,6542,b8ee8a69-8e8a-45d1-9ba9-5eeb153bf93c,covid_individual.IAA,232c33b9-b6e6-4998-842e-de7d509af18c,Consensus generated at 2021-03-23T030517,True,28fc6d25-23a0-4118-bca0-618ac1942d6b,NOT_FOUND,Individualv4.2,01.13.01,1,caea2dc0-84d1-44f9-b235-54ac327e16e2,"{""contrib_count"": 3, ""answer_text_list"": []}",0,0,0,,13,1,4d3b1e615fd8e0a137a7a34740e304c8e073774db7a923262a1850bb9368823e,1,[0]
135,SFU_Articles/covid19/1396089305.txt,1396089305,1396089305.txt,8b89c95fc3eee9ff051ddb452d4312c85ef81577436c2771488a9d569c2ac73a,6542,b8ee8a69-8e8a-45d1-9ba9-5eeb153bf93c,covid_individual.IAA,232c33b9-b6e6-4998-842e-de7d509af18c,Consensus generated at 2021-03-23T030517,True,28fc6d25-23a0-4118-bca0-618ac1942d6b,NOT_FOUND,Individualv4.2,01.05.02,1,ee608c04-0fe7-496a-9527-3ba3d92396fa,"{""contrib_count"": 2, ""answer_text_list"": []}",0,0,0,,5,2,4d3b1e615fd8e0a137a7a34740e304c8e073774db7a923262a1850bb9368823e,1,[0]
1478,SFU_Articles/covid19/1396089305.txt,1396089305,1396089305.txt,8b89c95fc3eee9ff051ddb452d4312c85ef81577436c2771488a9d569c2ac73a,6542,b8ee8a69-8e8a-45d1-9ba9-5eeb153bf93c,covid_individual.IAA,5583cfc1-c5f5-49da-9611-9d3e365315fd,Copied from  227 (Denise Toor) at 2021-05-13T202205,True,28fc6d25-23a0-4118-bca0-618ac1942d6b,NOT_FOUND,Individualv4.2,01.01.01,0,6aec528a-d927-43bc-a317-2db0c4efd1b1,{},0,0,0,,1,1,4d3b1e615fd8e0a137a7a34740e304c8e073774db7a923262a1850bb9368823e,1,[0]
1479,SFU_Articles/covid19/1396089305.txt,1396089305,1396089305.txt,8b89c95fc3eee9ff051ddb452d4312c85ef81577436c2771488a9d569c2ac73a,6542,b8ee8a69-8e8a-45d1-9ba9-5eeb153bf93c,covid_individual.IAA,5583cfc1-c5f5-49da-9611-9d3e365315fd,Copied from  227 (Denise Toor) at 2021-05-13T202205,True,28fc6d25-23a0-4118-bca0-618ac1942d6b,NOT_FOUND,Individualv4.2,01.02.02,0,4e6a8b8a-d18e-4a46-9625-b73b61ff4dbf,{},0,0,0,,2,2,4d3b1e615fd8e0a137a7a34740e304c8e073774db7a923262a1850bb9368823e,1,[0]
1480,SFU_Articles/covid19/1396089305.txt,1396089305,1396089305.txt,8b89c95fc3eee9ff051ddb452d4312c85ef81577436c2771488a9d569c2ac73a,6542,b8ee8a69-8e8a-45d1-9ba9-5eeb153bf93c,covid_individual.IAA,5583cfc1-c5f5-49da-9611-9d3e365315fd,Copied from  227 (Denise Toor) at 2021-05-13T202205,True,28fc6d25-23a0-4118-bca0-618ac1942d6b,NOT_FOUND,Individualv4.2,01.02.05,0,9d2befd9-23ed-45b2-bee4-ad8ebd216771,{},0,0,0,,2,5,4d3b1e615fd8e0a137a7a34740e304c8e073774db7a923262a1850bb9368823e,1,[0]
1481,SFU_Articles/covid19/1396089305.txt,1396089305,1396089305.txt,8b89c95fc3eee9ff051ddb452d4312c85ef81577436c2771488a9d569c2ac73a,6542,b8ee8a69-8e8a-45d1-9ba9-5eeb153bf93c,covid_individual.IAA,5583cfc1-c5f5-49da-9611-9d3e365315fd,Copied from  227 (Denise Toor) at 2021-05-13T202205,True,28fc6d25-23a0-4118-bca0-618ac1942d6b,NOT_FOUND,Individualv4.2,01.05.02,0,ee608c04-0fe7-496a-9527-3ba3d92396fa,{},0,0,0,,5,2,4d3b1e615fd8e0a137a7a34740e304c8e073774db7a923262a1850bb9368823e,1,[0]
1482,SFU_Articles/covid19/1396089305.txt,1396089305,1396089305.txt,8b89c95fc3eee9ff051ddb452d4312c85ef81577436c2771488a9d569c2ac73a,6542,b8ee8a69-8e8a-45d1-9ba9-5eeb153bf93c,covid_individual.IAA,5583cfc1-c5f5-49da-9611-9d3e365315fd,Copied from  227 (Denise Toor) at 2021-05-13T202205,True,28fc6d25-23a0-4118-bca0-618ac1942d6b,NOT_FOUND,Individualv4.2,01.09.01,1,1fb8bef7-274f-41a8-83e2-0d67d27759a8,{},2,2674,2724,authors put their concern in the bleakest of terms,9,1,4d3b1e615fd8e0a137a7a34740e304c8e073774db7a923262a1850bb9368823e,1,"[2674, 2675, 2676, 2677, 2678, 2679, 2680, 2681, 2682, 2683, 2684, 2685, 2686, 2687, 2688, 2689, 2690, 2691, 2692, 2693, 2694, 2695, 2696, 2697, 2698, 2699, 2700, 2701, 2702, 2703, 2704, 2705, 2706, 2707, 2708, 2709, 2710, 2711, 2712, 2713, 2714, 2715, 2716, 2717, 2718, 2719, 2720, 2721, 2722, 2723, 2724]"
1483,SFU_Articles/covid19/1396089305.txt,1396089305,1396089305.txt,8b89c95fc3eee9ff051ddb452d4312c85ef81577436c2771488a9d569c2ac73a,6542,b8ee8a69-8e8a-45d1-9ba9-5eeb153bf93c,covid_individual.IAA,5583cfc1-c5f5-49da-9611-9d3e365315fd,Copied from  227 (Denise Toor) at 2021-05-13T202205,True,28fc6d25-23a0-4118-bca0-618ac1942d6b,NOT_FOUND,Individualv4.2,01.09.01,1,1fb8bef7-274f-41a8-83e2-0d67d27759a8,{},2,2767,2878,"they wrote, including \u201ca very real threat of a rapidly moving, highly lethal pandemic of a respiratory pathogen",9,1,4d3b1e615fd8e0a137a7a34740e304c8e073774db7a923262a1850bb9368823e,1,"[2767, 2768, 2769, 2770, 2771, 2772, 2773, 2774, 2775, 2776, 2777, 2778, 2779, 2780, 2781, 2782, 2783, 2784, 2785, 2786, 2787, 2788, 2789, 2790, 2791, 2792, 2793, 2794, 2795, 2796, 2797, 2798, 2799, 2800, 2801, 2802, 2803, 2804, 2805, 2806, 2807, 2808, 2809, 2810, 2811, 2812, 2813, 2814, 2815, 2816, 2817, 2818, 2819, 2820, 2821, 2822, 2823, 2824, 2825, 2826, 2827, 2828, 2829, 2830, 2831, 2832, 2833, 2834, 2835, 2836, 2837, 2838, 2839, 2840, 2841, 2842, 2843, 2844, 2845, 2846, 2847, 2848, 2849, 2850, 2851, 2852, 2853, 2854, 2855, 2856, 2857, 2858, 2859, 2860, 2861, 2862, 2863, 2864, 2865, 2866, 2867, 2868, 2869, 2870, 2871, 2872, 2873, 2874, 2875, 2876, 2877, 2878]"
1484,SFU_Articles/covid19/1396089305.txt,1396089305,1396089305.txt,8b89c95fc3eee9ff051ddb452d4312c85ef81577436c2771488a9d569c2ac73a,6542,b8ee8a69-8e8a-45d1-9ba9-5eeb153bf93c,covid_individual.IAA,5583cfc1-c5f5-49da-9611-9d3e365315fd,Copied from  227 (Denise Toor) at 2021-05-13T202205,True,28fc6d25-23a0-4118-bca0-618ac1942d6b,NOT_FOUND,Individualv4.2,01.11.05,0,720a7216-178f-4d56-928e-d4e82bb2a153,{},0,0,0,,11,5,4d3b1e615fd8e0a137a7a34740e304c8e073774db7a923262a1850bb9368823e,1,[0]
1485,SFU_Articles/covid19/1396089305.txt,1396089305,1396089305.txt,8b89c95fc3eee9ff051ddb452d4312c85ef81577436c2771488a9d569c2ac73a,6542,b8ee8a69-8e8a-45d1-9ba9-5eeb153bf93c,covid_individual.IAA,5583cfc1-c5f5-49da-9611-9d3e365315fd,Copied from  227 (Denise Toor) at 2021-05-13T202205,True,28fc6d25-23a0-4118-bca0-618ac1942d6b,NOT_FOUND,Individualv4.2,01.12.06,0,0fba99d3-1e37-4626-85f2-6541d4bacbec,{},0,0,0,,12,6,4d3b1e615fd8e0a137a7a34740e304c8e073774db7a923262a1850bb9368823e,1,[0]
1486,SFU_Articles/covid19/1396089305.txt,1396089305,1396089305.txt,8b89c95fc3eee9ff051ddb452d4312c85ef81577436c2771488a9d569c2ac73a,6542,b8ee8a69-8e8a-45d1-9ba9-5eeb153bf93c,covid_individual.IAA,5583cfc1-c5f5-49da-9611-9d3e365315fd,Copied from  227 (Denise Toor) at 2021-05-13T202205,True,28fc6d25-23a0-4118-bca0-618ac1942d6b,NOT_FOUND,Individualv4.2,01.13.01,0,caea2dc0-84d1-44f9-b235-54ac327e16e2,{},0,0,0,,13,1,4d3b1e615fd8e0a137a7a34740e304c8e073774db7a923262a1850bb9368823e,1,[0]
