,article_batch_name,article_number,article_filename,article_sha256,article_text_length,tua_group_uuid,tua_group_name,tua_batch_uuid,tua_batch_name,tua_batch_final,source_task_uuid,tua_uuid,namespace,topic_name,case_number,answer_uuid,extra,highlight_count,start_pos,end_pos,target_text,question_Number,agreed_Answer,schema_sha256,agreement_score,highlighted_indices
27,SFU_Articles/covid19/1487846888.txt,1487846888,1487846888.txt,7c8dbe5f1a389be3c8b7e90a31f860ef210debbfb51002333b0e955ae0364927,2151,b8ee8a69-8e8a-45d1-9ba9-5eeb153bf93c,covid_individual.IAA,232c33b9-b6e6-4998-842e-de7d509af18c,Consensus generated at 2021-03-23T030517,True,156d12d6-32d0-44f7-9487-7bcd4df7380a,NOT_FOUND,Individualv4.2,01.02.02,1,4e6a8b8a-d18e-4a46-9625-b73b61ff4dbf,"{""contrib_count"": 3, ""answer_text_list"": []}",0,0,0,,2,2,4d3b1e615fd8e0a137a7a34740e304c8e073774db7a923262a1850bb9368823e,1,[0]
28,SFU_Articles/covid19/1487846888.txt,1487846888,1487846888.txt,7c8dbe5f1a389be3c8b7e90a31f860ef210debbfb51002333b0e955ae0364927,2151,b8ee8a69-8e8a-45d1-9ba9-5eeb153bf93c,covid_individual.IAA,232c33b9-b6e6-4998-842e-de7d509af18c,Consensus generated at 2021-03-23T030517,True,156d12d6-32d0-44f7-9487-7bcd4df7380a,NOT_FOUND,Individualv4.2,01.08.03,1,d565ff04-6156-4124-95a7-299e53d55309,"{""contrib_count"": 2, ""answer_text_list"": []}",0,0,0,,8,3,4d3b1e615fd8e0a137a7a34740e304c8e073774db7a923262a1850bb9368823e,1,[0]
29,SFU_Articles/covid19/1487846888.txt,1487846888,1487846888.txt,7c8dbe5f1a389be3c8b7e90a31f860ef210debbfb51002333b0e955ae0364927,2151,b8ee8a69-8e8a-45d1-9ba9-5eeb153bf93c,covid_individual.IAA,232c33b9-b6e6-4998-842e-de7d509af18c,Consensus generated at 2021-03-23T030517,True,156d12d6-32d0-44f7-9487-7bcd4df7380a,NOT_FOUND,Individualv4.2,01.01.01,1,6aec528a-d927-43bc-a317-2db0c4efd1b1,"{""contrib_count"": 2, ""answer_text_list"": []}",0,0,0,,1,1,4d3b1e615fd8e0a137a7a34740e304c8e073774db7a923262a1850bb9368823e,1,[0]
30,SFU_Articles/covid19/1487846888.txt,1487846888,1487846888.txt,7c8dbe5f1a389be3c8b7e90a31f860ef210debbfb51002333b0e955ae0364927,2151,b8ee8a69-8e8a-45d1-9ba9-5eeb153bf93c,covid_individual.IAA,232c33b9-b6e6-4998-842e-de7d509af18c,Consensus generated at 2021-03-23T030517,True,156d12d6-32d0-44f7-9487-7bcd4df7380a,NOT_FOUND,Individualv4.2,01.12.06,1,0fba99d3-1e37-4626-85f2-6541d4bacbec,"{""contrib_count"": 2, ""answer_text_list"": []}",0,0,0,,12,6,4d3b1e615fd8e0a137a7a34740e304c8e073774db7a923262a1850bb9368823e,1,[0]
31,SFU_Articles/covid19/1487846888.txt,1487846888,1487846888.txt,7c8dbe5f1a389be3c8b7e90a31f860ef210debbfb51002333b0e955ae0364927,2151,b8ee8a69-8e8a-45d1-9ba9-5eeb153bf93c,covid_individual.IAA,232c33b9-b6e6-4998-842e-de7d509af18c,Consensus generated at 2021-03-23T030517,True,156d12d6-32d0-44f7-9487-7bcd4df7380a,NOT_FOUND,Individualv4.2,01.02.04,1,cea46ec9-98b6-44c1-9700-2ba5f4c038cc,"{""contrib_count"": 2, ""answer_text_list"": []}",0,0,0,,2,4,4d3b1e615fd8e0a137a7a34740e304c8e073774db7a923262a1850bb9368823e,1,[0]
32,SFU_Articles/covid19/1487846888.txt,1487846888,1487846888.txt,7c8dbe5f1a389be3c8b7e90a31f860ef210debbfb51002333b0e955ae0364927,2151,b8ee8a69-8e8a-45d1-9ba9-5eeb153bf93c,covid_individual.IAA,232c33b9-b6e6-4998-842e-de7d509af18c,Consensus generated at 2021-03-23T030517,True,156d12d6-32d0-44f7-9487-7bcd4df7380a,NOT_FOUND,Individualv4.2,01.13.01,1,caea2dc0-84d1-44f9-b235-54ac327e16e2,"{""contrib_count"": 3, ""answer_text_list"": []}",0,0,0,,13,1,4d3b1e615fd8e0a137a7a34740e304c8e073774db7a923262a1850bb9368823e,1,[0]
33,SFU_Articles/covid19/1487846888.txt,1487846888,1487846888.txt,7c8dbe5f1a389be3c8b7e90a31f860ef210debbfb51002333b0e955ae0364927,2151,b8ee8a69-8e8a-45d1-9ba9-5eeb153bf93c,covid_individual.IAA,232c33b9-b6e6-4998-842e-de7d509af18c,Consensus generated at 2021-03-23T030517,True,156d12d6-32d0-44f7-9487-7bcd4df7380a,NOT_FOUND,Individualv4.2,01.11.04,1,8999b4be-7e40-496c-8318-f67e436bde71,"{""contrib_count"": 2, ""answer_text_list"": []}",0,0,0,,11,4,4d3b1e615fd8e0a137a7a34740e304c8e073774db7a923262a1850bb9368823e,1,[0]
34,SFU_Articles/covid19/1487846888.txt,1487846888,1487846888.txt,7c8dbe5f1a389be3c8b7e90a31f860ef210debbfb51002333b0e955ae0364927,2151,b8ee8a69-8e8a-45d1-9ba9-5eeb153bf93c,covid_individual.IAA,232c33b9-b6e6-4998-842e-de7d509af18c,Consensus generated at 2021-03-23T030517,True,156d12d6-32d0-44f7-9487-7bcd4df7380a,NOT_FOUND,Individualv4.2,01.04.03,1,8b4f0e94-1747-44ca-84fc-cd08305bb494,"{""contrib_count"": 2, ""answer_text_list"": []}",1,1468,1510,I hope this pathogen is a less harmful one,4,3,4d3b1e615fd8e0a137a7a34740e304c8e073774db7a923262a1850bb9368823e,1,"[1468, 1469, 1470, 1471, 1472, 1473, 1474, 1475, 1476, 1477, 1478, 1479, 1480, 1481, 1482, 1483, 1484, 1485, 1486, 1487, 1488, 1489, 1490, 1491, 1492, 1493, 1494, 1495, 1496, 1497, 1498, 1499, 1500, 1501, 1502, 1503, 1504, 1505, 1506, 1507, 1508, 1509, 1510]"
2831,SFU_Articles/covid19/1487846888.txt,1487846888,1487846888.txt,7c8dbe5f1a389be3c8b7e90a31f860ef210debbfb51002333b0e955ae0364927,2151,b8ee8a69-8e8a-45d1-9ba9-5eeb153bf93c,covid_individual.IAA,5583cfc1-c5f5-49da-9611-9d3e365315fd,Copied from  227 (Denise Toor) at 2021-05-13T202205,True,156d12d6-32d0-44f7-9487-7bcd4df7380a,NOT_FOUND,Individualv4.2,01.01.01,0,6aec528a-d927-43bc-a317-2db0c4efd1b1,{},0,0,0,,1,1,4d3b1e615fd8e0a137a7a34740e304c8e073774db7a923262a1850bb9368823e,1,[0]
2832,SFU_Articles/covid19/1487846888.txt,1487846888,1487846888.txt,7c8dbe5f1a389be3c8b7e90a31f860ef210debbfb51002333b0e955ae0364927,2151,b8ee8a69-8e8a-45d1-9ba9-5eeb153bf93c,covid_individual.IAA,5583cfc1-c5f5-49da-9611-9d3e365315fd,Copied from  227 (Denise Toor) at 2021-05-13T202205,True,156d12d6-32d0-44f7-9487-7bcd4df7380a,NOT_FOUND,Individualv4.2,01.02.04,0,cea46ec9-98b6-44c1-9700-2ba5f4c038cc,{},0,0,0,,2,4,4d3b1e615fd8e0a137a7a34740e304c8e073774db7a923262a1850bb9368823e,1,[0]
2833,SFU_Articles/covid19/1487846888.txt,1487846888,1487846888.txt,7c8dbe5f1a389be3c8b7e90a31f860ef210debbfb51002333b0e955ae0364927,2151,b8ee8a69-8e8a-45d1-9ba9-5eeb153bf93c,covid_individual.IAA,5583cfc1-c5f5-49da-9611-9d3e365315fd,Copied from  227 (Denise Toor) at 2021-05-13T202205,True,156d12d6-32d0-44f7-9487-7bcd4df7380a,NOT_FOUND,Individualv4.2,01.02.02,0,4e6a8b8a-d18e-4a46-9625-b73b61ff4dbf,{},0,0,0,,2,2,4d3b1e615fd8e0a137a7a34740e304c8e073774db7a923262a1850bb9368823e,1,[0]
2834,SFU_Articles/covid19/1487846888.txt,1487846888,1487846888.txt,7c8dbe5f1a389be3c8b7e90a31f860ef210debbfb51002333b0e955ae0364927,2151,b8ee8a69-8e8a-45d1-9ba9-5eeb153bf93c,covid_individual.IAA,5583cfc1-c5f5-49da-9611-9d3e365315fd,Copied from  227 (Denise Toor) at 2021-05-13T202205,True,156d12d6-32d0-44f7-9487-7bcd4df7380a,NOT_FOUND,Individualv4.2,01.11.04,0,8999b4be-7e40-496c-8318-f67e436bde71,{},0,0,0,,11,4,4d3b1e615fd8e0a137a7a34740e304c8e073774db7a923262a1850bb9368823e,1,[0]
2835,SFU_Articles/covid19/1487846888.txt,1487846888,1487846888.txt,7c8dbe5f1a389be3c8b7e90a31f860ef210debbfb51002333b0e955ae0364927,2151,b8ee8a69-8e8a-45d1-9ba9-5eeb153bf93c,covid_individual.IAA,5583cfc1-c5f5-49da-9611-9d3e365315fd,Copied from  227 (Denise Toor) at 2021-05-13T202205,True,156d12d6-32d0-44f7-9487-7bcd4df7380a,NOT_FOUND,Individualv4.2,01.12.06,0,0fba99d3-1e37-4626-85f2-6541d4bacbec,{},0,0,0,,12,6,4d3b1e615fd8e0a137a7a34740e304c8e073774db7a923262a1850bb9368823e,1,[0]
2836,SFU_Articles/covid19/1487846888.txt,1487846888,1487846888.txt,7c8dbe5f1a389be3c8b7e90a31f860ef210debbfb51002333b0e955ae0364927,2151,b8ee8a69-8e8a-45d1-9ba9-5eeb153bf93c,covid_individual.IAA,5583cfc1-c5f5-49da-9611-9d3e365315fd,Copied from  227 (Denise Toor) at 2021-05-13T202205,True,156d12d6-32d0-44f7-9487-7bcd4df7380a,NOT_FOUND,Individualv4.2,01.13.01,0,caea2dc0-84d1-44f9-b235-54ac327e16e2,{},0,0,0,,13,1,4d3b1e615fd8e0a137a7a34740e304c8e073774db7a923262a1850bb9368823e,1,[0]
