,article_batch_name,article_number,article_filename,article_sha256,article_text_length,tua_group_uuid,tua_group_name,tua_batch_uuid,tua_batch_name,tua_batch_final,source_task_uuid,tua_uuid,namespace,topic_name,case_number,answer_uuid,extra,highlight_count,start_pos,end_pos,target_text,question_Number,agreed_Answer,schema_sha256,agreement_score,highlighted_indices
400,SFU_Articles/covid19/1398026513.txt,1398026513,1398026513.txt,219534898ed4e4ac54177b4b86cd8d9ddd43d6e0bc90f1909fc70921530de363,11375,b8ee8a69-8e8a-45d1-9ba9-5eeb153bf93c,covid_individual.IAA,232c33b9-b6e6-4998-842e-de7d509af18c,Consensus generated at 2021-03-23T030517,True,abc01d4b-8fc9-4b30-a027-854ac45d6436,NOT_FOUND,Individualv4.2,01.08.03,1,d565ff04-6156-4124-95a7-299e53d55309,"{""contrib_count"": 2, ""answer_text_list"": []}",1,1868,1910,"It\u2019s hard to know what, shy of a genuinely",8,3,4d3b1e615fd8e0a137a7a34740e304c8e073774db7a923262a1850bb9368823e,1,"[1868, 1869, 1870, 1871, 1872, 1873, 1874, 1875, 1876, 1877, 1878, 1879, 1880, 1881, 1882, 1883, 1884, 1885, 1886, 1887, 1888, 1889, 1890, 1891, 1892, 1893, 1894, 1895, 1896, 1897, 1898, 1899, 1900, 1901, 1902, 1903, 1904, 1905, 1906, 1907, 1908, 1909, 1910]"
401,SFU_Articles/covid19/1398026513.txt,1398026513,1398026513.txt,219534898ed4e4ac54177b4b86cd8d9ddd43d6e0bc90f1909fc70921530de363,11375,b8ee8a69-8e8a-45d1-9ba9-5eeb153bf93c,covid_individual.IAA,232c33b9-b6e6-4998-842e-de7d509af18c,Consensus generated at 2021-03-23T030517,True,abc01d4b-8fc9-4b30-a027-854ac45d6436,NOT_FOUND,Individualv4.2,01.02.04,1,cea46ec9-98b6-44c1-9700-2ba5f4c038cc,"{""contrib_count"": 3, ""answer_text_list"": []}",0,0,0,,2,4,4d3b1e615fd8e0a137a7a34740e304c8e073774db7a923262a1850bb9368823e,1,[0]
402,SFU_Articles/covid19/1398026513.txt,1398026513,1398026513.txt,219534898ed4e4ac54177b4b86cd8d9ddd43d6e0bc90f1909fc70921530de363,11375,b8ee8a69-8e8a-45d1-9ba9-5eeb153bf93c,covid_individual.IAA,232c33b9-b6e6-4998-842e-de7d509af18c,Consensus generated at 2021-03-23T030517,True,abc01d4b-8fc9-4b30-a027-854ac45d6436,NOT_FOUND,Individualv4.2,01.12.06,1,0fba99d3-1e37-4626-85f2-6541d4bacbec,"{""contrib_count"": 2, ""answer_text_list"": []}",0,0,0,,12,6,4d3b1e615fd8e0a137a7a34740e304c8e073774db7a923262a1850bb9368823e,1,[0]
403,SFU_Articles/covid19/1398026513.txt,1398026513,1398026513.txt,219534898ed4e4ac54177b4b86cd8d9ddd43d6e0bc90f1909fc70921530de363,11375,b8ee8a69-8e8a-45d1-9ba9-5eeb153bf93c,covid_individual.IAA,232c33b9-b6e6-4998-842e-de7d509af18c,Consensus generated at 2021-03-23T030517,True,abc01d4b-8fc9-4b30-a027-854ac45d6436,NOT_FOUND,Individualv4.2,01.01.01,1,6aec528a-d927-43bc-a317-2db0c4efd1b1,"{""contrib_count"": 2, ""answer_text_list"": []}",0,0,0,,1,1,4d3b1e615fd8e0a137a7a34740e304c8e073774db7a923262a1850bb9368823e,1,[0]
404,SFU_Articles/covid19/1398026513.txt,1398026513,1398026513.txt,219534898ed4e4ac54177b4b86cd8d9ddd43d6e0bc90f1909fc70921530de363,11375,b8ee8a69-8e8a-45d1-9ba9-5eeb153bf93c,covid_individual.IAA,232c33b9-b6e6-4998-842e-de7d509af18c,Consensus generated at 2021-03-23T030517,True,abc01d4b-8fc9-4b30-a027-854ac45d6436,NOT_FOUND,Individualv4.2,01.11.03,1,ba2fa8c4-2530-4c81-9b4e-813cbb4fdbd5,"{""contrib_count"": 2, ""answer_text_list"": []}",0,0,0,,11,3,4d3b1e615fd8e0a137a7a34740e304c8e073774db7a923262a1850bb9368823e,1,[0]
405,SFU_Articles/covid19/1398026513.txt,1398026513,1398026513.txt,219534898ed4e4ac54177b4b86cd8d9ddd43d6e0bc90f1909fc70921530de363,11375,b8ee8a69-8e8a-45d1-9ba9-5eeb153bf93c,covid_individual.IAA,232c33b9-b6e6-4998-842e-de7d509af18c,Consensus generated at 2021-03-23T030517,True,abc01d4b-8fc9-4b30-a027-854ac45d6436,NOT_FOUND,Individualv4.2,01.13.01,1,caea2dc0-84d1-44f9-b235-54ac327e16e2,"{""contrib_count"": 3, ""answer_text_list"": []}",0,0,0,,13,1,4d3b1e615fd8e0a137a7a34740e304c8e073774db7a923262a1850bb9368823e,1,[0]
1576,SFU_Articles/covid19/1398026513.txt,1398026513,1398026513.txt,219534898ed4e4ac54177b4b86cd8d9ddd43d6e0bc90f1909fc70921530de363,11375,b8ee8a69-8e8a-45d1-9ba9-5eeb153bf93c,covid_individual.IAA,5583cfc1-c5f5-49da-9611-9d3e365315fd,Copied from  227 (Denise Toor) at 2021-05-13T202205,True,abc01d4b-8fc9-4b30-a027-854ac45d6436,NOT_FOUND,Individualv4.2,01.01.01,0,6aec528a-d927-43bc-a317-2db0c4efd1b1,{},0,0,0,,1,1,4d3b1e615fd8e0a137a7a34740e304c8e073774db7a923262a1850bb9368823e,1,[0]
1577,SFU_Articles/covid19/1398026513.txt,1398026513,1398026513.txt,219534898ed4e4ac54177b4b86cd8d9ddd43d6e0bc90f1909fc70921530de363,11375,b8ee8a69-8e8a-45d1-9ba9-5eeb153bf93c,covid_individual.IAA,5583cfc1-c5f5-49da-9611-9d3e365315fd,Copied from  227 (Denise Toor) at 2021-05-13T202205,True,abc01d4b-8fc9-4b30-a027-854ac45d6436,NOT_FOUND,Individualv4.2,01.02.04,0,cea46ec9-98b6-44c1-9700-2ba5f4c038cc,{},0,0,0,,2,4,4d3b1e615fd8e0a137a7a34740e304c8e073774db7a923262a1850bb9368823e,1,[0]
1578,SFU_Articles/covid19/1398026513.txt,1398026513,1398026513.txt,219534898ed4e4ac54177b4b86cd8d9ddd43d6e0bc90f1909fc70921530de363,11375,b8ee8a69-8e8a-45d1-9ba9-5eeb153bf93c,covid_individual.IAA,5583cfc1-c5f5-49da-9611-9d3e365315fd,Copied from  227 (Denise Toor) at 2021-05-13T202205,True,abc01d4b-8fc9-4b30-a027-854ac45d6436,NOT_FOUND,Individualv4.2,01.08.01,1,3caa2e3f-1419-4c88-87b4-1a1fb6b37c8c,{},1,1868,2053,"It\u2019s hard to know what, shy of a genuinely devastating pandemic of killer influenza or some currently unknown microbe, will motivate global leaders to take microscopic threats seriously",8,1,4d3b1e615fd8e0a137a7a34740e304c8e073774db7a923262a1850bb9368823e,1,"[1868, 1869, 1870, 1871, 1872, 1873, 1874, 1875, 1876, 1877, 1878, 1879, 1880, 1881, 1882, 1883, 1884, 1885, 1886, 1887, 1888, 1889, 1890, 1891, 1892, 1893, 1894, 1895, 1896, 1897, 1898, 1899, 1900, 1901, 1902, 1903, 1904, 1905, 1906, 1907, 1908, 1909, 1910, 1911, 1912, 1913, 1914, 1915, 1916, 1917, 1918, 1919, 1920, 1921, 1922, 1923, 1924, 1925, 1926, 1927, 1928, 1929, 1930, 1931, 1932, 1933, 1934, 1935, 1936, 1937, 1938, 1939, 1940, 1941, 1942, 1943, 1944, 1945, 1946, 1947, 1948, 1949, 1950, 1951, 1952, 1953, 1954, 1955, 1956, 1957, 1958, 1959, 1960, 1961, 1962, 1963, 1964, 1965, 1966, 1967, 1968, 1969, 1970, 1971, 1972, 1973, 1974, 1975, 1976, 1977, 1978, 1979, 1980, 1981, 1982, 1983, 1984, 1985, 1986, 1987, 1988, 1989, 1990, 1991, 1992, 1993, 1994, 1995, 1996, 1997, 1998, 1999, 2000, 2001, 2002, 2003, 2004, 2005, 2006, 2007, 2008, 2009, 2010, 2011, 2012, 2013, 2014, 2015, 2016, 2017, 2018, 2019, 2020, 2021, 2022, 2023, 2024, 2025, 2026, 2027, 2028, 2029, 2030, 2031, 2032, 2033, 2034, 2035, 2036, 2037, 2038, 2039, 2040, 2041, 2042, 2043, 2044, 2045, 2046, 2047, 2048, 2049, 2050, 2051, 2052, 2053]"
1579,SFU_Articles/covid19/1398026513.txt,1398026513,1398026513.txt,219534898ed4e4ac54177b4b86cd8d9ddd43d6e0bc90f1909fc70921530de363,11375,b8ee8a69-8e8a-45d1-9ba9-5eeb153bf93c,covid_individual.IAA,5583cfc1-c5f5-49da-9611-9d3e365315fd,Copied from  227 (Denise Toor) at 2021-05-13T202205,True,abc01d4b-8fc9-4b30-a027-854ac45d6436,NOT_FOUND,Individualv4.2,01.11.03,0,ba2fa8c4-2530-4c81-9b4e-813cbb4fdbd5,{},0,0,0,,11,3,4d3b1e615fd8e0a137a7a34740e304c8e073774db7a923262a1850bb9368823e,1,[0]
1580,SFU_Articles/covid19/1398026513.txt,1398026513,1398026513.txt,219534898ed4e4ac54177b4b86cd8d9ddd43d6e0bc90f1909fc70921530de363,11375,b8ee8a69-8e8a-45d1-9ba9-5eeb153bf93c,covid_individual.IAA,5583cfc1-c5f5-49da-9611-9d3e365315fd,Copied from  227 (Denise Toor) at 2021-05-13T202205,True,abc01d4b-8fc9-4b30-a027-854ac45d6436,NOT_FOUND,Individualv4.2,01.12.07,0,5199a929-1dd9-482c-98c7-656d91d55c8d,{},0,0,0,,12,7,4d3b1e615fd8e0a137a7a34740e304c8e073774db7a923262a1850bb9368823e,1,[0]
1581,SFU_Articles/covid19/1398026513.txt,1398026513,1398026513.txt,219534898ed4e4ac54177b4b86cd8d9ddd43d6e0bc90f1909fc70921530de363,11375,b8ee8a69-8e8a-45d1-9ba9-5eeb153bf93c,covid_individual.IAA,5583cfc1-c5f5-49da-9611-9d3e365315fd,Copied from  227 (Denise Toor) at 2021-05-13T202205,True,abc01d4b-8fc9-4b30-a027-854ac45d6436,NOT_FOUND,Individualv4.2,01.13.01,0,caea2dc0-84d1-44f9-b235-54ac327e16e2,{},0,0,0,,13,1,4d3b1e615fd8e0a137a7a34740e304c8e073774db7a923262a1850bb9368823e,1,[0]
