,article_batch_name,article_number,article_filename,article_sha256,article_text_length,tua_group_uuid,tua_group_name,tua_batch_uuid,tua_batch_name,tua_batch_final,source_task_uuid,tua_uuid,namespace,topic_name,case_number,answer_uuid,extra,highlight_count,start_pos,end_pos,target_text,question_Number,agreed_Answer,schema_sha256,agreement_score,highlighted_indices
417,SFU_Articles/covid19/1428353657.txt,1428353657,1428353657.txt,bdfaa80718c8214b4ae75aa6e47134718e0fb2aeb0752ce49f3932954584e3a3,1811,b8ee8a69-8e8a-45d1-9ba9-5eeb153bf93c,covid_individual.IAA,232c33b9-b6e6-4998-842e-de7d509af18c,Consensus generated at 2021-03-23T030517,True,29d1373d-481a-4c72-850c-e448b8fe6637,NOT_FOUND,Individualv4.2,01.02.05,1,9d2befd9-23ed-45b2-bee4-ad8ebd216771,"{""contrib_count"": 2, ""answer_text_list"": []}",0,0,0,,2,5,4d3b1e615fd8e0a137a7a34740e304c8e073774db7a923262a1850bb9368823e,1,[0]
418,SFU_Articles/covid19/1428353657.txt,1428353657,1428353657.txt,bdfaa80718c8214b4ae75aa6e47134718e0fb2aeb0752ce49f3932954584e3a3,1811,b8ee8a69-8e8a-45d1-9ba9-5eeb153bf93c,covid_individual.IAA,232c33b9-b6e6-4998-842e-de7d509af18c,Consensus generated at 2021-03-23T030517,True,29d1373d-481a-4c72-850c-e448b8fe6637,NOT_FOUND,Individualv4.2,01.09.01,1,1fb8bef7-274f-41a8-83e2-0d67d27759a8,"{""contrib_count"": 2, ""answer_text_list"": []}",1,480,500,Dr. Jonathan Epstein,9,1,4d3b1e615fd8e0a137a7a34740e304c8e073774db7a923262a1850bb9368823e,1,"[480, 481, 482, 483, 484, 485, 486, 487, 488, 489, 490, 491, 492, 493, 494, 495, 496, 497, 498, 499, 500]"
419,SFU_Articles/covid19/1428353657.txt,1428353657,1428353657.txt,bdfaa80718c8214b4ae75aa6e47134718e0fb2aeb0752ce49f3932954584e3a3,1811,b8ee8a69-8e8a-45d1-9ba9-5eeb153bf93c,covid_individual.IAA,232c33b9-b6e6-4998-842e-de7d509af18c,Consensus generated at 2021-03-23T030517,True,29d1373d-481a-4c72-850c-e448b8fe6637,NOT_FOUND,Individualv4.2,01.12.06,1,0fba99d3-1e37-4626-85f2-6541d4bacbec,"{""contrib_count"": 2, ""answer_text_list"": []}",0,0,0,,12,6,4d3b1e615fd8e0a137a7a34740e304c8e073774db7a923262a1850bb9368823e,1,[0]
420,SFU_Articles/covid19/1428353657.txt,1428353657,1428353657.txt,bdfaa80718c8214b4ae75aa6e47134718e0fb2aeb0752ce49f3932954584e3a3,1811,b8ee8a69-8e8a-45d1-9ba9-5eeb153bf93c,covid_individual.IAA,232c33b9-b6e6-4998-842e-de7d509af18c,Consensus generated at 2021-03-23T030517,True,29d1373d-481a-4c72-850c-e448b8fe6637,NOT_FOUND,Individualv4.2,01.13.01,1,caea2dc0-84d1-44f9-b235-54ac327e16e2,"{""contrib_count"": 3, ""answer_text_list"": []}",0,0,0,,13,1,4d3b1e615fd8e0a137a7a34740e304c8e073774db7a923262a1850bb9368823e,1,[0]
421,SFU_Articles/covid19/1428353657.txt,1428353657,1428353657.txt,bdfaa80718c8214b4ae75aa6e47134718e0fb2aeb0752ce49f3932954584e3a3,1811,b8ee8a69-8e8a-45d1-9ba9-5eeb153bf93c,covid_individual.IAA,232c33b9-b6e6-4998-842e-de7d509af18c,Consensus generated at 2021-03-23T030517,True,29d1373d-481a-4c72-850c-e448b8fe6637,NOT_FOUND,Individualv4.2,01.11.04,1,8999b4be-7e40-496c-8318-f67e436bde71,"{""contrib_count"": 2, ""answer_text_list"": []}",0,0,0,,11,4,4d3b1e615fd8e0a137a7a34740e304c8e073774db7a923262a1850bb9368823e,1,[0]
1765,SFU_Articles/covid19/1428353657.txt,1428353657,1428353657.txt,bdfaa80718c8214b4ae75aa6e47134718e0fb2aeb0752ce49f3932954584e3a3,1811,b8ee8a69-8e8a-45d1-9ba9-5eeb153bf93c,covid_individual.IAA,5583cfc1-c5f5-49da-9611-9d3e365315fd,Copied from  227 (Denise Toor) at 2021-05-13T202205,True,29d1373d-481a-4c72-850c-e448b8fe6637,NOT_FOUND,Individualv4.2,01.01.01,0,6aec528a-d927-43bc-a317-2db0c4efd1b1,{},0,0,0,,1,1,4d3b1e615fd8e0a137a7a34740e304c8e073774db7a923262a1850bb9368823e,1,[0]
1766,SFU_Articles/covid19/1428353657.txt,1428353657,1428353657.txt,bdfaa80718c8214b4ae75aa6e47134718e0fb2aeb0752ce49f3932954584e3a3,1811,b8ee8a69-8e8a-45d1-9ba9-5eeb153bf93c,covid_individual.IAA,5583cfc1-c5f5-49da-9611-9d3e365315fd,Copied from  227 (Denise Toor) at 2021-05-13T202205,True,29d1373d-481a-4c72-850c-e448b8fe6637,NOT_FOUND,Individualv4.2,01.02.01,0,abd4d646-ec47-4d02-a05f-2bb6c16491c3,{},0,0,0,,2,1,4d3b1e615fd8e0a137a7a34740e304c8e073774db7a923262a1850bb9368823e,1,[0]
1767,SFU_Articles/covid19/1428353657.txt,1428353657,1428353657.txt,bdfaa80718c8214b4ae75aa6e47134718e0fb2aeb0752ce49f3932954584e3a3,1811,b8ee8a69-8e8a-45d1-9ba9-5eeb153bf93c,covid_individual.IAA,5583cfc1-c5f5-49da-9611-9d3e365315fd,Copied from  227 (Denise Toor) at 2021-05-13T202205,True,29d1373d-481a-4c72-850c-e448b8fe6637,NOT_FOUND,Individualv4.2,01.02.05,0,9d2befd9-23ed-45b2-bee4-ad8ebd216771,{},0,0,0,,2,5,4d3b1e615fd8e0a137a7a34740e304c8e073774db7a923262a1850bb9368823e,1,[0]
1768,SFU_Articles/covid19/1428353657.txt,1428353657,1428353657.txt,bdfaa80718c8214b4ae75aa6e47134718e0fb2aeb0752ce49f3932954584e3a3,1811,b8ee8a69-8e8a-45d1-9ba9-5eeb153bf93c,covid_individual.IAA,5583cfc1-c5f5-49da-9611-9d3e365315fd,Copied from  227 (Denise Toor) at 2021-05-13T202205,True,29d1373d-481a-4c72-850c-e448b8fe6637,NOT_FOUND,Individualv4.2,01.03.03,1,b4c406c0-22f3-4296-8b7c-614b76138038,{},1,480,536,"Dr. Jonathan Epstein, an EcoHealth Alliance veterinarian",3,3,4d3b1e615fd8e0a137a7a34740e304c8e073774db7a923262a1850bb9368823e,1,"[480, 481, 482, 483, 484, 485, 486, 487, 488, 489, 490, 491, 492, 493, 494, 495, 496, 497, 498, 499, 500, 501, 502, 503, 504, 505, 506, 507, 508, 509, 510, 511, 512, 513, 514, 515, 516, 517, 518, 519, 520, 521, 522, 523, 524, 525, 526, 527, 528, 529, 530, 531, 532, 533, 534, 535, 536]"
1769,SFU_Articles/covid19/1428353657.txt,1428353657,1428353657.txt,bdfaa80718c8214b4ae75aa6e47134718e0fb2aeb0752ce49f3932954584e3a3,1811,b8ee8a69-8e8a-45d1-9ba9-5eeb153bf93c,covid_individual.IAA,5583cfc1-c5f5-49da-9611-9d3e365315fd,Copied from  227 (Denise Toor) at 2021-05-13T202205,True,29d1373d-481a-4c72-850c-e448b8fe6637,NOT_FOUND,Individualv4.2,01.11.04,0,8999b4be-7e40-496c-8318-f67e436bde71,{},0,0,0,,11,4,4d3b1e615fd8e0a137a7a34740e304c8e073774db7a923262a1850bb9368823e,1,[0]
1770,SFU_Articles/covid19/1428353657.txt,1428353657,1428353657.txt,bdfaa80718c8214b4ae75aa6e47134718e0fb2aeb0752ce49f3932954584e3a3,1811,b8ee8a69-8e8a-45d1-9ba9-5eeb153bf93c,covid_individual.IAA,5583cfc1-c5f5-49da-9611-9d3e365315fd,Copied from  227 (Denise Toor) at 2021-05-13T202205,True,29d1373d-481a-4c72-850c-e448b8fe6637,NOT_FOUND,Individualv4.2,01.12.06,0,0fba99d3-1e37-4626-85f2-6541d4bacbec,{},0,0,0,,12,6,4d3b1e615fd8e0a137a7a34740e304c8e073774db7a923262a1850bb9368823e,1,[0]
1771,SFU_Articles/covid19/1428353657.txt,1428353657,1428353657.txt,bdfaa80718c8214b4ae75aa6e47134718e0fb2aeb0752ce49f3932954584e3a3,1811,b8ee8a69-8e8a-45d1-9ba9-5eeb153bf93c,covid_individual.IAA,5583cfc1-c5f5-49da-9611-9d3e365315fd,Copied from  227 (Denise Toor) at 2021-05-13T202205,True,29d1373d-481a-4c72-850c-e448b8fe6637,NOT_FOUND,Individualv4.2,01.13.01,0,caea2dc0-84d1-44f9-b235-54ac327e16e2,{},0,0,0,,13,1,4d3b1e615fd8e0a137a7a34740e304c8e073774db7a923262a1850bb9368823e,1,[0]
