,article_batch_name,article_number,article_filename,article_sha256,article_text_length,tua_group_uuid,tua_group_name,tua_batch_uuid,tua_batch_name,tua_batch_final,source_task_uuid,tua_uuid,namespace,topic_name,case_number,answer_uuid,extra,highlight_count,start_pos,end_pos,target_text,question_Number,agreed_Answer,schema_sha256,agreement_score,highlighted_indices
410,SFU_Articles/covid19/1413514447.txt,1413514447,1413514447.txt,6b64ff60f834433754ccf60a4ce6f447bab1a33da0e7a3df5e8cb3e5309b3b31,4602,b8ee8a69-8e8a-45d1-9ba9-5eeb153bf93c,covid_individual.IAA,232c33b9-b6e6-4998-842e-de7d509af18c,Consensus generated at 2021-03-23T030517,True,52b21048-615f-4ff4-9774-609c5f13baab,NOT_FOUND,Individualv4.2,01.02.05,1,9d2befd9-23ed-45b2-bee4-ad8ebd216771,"{""contrib_count"": 2, ""answer_text_list"": []}",0,0,0,,2,5,4d3b1e615fd8e0a137a7a34740e304c8e073774db7a923262a1850bb9368823e,1,[0]
411,SFU_Articles/covid19/1413514447.txt,1413514447,1413514447.txt,6b64ff60f834433754ccf60a4ce6f447bab1a33da0e7a3df5e8cb3e5309b3b31,4602,b8ee8a69-8e8a-45d1-9ba9-5eeb153bf93c,covid_individual.IAA,232c33b9-b6e6-4998-842e-de7d509af18c,Consensus generated at 2021-03-23T030517,True,52b21048-615f-4ff4-9774-609c5f13baab,NOT_FOUND,Individualv4.2,01.01.02,1,b6b8ba9b-9d7a-47ca-b2c4-38eba1790731,"{""contrib_count"": 2, ""answer_text_list"": []}",0,0,0,,1,2,4d3b1e615fd8e0a137a7a34740e304c8e073774db7a923262a1850bb9368823e,1,[0]
412,SFU_Articles/covid19/1413514447.txt,1413514447,1413514447.txt,6b64ff60f834433754ccf60a4ce6f447bab1a33da0e7a3df5e8cb3e5309b3b31,4602,b8ee8a69-8e8a-45d1-9ba9-5eeb153bf93c,covid_individual.IAA,232c33b9-b6e6-4998-842e-de7d509af18c,Consensus generated at 2021-03-23T030517,True,52b21048-615f-4ff4-9774-609c5f13baab,NOT_FOUND,Individualv4.2,01.09.01,1,1fb8bef7-274f-41a8-83e2-0d67d27759a8,"{""contrib_count"": 2, ""answer_text_list"": []}",1,1454,1506,"Joel Adamu, the school\u2019s vice-principal of academics",9,1,4d3b1e615fd8e0a137a7a34740e304c8e073774db7a923262a1850bb9368823e,1,"[1454, 1455, 1456, 1457, 1458, 1459, 1460, 1461, 1462, 1463, 1464, 1465, 1466, 1467, 1468, 1469, 1470, 1471, 1472, 1473, 1474, 1475, 1476, 1477, 1478, 1479, 1480, 1481, 1482, 1483, 1484, 1485, 1486, 1487, 1488, 1489, 1490, 1491, 1492, 1493, 1494, 1495, 1496, 1497, 1498, 1499, 1500, 1501, 1502, 1503, 1504, 1505, 1506]"
413,SFU_Articles/covid19/1413514447.txt,1413514447,1413514447.txt,6b64ff60f834433754ccf60a4ce6f447bab1a33da0e7a3df5e8cb3e5309b3b31,4602,b8ee8a69-8e8a-45d1-9ba9-5eeb153bf93c,covid_individual.IAA,232c33b9-b6e6-4998-842e-de7d509af18c,Consensus generated at 2021-03-23T030517,True,52b21048-615f-4ff4-9774-609c5f13baab,NOT_FOUND,Individualv4.2,01.13.01,1,caea2dc0-84d1-44f9-b235-54ac327e16e2,"{""contrib_count"": 3, ""answer_text_list"": []}",0,0,0,,13,1,4d3b1e615fd8e0a137a7a34740e304c8e073774db7a923262a1850bb9368823e,1,[0]
1676,SFU_Articles/covid19/1413514447.txt,1413514447,1413514447.txt,6b64ff60f834433754ccf60a4ce6f447bab1a33da0e7a3df5e8cb3e5309b3b31,4602,b8ee8a69-8e8a-45d1-9ba9-5eeb153bf93c,covid_individual.IAA,5583cfc1-c5f5-49da-9611-9d3e365315fd,Copied from  227 (Denise Toor) at 2021-05-13T202205,True,52b21048-615f-4ff4-9774-609c5f13baab,NOT_FOUND,Individualv4.2,01.01.02,0,b6b8ba9b-9d7a-47ca-b2c4-38eba1790731,{},0,0,0,,1,2,4d3b1e615fd8e0a137a7a34740e304c8e073774db7a923262a1850bb9368823e,1,[0]
1677,SFU_Articles/covid19/1413514447.txt,1413514447,1413514447.txt,6b64ff60f834433754ccf60a4ce6f447bab1a33da0e7a3df5e8cb3e5309b3b31,4602,b8ee8a69-8e8a-45d1-9ba9-5eeb153bf93c,covid_individual.IAA,5583cfc1-c5f5-49da-9611-9d3e365315fd,Copied from  227 (Denise Toor) at 2021-05-13T202205,True,52b21048-615f-4ff4-9774-609c5f13baab,NOT_FOUND,Individualv4.2,01.02.01,0,abd4d646-ec47-4d02-a05f-2bb6c16491c3,{},0,0,0,,2,1,4d3b1e615fd8e0a137a7a34740e304c8e073774db7a923262a1850bb9368823e,1,[0]
1678,SFU_Articles/covid19/1413514447.txt,1413514447,1413514447.txt,6b64ff60f834433754ccf60a4ce6f447bab1a33da0e7a3df5e8cb3e5309b3b31,4602,b8ee8a69-8e8a-45d1-9ba9-5eeb153bf93c,covid_individual.IAA,5583cfc1-c5f5-49da-9611-9d3e365315fd,Copied from  227 (Denise Toor) at 2021-05-13T202205,True,52b21048-615f-4ff4-9774-609c5f13baab,NOT_FOUND,Individualv4.2,01.03.03,1,b4c406c0-22f3-4296-8b7c-614b76138038,{},1,1454,1506,"Joel Adamu, the school\u2019s vice-principal of academics",3,3,4d3b1e615fd8e0a137a7a34740e304c8e073774db7a923262a1850bb9368823e,1,"[1454, 1455, 1456, 1457, 1458, 1459, 1460, 1461, 1462, 1463, 1464, 1465, 1466, 1467, 1468, 1469, 1470, 1471, 1472, 1473, 1474, 1475, 1476, 1477, 1478, 1479, 1480, 1481, 1482, 1483, 1484, 1485, 1486, 1487, 1488, 1489, 1490, 1491, 1492, 1493, 1494, 1495, 1496, 1497, 1498, 1499, 1500, 1501, 1502, 1503, 1504, 1505, 1506]"
1679,SFU_Articles/covid19/1413514447.txt,1413514447,1413514447.txt,6b64ff60f834433754ccf60a4ce6f447bab1a33da0e7a3df5e8cb3e5309b3b31,4602,b8ee8a69-8e8a-45d1-9ba9-5eeb153bf93c,covid_individual.IAA,5583cfc1-c5f5-49da-9611-9d3e365315fd,Copied from  227 (Denise Toor) at 2021-05-13T202205,True,52b21048-615f-4ff4-9774-609c5f13baab,NOT_FOUND,Individualv4.2,01.11.05,0,720a7216-178f-4d56-928e-d4e82bb2a153,{},0,0,0,,11,5,4d3b1e615fd8e0a137a7a34740e304c8e073774db7a923262a1850bb9368823e,1,[0]
1680,SFU_Articles/covid19/1413514447.txt,1413514447,1413514447.txt,6b64ff60f834433754ccf60a4ce6f447bab1a33da0e7a3df5e8cb3e5309b3b31,4602,b8ee8a69-8e8a-45d1-9ba9-5eeb153bf93c,covid_individual.IAA,5583cfc1-c5f5-49da-9611-9d3e365315fd,Copied from  227 (Denise Toor) at 2021-05-13T202205,True,52b21048-615f-4ff4-9774-609c5f13baab,NOT_FOUND,Individualv4.2,01.12.05,0,3279ac10-6dd6-4be3-9597-5f1cb713e8ee,{},0,0,0,,12,5,4d3b1e615fd8e0a137a7a34740e304c8e073774db7a923262a1850bb9368823e,1,[0]
1681,SFU_Articles/covid19/1413514447.txt,1413514447,1413514447.txt,6b64ff60f834433754ccf60a4ce6f447bab1a33da0e7a3df5e8cb3e5309b3b31,4602,b8ee8a69-8e8a-45d1-9ba9-5eeb153bf93c,covid_individual.IAA,5583cfc1-c5f5-49da-9611-9d3e365315fd,Copied from  227 (Denise Toor) at 2021-05-13T202205,True,52b21048-615f-4ff4-9774-609c5f13baab,NOT_FOUND,Individualv4.2,01.13.01,0,caea2dc0-84d1-44f9-b235-54ac327e16e2,{},0,0,0,,13,1,4d3b1e615fd8e0a137a7a34740e304c8e073774db7a923262a1850bb9368823e,1,[0]
