,article_batch_name,article_number,article_filename,article_sha256,article_text_length,tua_group_uuid,tua_group_name,tua_batch_uuid,tua_batch_name,tua_batch_final,source_task_uuid,tua_uuid,namespace,topic_name,case_number,answer_uuid,extra,highlight_count,start_pos,end_pos,target_text,question_Number,agreed_Answer,schema_sha256,agreement_score,highlighted_indices
882,SFU_Articles/covid19/1487846888.txt,1487846888,1487846888.txt,7c8dbe5f1a389be3c8b7e90a31f860ef210debbfb51002333b0e955ae0364927,2151,b8ee8a69-8e8a-45d1-9ba9-5eeb153bf93c,covid_individual.IAA,232c33b9-b6e6-4998-842e-de7d509af18c,Consensus generated at 2021-03-23T030517,True,5a272974-a02a-4d9a-b7b5-57f5dd651b52,NOT_FOUND,Individualv4.2,01.02.02,1,4e6a8b8a-d18e-4a46-9625-b73b61ff4dbf,"{""contrib_count"": 2, ""answer_text_list"": []}",0,0,0,,2,2,4d3b1e615fd8e0a137a7a34740e304c8e073774db7a923262a1850bb9368823e,1,[0]
883,SFU_Articles/covid19/1487846888.txt,1487846888,1487846888.txt,7c8dbe5f1a389be3c8b7e90a31f860ef210debbfb51002333b0e955ae0364927,2151,b8ee8a69-8e8a-45d1-9ba9-5eeb153bf93c,covid_individual.IAA,232c33b9-b6e6-4998-842e-de7d509af18c,Consensus generated at 2021-03-23T030517,True,5a272974-a02a-4d9a-b7b5-57f5dd651b52,NOT_FOUND,Individualv4.2,01.13.01,1,caea2dc0-84d1-44f9-b235-54ac327e16e2,"{""contrib_count"": 3, ""answer_text_list"": []}",0,0,0,,13,1,4d3b1e615fd8e0a137a7a34740e304c8e073774db7a923262a1850bb9368823e,1,[0]
884,SFU_Articles/covid19/1487846888.txt,1487846888,1487846888.txt,7c8dbe5f1a389be3c8b7e90a31f860ef210debbfb51002333b0e955ae0364927,2151,b8ee8a69-8e8a-45d1-9ba9-5eeb153bf93c,covid_individual.IAA,232c33b9-b6e6-4998-842e-de7d509af18c,Consensus generated at 2021-03-23T030517,True,5a272974-a02a-4d9a-b7b5-57f5dd651b52,NOT_FOUND,Individualv4.2,01.04.03,1,8b4f0e94-1747-44ca-84fc-cd08305bb494,"{""contrib_count"": 2, ""answer_text_list"": []}",1,1146,1165,I have to emphasize,4,3,4d3b1e615fd8e0a137a7a34740e304c8e073774db7a923262a1850bb9368823e,1,"[1146, 1147, 1148, 1149, 1150, 1151, 1152, 1153, 1154, 1155, 1156, 1157, 1158, 1159, 1160, 1161, 1162, 1163, 1164, 1165]"
2820,SFU_Articles/covid19/1487846888.txt,1487846888,1487846888.txt,7c8dbe5f1a389be3c8b7e90a31f860ef210debbfb51002333b0e955ae0364927,2151,b8ee8a69-8e8a-45d1-9ba9-5eeb153bf93c,covid_individual.IAA,5583cfc1-c5f5-49da-9611-9d3e365315fd,Copied from  227 (Denise Toor) at 2021-05-13T202205,True,5a272974-a02a-4d9a-b7b5-57f5dd651b52,NOT_FOUND,Individualv4.2,01.01.01,0,6aec528a-d927-43bc-a317-2db0c4efd1b1,{},0,0,0,,1,1,4d3b1e615fd8e0a137a7a34740e304c8e073774db7a923262a1850bb9368823e,1,[0]
2821,SFU_Articles/covid19/1487846888.txt,1487846888,1487846888.txt,7c8dbe5f1a389be3c8b7e90a31f860ef210debbfb51002333b0e955ae0364927,2151,b8ee8a69-8e8a-45d1-9ba9-5eeb153bf93c,covid_individual.IAA,5583cfc1-c5f5-49da-9611-9d3e365315fd,Copied from  227 (Denise Toor) at 2021-05-13T202205,True,5a272974-a02a-4d9a-b7b5-57f5dd651b52,NOT_FOUND,Individualv4.2,01.02.02,0,4e6a8b8a-d18e-4a46-9625-b73b61ff4dbf,{},0,0,0,,2,2,4d3b1e615fd8e0a137a7a34740e304c8e073774db7a923262a1850bb9368823e,1,[0]
2822,SFU_Articles/covid19/1487846888.txt,1487846888,1487846888.txt,7c8dbe5f1a389be3c8b7e90a31f860ef210debbfb51002333b0e955ae0364927,2151,b8ee8a69-8e8a-45d1-9ba9-5eeb153bf93c,covid_individual.IAA,5583cfc1-c5f5-49da-9611-9d3e365315fd,Copied from  227 (Denise Toor) at 2021-05-13T202205,True,5a272974-a02a-4d9a-b7b5-57f5dd651b52,NOT_FOUND,Individualv4.2,01.11.05,0,720a7216-178f-4d56-928e-d4e82bb2a153,{},0,0,0,,11,5,4d3b1e615fd8e0a137a7a34740e304c8e073774db7a923262a1850bb9368823e,1,[0]
2823,SFU_Articles/covid19/1487846888.txt,1487846888,1487846888.txt,7c8dbe5f1a389be3c8b7e90a31f860ef210debbfb51002333b0e955ae0364927,2151,b8ee8a69-8e8a-45d1-9ba9-5eeb153bf93c,covid_individual.IAA,5583cfc1-c5f5-49da-9611-9d3e365315fd,Copied from  227 (Denise Toor) at 2021-05-13T202205,True,5a272974-a02a-4d9a-b7b5-57f5dd651b52,NOT_FOUND,Individualv4.2,01.12.05,0,3279ac10-6dd6-4be3-9597-5f1cb713e8ee,{},0,0,0,,12,5,4d3b1e615fd8e0a137a7a34740e304c8e073774db7a923262a1850bb9368823e,1,[0]
2824,SFU_Articles/covid19/1487846888.txt,1487846888,1487846888.txt,7c8dbe5f1a389be3c8b7e90a31f860ef210debbfb51002333b0e955ae0364927,2151,b8ee8a69-8e8a-45d1-9ba9-5eeb153bf93c,covid_individual.IAA,5583cfc1-c5f5-49da-9611-9d3e365315fd,Copied from  227 (Denise Toor) at 2021-05-13T202205,True,5a272974-a02a-4d9a-b7b5-57f5dd651b52,NOT_FOUND,Individualv4.2,01.13.01,0,caea2dc0-84d1-44f9-b235-54ac327e16e2,{},0,0,0,,13,1,4d3b1e615fd8e0a137a7a34740e304c8e073774db7a923262a1850bb9368823e,1,[0]
