,article_batch_name,article_number,article_filename,article_sha256,article_text_length,tua_group_uuid,tua_group_name,tua_batch_uuid,tua_batch_name,tua_batch_final,source_task_uuid,tua_uuid,namespace,topic_name,case_number,answer_uuid,extra,highlight_count,start_pos,end_pos,target_text,question_Number,agreed_Answer,schema_sha256,agreement_score,highlighted_indices
296,SFU_Articles/covid19/1470555999.txt,1470555999,1470555999.txt,4455fdb8734311d8ea7425952f5f9bd441ff4aee739c9bbedc43342ec67886c6,18139,b8ee8a69-8e8a-45d1-9ba9-5eeb153bf93c,covid_individual.IAA,232c33b9-b6e6-4998-842e-de7d509af18c,Consensus generated at 2021-03-23T030517,True,65494497-b71d-46a1-9a27-34bbb5243738,NOT_FOUND,Individualv4.2,01.12.06,1,0fba99d3-1e37-4626-85f2-6541d4bacbec,"{""contrib_count"": 3, ""answer_text_list"": []}",0,0,0,,12,6,4d3b1e615fd8e0a137a7a34740e304c8e073774db7a923262a1850bb9368823e,1,[0]
297,SFU_Articles/covid19/1470555999.txt,1470555999,1470555999.txt,4455fdb8734311d8ea7425952f5f9bd441ff4aee739c9bbedc43342ec67886c6,18139,b8ee8a69-8e8a-45d1-9ba9-5eeb153bf93c,covid_individual.IAA,232c33b9-b6e6-4998-842e-de7d509af18c,Consensus generated at 2021-03-23T030517,True,65494497-b71d-46a1-9a27-34bbb5243738,NOT_FOUND,Individualv4.2,01.13.01,1,caea2dc0-84d1-44f9-b235-54ac327e16e2,"{""contrib_count"": 3, ""answer_text_list"": []}",0,0,0,,13,1,4d3b1e615fd8e0a137a7a34740e304c8e073774db7a923262a1850bb9368823e,1,[0]
298,SFU_Articles/covid19/1470555999.txt,1470555999,1470555999.txt,4455fdb8734311d8ea7425952f5f9bd441ff4aee739c9bbedc43342ec67886c6,18139,b8ee8a69-8e8a-45d1-9ba9-5eeb153bf93c,covid_individual.IAA,232c33b9-b6e6-4998-842e-de7d509af18c,Consensus generated at 2021-03-23T030517,True,65494497-b71d-46a1-9a27-34bbb5243738,NOT_FOUND,Individualv4.2,01.11.04,1,8999b4be-7e40-496c-8318-f67e436bde71,"{""contrib_count"": 2, ""answer_text_list"": []}",0,0,0,,11,4,4d3b1e615fd8e0a137a7a34740e304c8e073774db7a923262a1850bb9368823e,1,[0]
2329,SFU_Articles/covid19/1470555999.txt,1470555999,1470555999.txt,4455fdb8734311d8ea7425952f5f9bd441ff4aee739c9bbedc43342ec67886c6,18139,b8ee8a69-8e8a-45d1-9ba9-5eeb153bf93c,covid_individual.IAA,5583cfc1-c5f5-49da-9611-9d3e365315fd,Copied from  227 (Denise Toor) at 2021-05-13T202205,True,65494497-b71d-46a1-9a27-34bbb5243738,NOT_FOUND,Individualv4.2,01.01.01,0,6aec528a-d927-43bc-a317-2db0c4efd1b1,{},0,0,0,,1,1,4d3b1e615fd8e0a137a7a34740e304c8e073774db7a923262a1850bb9368823e,1,[0]
2330,SFU_Articles/covid19/1470555999.txt,1470555999,1470555999.txt,4455fdb8734311d8ea7425952f5f9bd441ff4aee739c9bbedc43342ec67886c6,18139,b8ee8a69-8e8a-45d1-9ba9-5eeb153bf93c,covid_individual.IAA,5583cfc1-c5f5-49da-9611-9d3e365315fd,Copied from  227 (Denise Toor) at 2021-05-13T202205,True,65494497-b71d-46a1-9a27-34bbb5243738,NOT_FOUND,Individualv4.2,01.02.04,0,cea46ec9-98b6-44c1-9700-2ba5f4c038cc,{},0,0,0,,2,4,4d3b1e615fd8e0a137a7a34740e304c8e073774db7a923262a1850bb9368823e,1,[0]
2331,SFU_Articles/covid19/1470555999.txt,1470555999,1470555999.txt,4455fdb8734311d8ea7425952f5f9bd441ff4aee739c9bbedc43342ec67886c6,18139,b8ee8a69-8e8a-45d1-9ba9-5eeb153bf93c,covid_individual.IAA,5583cfc1-c5f5-49da-9611-9d3e365315fd,Copied from  227 (Denise Toor) at 2021-05-13T202205,True,65494497-b71d-46a1-9a27-34bbb5243738,NOT_FOUND,Individualv4.2,01.02.01,0,abd4d646-ec47-4d02-a05f-2bb6c16491c3,{},0,0,0,,2,1,4d3b1e615fd8e0a137a7a34740e304c8e073774db7a923262a1850bb9368823e,1,[0]
2332,SFU_Articles/covid19/1470555999.txt,1470555999,1470555999.txt,4455fdb8734311d8ea7425952f5f9bd441ff4aee739c9bbedc43342ec67886c6,18139,b8ee8a69-8e8a-45d1-9ba9-5eeb153bf93c,covid_individual.IAA,5583cfc1-c5f5-49da-9611-9d3e365315fd,Copied from  227 (Denise Toor) at 2021-05-13T202205,True,65494497-b71d-46a1-9a27-34bbb5243738,NOT_FOUND,Individualv4.2,01.03.01,1,16750d88-ec74-473d-b73b-8cc44a9a5d79,{},1,8924,8935,Don\u2019t panic,3,1,4d3b1e615fd8e0a137a7a34740e304c8e073774db7a923262a1850bb9368823e,1,"[8924, 8925, 8926, 8927, 8928, 8929, 8930, 8931, 8932, 8933, 8934, 8935]"
2333,SFU_Articles/covid19/1470555999.txt,1470555999,1470555999.txt,4455fdb8734311d8ea7425952f5f9bd441ff4aee739c9bbedc43342ec67886c6,18139,b8ee8a69-8e8a-45d1-9ba9-5eeb153bf93c,covid_individual.IAA,5583cfc1-c5f5-49da-9611-9d3e365315fd,Copied from  227 (Denise Toor) at 2021-05-13T202205,True,65494497-b71d-46a1-9a27-34bbb5243738,NOT_FOUND,Individualv4.2,01.08.03,1,d565ff04-6156-4124-95a7-299e53d55309,{},1,8924,8935,Don\u2019t panic,8,3,4d3b1e615fd8e0a137a7a34740e304c8e073774db7a923262a1850bb9368823e,1,"[8924, 8925, 8926, 8927, 8928, 8929, 8930, 8931, 8932, 8933, 8934, 8935]"
2334,SFU_Articles/covid19/1470555999.txt,1470555999,1470555999.txt,4455fdb8734311d8ea7425952f5f9bd441ff4aee739c9bbedc43342ec67886c6,18139,b8ee8a69-8e8a-45d1-9ba9-5eeb153bf93c,covid_individual.IAA,5583cfc1-c5f5-49da-9611-9d3e365315fd,Copied from  227 (Denise Toor) at 2021-05-13T202205,True,65494497-b71d-46a1-9a27-34bbb5243738,NOT_FOUND,Individualv4.2,01.11.04,0,8999b4be-7e40-496c-8318-f67e436bde71,{},0,0,0,,11,4,4d3b1e615fd8e0a137a7a34740e304c8e073774db7a923262a1850bb9368823e,1,[0]
2335,SFU_Articles/covid19/1470555999.txt,1470555999,1470555999.txt,4455fdb8734311d8ea7425952f5f9bd441ff4aee739c9bbedc43342ec67886c6,18139,b8ee8a69-8e8a-45d1-9ba9-5eeb153bf93c,covid_individual.IAA,5583cfc1-c5f5-49da-9611-9d3e365315fd,Copied from  227 (Denise Toor) at 2021-05-13T202205,True,65494497-b71d-46a1-9a27-34bbb5243738,NOT_FOUND,Individualv4.2,01.12.06,0,0fba99d3-1e37-4626-85f2-6541d4bacbec,{},0,0,0,,12,6,4d3b1e615fd8e0a137a7a34740e304c8e073774db7a923262a1850bb9368823e,1,[0]
2336,SFU_Articles/covid19/1470555999.txt,1470555999,1470555999.txt,4455fdb8734311d8ea7425952f5f9bd441ff4aee739c9bbedc43342ec67886c6,18139,b8ee8a69-8e8a-45d1-9ba9-5eeb153bf93c,covid_individual.IAA,5583cfc1-c5f5-49da-9611-9d3e365315fd,Copied from  227 (Denise Toor) at 2021-05-13T202205,True,65494497-b71d-46a1-9a27-34bbb5243738,NOT_FOUND,Individualv4.2,01.13.01,0,caea2dc0-84d1-44f9-b235-54ac327e16e2,{},0,0,0,,13,1,4d3b1e615fd8e0a137a7a34740e304c8e073774db7a923262a1850bb9368823e,1,[0]
