,article_batch_name,article_number,article_filename,article_sha256,article_text_length,tua_group_uuid,tua_group_name,tua_batch_uuid,tua_batch_name,tua_batch_final,source_task_uuid,tua_uuid,namespace,topic_name,case_number,answer_uuid,extra,highlight_count,start_pos,end_pos,target_text,question_Number,agreed_Answer,schema_sha256,agreement_score,highlighted_indices
874,SFU_Articles/covid19/1479676571.txt,1479676571,1479676571.txt,f48f5e149ebc33a033a398c7d70030a58567b2ba9d55d7065f73d15773609405,6680,b8ee8a69-8e8a-45d1-9ba9-5eeb153bf93c,covid_individual.IAA,232c33b9-b6e6-4998-842e-de7d509af18c,Consensus generated at 2021-03-23T030517,True,32754024-89a5-4e24-b83b-b23bfb1ca485,NOT_FOUND,Individualv4.2,01.01.02,1,b6b8ba9b-9d7a-47ca-b2c4-38eba1790731,"{""contrib_count"": 2, ""answer_text_list"": []}",0,0,0,,1,2,4d3b1e615fd8e0a137a7a34740e304c8e073774db7a923262a1850bb9368823e,1,[0]
875,SFU_Articles/covid19/1479676571.txt,1479676571,1479676571.txt,f48f5e149ebc33a033a398c7d70030a58567b2ba9d55d7065f73d15773609405,6680,b8ee8a69-8e8a-45d1-9ba9-5eeb153bf93c,covid_individual.IAA,232c33b9-b6e6-4998-842e-de7d509af18c,Consensus generated at 2021-03-23T030517,True,32754024-89a5-4e24-b83b-b23bfb1ca485,NOT_FOUND,Individualv4.2,01.12.06,1,0fba99d3-1e37-4626-85f2-6541d4bacbec,"{""contrib_count"": 2, ""answer_text_list"": []}",0,0,0,,12,6,4d3b1e615fd8e0a137a7a34740e304c8e073774db7a923262a1850bb9368823e,1,[0]
876,SFU_Articles/covid19/1479676571.txt,1479676571,1479676571.txt,f48f5e149ebc33a033a398c7d70030a58567b2ba9d55d7065f73d15773609405,6680,b8ee8a69-8e8a-45d1-9ba9-5eeb153bf93c,covid_individual.IAA,232c33b9-b6e6-4998-842e-de7d509af18c,Consensus generated at 2021-03-23T030517,True,32754024-89a5-4e24-b83b-b23bfb1ca485,NOT_FOUND,Individualv4.2,01.13.01,1,caea2dc0-84d1-44f9-b235-54ac327e16e2,"{""contrib_count"": 3, ""answer_text_list"": []}",0,0,0,,13,1,4d3b1e615fd8e0a137a7a34740e304c8e073774db7a923262a1850bb9368823e,1,[0]
877,SFU_Articles/covid19/1479676571.txt,1479676571,1479676571.txt,f48f5e149ebc33a033a398c7d70030a58567b2ba9d55d7065f73d15773609405,6680,b8ee8a69-8e8a-45d1-9ba9-5eeb153bf93c,covid_individual.IAA,232c33b9-b6e6-4998-842e-de7d509af18c,Consensus generated at 2021-03-23T030517,True,32754024-89a5-4e24-b83b-b23bfb1ca485,NOT_FOUND,Individualv4.2,01.11.04,1,8999b4be-7e40-496c-8318-f67e436bde71,"{""contrib_count"": 2, ""answer_text_list"": []}",0,0,0,,11,4,4d3b1e615fd8e0a137a7a34740e304c8e073774db7a923262a1850bb9368823e,1,[0]
2733,SFU_Articles/covid19/1479676571.txt,1479676571,1479676571.txt,f48f5e149ebc33a033a398c7d70030a58567b2ba9d55d7065f73d15773609405,6680,b8ee8a69-8e8a-45d1-9ba9-5eeb153bf93c,covid_individual.IAA,5583cfc1-c5f5-49da-9611-9d3e365315fd,Copied from  227 (Denise Toor) at 2021-05-13T202205,True,32754024-89a5-4e24-b83b-b23bfb1ca485,NOT_FOUND,Individualv4.2,01.01.02,0,b6b8ba9b-9d7a-47ca-b2c4-38eba1790731,{},0,0,0,,1,2,4d3b1e615fd8e0a137a7a34740e304c8e073774db7a923262a1850bb9368823e,1,[0]
2734,SFU_Articles/covid19/1479676571.txt,1479676571,1479676571.txt,f48f5e149ebc33a033a398c7d70030a58567b2ba9d55d7065f73d15773609405,6680,b8ee8a69-8e8a-45d1-9ba9-5eeb153bf93c,covid_individual.IAA,5583cfc1-c5f5-49da-9611-9d3e365315fd,Copied from  227 (Denise Toor) at 2021-05-13T202205,True,32754024-89a5-4e24-b83b-b23bfb1ca485,NOT_FOUND,Individualv4.2,01.02.05,0,9d2befd9-23ed-45b2-bee4-ad8ebd216771,{},0,0,0,,2,5,4d3b1e615fd8e0a137a7a34740e304c8e073774db7a923262a1850bb9368823e,1,[0]
2735,SFU_Articles/covid19/1479676571.txt,1479676571,1479676571.txt,f48f5e149ebc33a033a398c7d70030a58567b2ba9d55d7065f73d15773609405,6680,b8ee8a69-8e8a-45d1-9ba9-5eeb153bf93c,covid_individual.IAA,5583cfc1-c5f5-49da-9611-9d3e365315fd,Copied from  227 (Denise Toor) at 2021-05-13T202205,True,32754024-89a5-4e24-b83b-b23bfb1ca485,NOT_FOUND,Individualv4.2,01.09.04,1,479a926a-ac48-4450-83fc-dd58023cdb7c,{},1,313,340,Here\u2019s what\u2019s likely coming,9,4,4d3b1e615fd8e0a137a7a34740e304c8e073774db7a923262a1850bb9368823e,1,"[313, 314, 315, 316, 317, 318, 319, 320, 321, 322, 323, 324, 325, 326, 327, 328, 329, 330, 331, 332, 333, 334, 335, 336, 337, 338, 339, 340]"
2736,SFU_Articles/covid19/1479676571.txt,1479676571,1479676571.txt,f48f5e149ebc33a033a398c7d70030a58567b2ba9d55d7065f73d15773609405,6680,b8ee8a69-8e8a-45d1-9ba9-5eeb153bf93c,covid_individual.IAA,5583cfc1-c5f5-49da-9611-9d3e365315fd,Copied from  227 (Denise Toor) at 2021-05-13T202205,True,32754024-89a5-4e24-b83b-b23bfb1ca485,NOT_FOUND,Individualv4.2,01.11.04,0,8999b4be-7e40-496c-8318-f67e436bde71,{},0,0,0,,11,4,4d3b1e615fd8e0a137a7a34740e304c8e073774db7a923262a1850bb9368823e,1,[0]
2737,SFU_Articles/covid19/1479676571.txt,1479676571,1479676571.txt,f48f5e149ebc33a033a398c7d70030a58567b2ba9d55d7065f73d15773609405,6680,b8ee8a69-8e8a-45d1-9ba9-5eeb153bf93c,covid_individual.IAA,5583cfc1-c5f5-49da-9611-9d3e365315fd,Copied from  227 (Denise Toor) at 2021-05-13T202205,True,32754024-89a5-4e24-b83b-b23bfb1ca485,NOT_FOUND,Individualv4.2,01.12.06,0,0fba99d3-1e37-4626-85f2-6541d4bacbec,{},0,0,0,,12,6,4d3b1e615fd8e0a137a7a34740e304c8e073774db7a923262a1850bb9368823e,1,[0]
2738,SFU_Articles/covid19/1479676571.txt,1479676571,1479676571.txt,f48f5e149ebc33a033a398c7d70030a58567b2ba9d55d7065f73d15773609405,6680,b8ee8a69-8e8a-45d1-9ba9-5eeb153bf93c,covid_individual.IAA,5583cfc1-c5f5-49da-9611-9d3e365315fd,Copied from  227 (Denise Toor) at 2021-05-13T202205,True,32754024-89a5-4e24-b83b-b23bfb1ca485,NOT_FOUND,Individualv4.2,01.13.01,0,caea2dc0-84d1-44f9-b235-54ac327e16e2,{},0,0,0,,13,1,4d3b1e615fd8e0a137a7a34740e304c8e073774db7a923262a1850bb9368823e,1,[0]
