,article_batch_name,article_number,article_filename,article_sha256,article_text_length,tua_group_uuid,tua_group_name,tua_batch_uuid,tua_batch_name,tua_batch_final,source_task_uuid,tua_uuid,namespace,topic_name,case_number,answer_uuid,extra,highlight_count,start_pos,end_pos,target_text,question_Number,agreed_Answer,schema_sha256,agreement_score,highlighted_indices
330,SFU_Articles/covid19/1479676571.txt,1479676571,1479676571.txt,f48f5e149ebc33a033a398c7d70030a58567b2ba9d55d7065f73d15773609405,6680,b8ee8a69-8e8a-45d1-9ba9-5eeb153bf93c,covid_individual.IAA,232c33b9-b6e6-4998-842e-de7d509af18c,Consensus generated at 2021-03-23T030517,True,412379a8-9ef2-4b8d-bfc6-91f1ad8acb20,NOT_FOUND,Individualv4.2,01.08.03,1,d565ff04-6156-4124-95a7-299e53d55309,"{""contrib_count"": 2, ""answer_text_list"": []}",1,3916,3925,Worse yet,8,3,4d3b1e615fd8e0a137a7a34740e304c8e073774db7a923262a1850bb9368823e,1,"[3916, 3917, 3918, 3919, 3920, 3921, 3922, 3923, 3924, 3925]"
331,SFU_Articles/covid19/1479676571.txt,1479676571,1479676571.txt,f48f5e149ebc33a033a398c7d70030a58567b2ba9d55d7065f73d15773609405,6680,b8ee8a69-8e8a-45d1-9ba9-5eeb153bf93c,covid_individual.IAA,232c33b9-b6e6-4998-842e-de7d509af18c,Consensus generated at 2021-03-23T030517,True,412379a8-9ef2-4b8d-bfc6-91f1ad8acb20,NOT_FOUND,Individualv4.2,01.01.01,1,6aec528a-d927-43bc-a317-2db0c4efd1b1,"{""contrib_count"": 2, ""answer_text_list"": []}",0,0,0,,1,1,4d3b1e615fd8e0a137a7a34740e304c8e073774db7a923262a1850bb9368823e,1,[0]
332,SFU_Articles/covid19/1479676571.txt,1479676571,1479676571.txt,f48f5e149ebc33a033a398c7d70030a58567b2ba9d55d7065f73d15773609405,6680,b8ee8a69-8e8a-45d1-9ba9-5eeb153bf93c,covid_individual.IAA,232c33b9-b6e6-4998-842e-de7d509af18c,Consensus generated at 2021-03-23T030517,True,412379a8-9ef2-4b8d-bfc6-91f1ad8acb20,NOT_FOUND,Individualv4.2,01.12.06,1,0fba99d3-1e37-4626-85f2-6541d4bacbec,"{""contrib_count"": 2, ""answer_text_list"": []}",0,0,0,,12,6,4d3b1e615fd8e0a137a7a34740e304c8e073774db7a923262a1850bb9368823e,1,[0]
333,SFU_Articles/covid19/1479676571.txt,1479676571,1479676571.txt,f48f5e149ebc33a033a398c7d70030a58567b2ba9d55d7065f73d15773609405,6680,b8ee8a69-8e8a-45d1-9ba9-5eeb153bf93c,covid_individual.IAA,232c33b9-b6e6-4998-842e-de7d509af18c,Consensus generated at 2021-03-23T030517,True,412379a8-9ef2-4b8d-bfc6-91f1ad8acb20,NOT_FOUND,Individualv4.2,01.02.04,1,cea46ec9-98b6-44c1-9700-2ba5f4c038cc,"{""contrib_count"": 2, ""answer_text_list"": []}",0,0,0,,2,4,4d3b1e615fd8e0a137a7a34740e304c8e073774db7a923262a1850bb9368823e,1,[0]
334,SFU_Articles/covid19/1479676571.txt,1479676571,1479676571.txt,f48f5e149ebc33a033a398c7d70030a58567b2ba9d55d7065f73d15773609405,6680,b8ee8a69-8e8a-45d1-9ba9-5eeb153bf93c,covid_individual.IAA,232c33b9-b6e6-4998-842e-de7d509af18c,Consensus generated at 2021-03-23T030517,True,412379a8-9ef2-4b8d-bfc6-91f1ad8acb20,NOT_FOUND,Individualv4.2,01.13.01,1,caea2dc0-84d1-44f9-b235-54ac327e16e2,"{""contrib_count"": 3, ""answer_text_list"": []}",0,0,0,,13,1,4d3b1e615fd8e0a137a7a34740e304c8e073774db7a923262a1850bb9368823e,1,[0]
335,SFU_Articles/covid19/1479676571.txt,1479676571,1479676571.txt,f48f5e149ebc33a033a398c7d70030a58567b2ba9d55d7065f73d15773609405,6680,b8ee8a69-8e8a-45d1-9ba9-5eeb153bf93c,covid_individual.IAA,232c33b9-b6e6-4998-842e-de7d509af18c,Consensus generated at 2021-03-23T030517,True,412379a8-9ef2-4b8d-bfc6-91f1ad8acb20,NOT_FOUND,Individualv4.2,01.11.04,1,8999b4be-7e40-496c-8318-f67e436bde71,"{""contrib_count"": 2, ""answer_text_list"": []}",0,0,0,,11,4,4d3b1e615fd8e0a137a7a34740e304c8e073774db7a923262a1850bb9368823e,1,[0]
2739,SFU_Articles/covid19/1479676571.txt,1479676571,1479676571.txt,f48f5e149ebc33a033a398c7d70030a58567b2ba9d55d7065f73d15773609405,6680,b8ee8a69-8e8a-45d1-9ba9-5eeb153bf93c,covid_individual.IAA,5583cfc1-c5f5-49da-9611-9d3e365315fd,Copied from  227 (Denise Toor) at 2021-05-13T202205,True,412379a8-9ef2-4b8d-bfc6-91f1ad8acb20,NOT_FOUND,Individualv4.2,01.01.01,0,6aec528a-d927-43bc-a317-2db0c4efd1b1,{},0,0,0,,1,1,4d3b1e615fd8e0a137a7a34740e304c8e073774db7a923262a1850bb9368823e,1,[0]
2740,SFU_Articles/covid19/1479676571.txt,1479676571,1479676571.txt,f48f5e149ebc33a033a398c7d70030a58567b2ba9d55d7065f73d15773609405,6680,b8ee8a69-8e8a-45d1-9ba9-5eeb153bf93c,covid_individual.IAA,5583cfc1-c5f5-49da-9611-9d3e365315fd,Copied from  227 (Denise Toor) at 2021-05-13T202205,True,412379a8-9ef2-4b8d-bfc6-91f1ad8acb20,NOT_FOUND,Individualv4.2,01.02.02,0,4e6a8b8a-d18e-4a46-9625-b73b61ff4dbf,{},0,0,0,,2,2,4d3b1e615fd8e0a137a7a34740e304c8e073774db7a923262a1850bb9368823e,1,[0]
2741,SFU_Articles/covid19/1479676571.txt,1479676571,1479676571.txt,f48f5e149ebc33a033a398c7d70030a58567b2ba9d55d7065f73d15773609405,6680,b8ee8a69-8e8a-45d1-9ba9-5eeb153bf93c,covid_individual.IAA,5583cfc1-c5f5-49da-9611-9d3e365315fd,Copied from  227 (Denise Toor) at 2021-05-13T202205,True,412379a8-9ef2-4b8d-bfc6-91f1ad8acb20,NOT_FOUND,Individualv4.2,01.04.01,1,42355c70-e92a-4d53-8f97-67301e38d055,{},1,3916,3925,Worse yet,4,1,4d3b1e615fd8e0a137a7a34740e304c8e073774db7a923262a1850bb9368823e,1,"[3916, 3917, 3918, 3919, 3920, 3921, 3922, 3923, 3924, 3925]"
2742,SFU_Articles/covid19/1479676571.txt,1479676571,1479676571.txt,f48f5e149ebc33a033a398c7d70030a58567b2ba9d55d7065f73d15773609405,6680,b8ee8a69-8e8a-45d1-9ba9-5eeb153bf93c,covid_individual.IAA,5583cfc1-c5f5-49da-9611-9d3e365315fd,Copied from  227 (Denise Toor) at 2021-05-13T202205,True,412379a8-9ef2-4b8d-bfc6-91f1ad8acb20,NOT_FOUND,Individualv4.2,01.05.01,0,36f229bc-8390-45c8-88f6-b288ca3b21f6,{},0,0,0,,5,1,4d3b1e615fd8e0a137a7a34740e304c8e073774db7a923262a1850bb9368823e,1,[0]
2743,SFU_Articles/covid19/1479676571.txt,1479676571,1479676571.txt,f48f5e149ebc33a033a398c7d70030a58567b2ba9d55d7065f73d15773609405,6680,b8ee8a69-8e8a-45d1-9ba9-5eeb153bf93c,covid_individual.IAA,5583cfc1-c5f5-49da-9611-9d3e365315fd,Copied from  227 (Denise Toor) at 2021-05-13T202205,True,412379a8-9ef2-4b8d-bfc6-91f1ad8acb20,NOT_FOUND,Individualv4.2,01.11.04,0,8999b4be-7e40-496c-8318-f67e436bde71,{},0,0,0,,11,4,4d3b1e615fd8e0a137a7a34740e304c8e073774db7a923262a1850bb9368823e,1,[0]
2744,SFU_Articles/covid19/1479676571.txt,1479676571,1479676571.txt,f48f5e149ebc33a033a398c7d70030a58567b2ba9d55d7065f73d15773609405,6680,b8ee8a69-8e8a-45d1-9ba9-5eeb153bf93c,covid_individual.IAA,5583cfc1-c5f5-49da-9611-9d3e365315fd,Copied from  227 (Denise Toor) at 2021-05-13T202205,True,412379a8-9ef2-4b8d-bfc6-91f1ad8acb20,NOT_FOUND,Individualv4.2,01.12.06,0,0fba99d3-1e37-4626-85f2-6541d4bacbec,{},0,0,0,,12,6,4d3b1e615fd8e0a137a7a34740e304c8e073774db7a923262a1850bb9368823e,1,[0]
2745,SFU_Articles/covid19/1479676571.txt,1479676571,1479676571.txt,f48f5e149ebc33a033a398c7d70030a58567b2ba9d55d7065f73d15773609405,6680,b8ee8a69-8e8a-45d1-9ba9-5eeb153bf93c,covid_individual.IAA,5583cfc1-c5f5-49da-9611-9d3e365315fd,Copied from  227 (Denise Toor) at 2021-05-13T202205,True,412379a8-9ef2-4b8d-bfc6-91f1ad8acb20,NOT_FOUND,Individualv4.2,01.13.01,0,caea2dc0-84d1-44f9-b235-54ac327e16e2,{},0,0,0,,13,1,4d3b1e615fd8e0a137a7a34740e304c8e073774db7a923262a1850bb9368823e,1,[0]
