,article_batch_name,article_number,article_filename,article_sha256,article_text_length,tua_group_uuid,tua_group_name,tua_batch_uuid,tua_batch_name,tua_batch_final,source_task_uuid,tua_uuid,namespace,topic_name,case_number,answer_uuid,extra,highlight_count,start_pos,end_pos,target_text,question_Number,agreed_Answer,schema_sha256,agreement_score,highlighted_indices
51,SFU_Articles/covid19/1428439051.txt,1428439051,1428439051.txt,f10fdd8c11d522540e405fe99975ee58894d0c51ef92380059a7ef21e39ee5ee,8174,b8ee8a69-8e8a-45d1-9ba9-5eeb153bf93c,covid_individual.IAA,232c33b9-b6e6-4998-842e-de7d509af18c,Consensus generated at 2021-03-23T030517,True,706e9286-c6e7-41d9-be19-6cdd754a2ca3,NOT_FOUND,Individualv4.2,01.02.05,1,9d2befd9-23ed-45b2-bee4-ad8ebd216771,"{""contrib_count"": 3, ""answer_text_list"": []}",0,0,0,,2,5,4d3b1e615fd8e0a137a7a34740e304c8e073774db7a923262a1850bb9368823e,1,[0]
52,SFU_Articles/covid19/1428439051.txt,1428439051,1428439051.txt,f10fdd8c11d522540e405fe99975ee58894d0c51ef92380059a7ef21e39ee5ee,8174,b8ee8a69-8e8a-45d1-9ba9-5eeb153bf93c,covid_individual.IAA,232c33b9-b6e6-4998-842e-de7d509af18c,Consensus generated at 2021-03-23T030517,True,706e9286-c6e7-41d9-be19-6cdd754a2ca3,NOT_FOUND,Individualv4.2,01.01.01,1,6aec528a-d927-43bc-a317-2db0c4efd1b1,"{""contrib_count"": 2, ""answer_text_list"": []}",0,0,0,,1,1,4d3b1e615fd8e0a137a7a34740e304c8e073774db7a923262a1850bb9368823e,1,[0]
53,SFU_Articles/covid19/1428439051.txt,1428439051,1428439051.txt,f10fdd8c11d522540e405fe99975ee58894d0c51ef92380059a7ef21e39ee5ee,8174,b8ee8a69-8e8a-45d1-9ba9-5eeb153bf93c,covid_individual.IAA,232c33b9-b6e6-4998-842e-de7d509af18c,Consensus generated at 2021-03-23T030517,True,706e9286-c6e7-41d9-be19-6cdd754a2ca3,NOT_FOUND,Individualv4.2,01.09.01,1,1fb8bef7-274f-41a8-83e2-0d67d27759a8,"{""contrib_count"": 2, ""answer_text_list"": []}",1,2169,2243,"Dr. Dana Meaney-Delman, who is not actually an expert on tobacco or vaping",9,1,4d3b1e615fd8e0a137a7a34740e304c8e073774db7a923262a1850bb9368823e,1,"[2169, 2170, 2171, 2172, 2173, 2174, 2175, 2176, 2177, 2178, 2179, 2180, 2181, 2182, 2183, 2184, 2185, 2186, 2187, 2188, 2189, 2190, 2191, 2192, 2193, 2194, 2195, 2196, 2197, 2198, 2199, 2200, 2201, 2202, 2203, 2204, 2205, 2206, 2207, 2208, 2209, 2210, 2211, 2212, 2213, 2214, 2215, 2216, 2217, 2218, 2219, 2220, 2221, 2222, 2223, 2224, 2225, 2226, 2227, 2228, 2229, 2230, 2231, 2232, 2233, 2234, 2235, 2236, 2237, 2238, 2239, 2240, 2241, 2242, 2243]"
54,SFU_Articles/covid19/1428439051.txt,1428439051,1428439051.txt,f10fdd8c11d522540e405fe99975ee58894d0c51ef92380059a7ef21e39ee5ee,8174,b8ee8a69-8e8a-45d1-9ba9-5eeb153bf93c,covid_individual.IAA,232c33b9-b6e6-4998-842e-de7d509af18c,Consensus generated at 2021-03-23T030517,True,706e9286-c6e7-41d9-be19-6cdd754a2ca3,NOT_FOUND,Individualv4.2,01.12.06,1,0fba99d3-1e37-4626-85f2-6541d4bacbec,"{""contrib_count"": 2, ""answer_text_list"": []}",0,0,0,,12,6,4d3b1e615fd8e0a137a7a34740e304c8e073774db7a923262a1850bb9368823e,1,[0]
55,SFU_Articles/covid19/1428439051.txt,1428439051,1428439051.txt,f10fdd8c11d522540e405fe99975ee58894d0c51ef92380059a7ef21e39ee5ee,8174,b8ee8a69-8e8a-45d1-9ba9-5eeb153bf93c,covid_individual.IAA,232c33b9-b6e6-4998-842e-de7d509af18c,Consensus generated at 2021-03-23T030517,True,706e9286-c6e7-41d9-be19-6cdd754a2ca3,NOT_FOUND,Individualv4.2,01.13.01,1,caea2dc0-84d1-44f9-b235-54ac327e16e2,"{""contrib_count"": 3, ""answer_text_list"": []}",0,0,0,,13,1,4d3b1e615fd8e0a137a7a34740e304c8e073774db7a923262a1850bb9368823e,1,[0]
56,SFU_Articles/covid19/1428439051.txt,1428439051,1428439051.txt,f10fdd8c11d522540e405fe99975ee58894d0c51ef92380059a7ef21e39ee5ee,8174,b8ee8a69-8e8a-45d1-9ba9-5eeb153bf93c,covid_individual.IAA,232c33b9-b6e6-4998-842e-de7d509af18c,Consensus generated at 2021-03-23T030517,True,706e9286-c6e7-41d9-be19-6cdd754a2ca3,NOT_FOUND,Individualv4.2,01.11.04,1,8999b4be-7e40-496c-8318-f67e436bde71,"{""contrib_count"": 2, ""answer_text_list"": []}",0,0,0,,11,4,4d3b1e615fd8e0a137a7a34740e304c8e073774db7a923262a1850bb9368823e,1,[0]
1816,SFU_Articles/covid19/1428439051.txt,1428439051,1428439051.txt,f10fdd8c11d522540e405fe99975ee58894d0c51ef92380059a7ef21e39ee5ee,8174,b8ee8a69-8e8a-45d1-9ba9-5eeb153bf93c,covid_individual.IAA,5583cfc1-c5f5-49da-9611-9d3e365315fd,Copied from  227 (Denise Toor) at 2021-05-13T202205,True,706e9286-c6e7-41d9-be19-6cdd754a2ca3,NOT_FOUND,Individualv4.2,01.01.01,0,6aec528a-d927-43bc-a317-2db0c4efd1b1,{},0,0,0,,1,1,4d3b1e615fd8e0a137a7a34740e304c8e073774db7a923262a1850bb9368823e,1,[0]
1817,SFU_Articles/covid19/1428439051.txt,1428439051,1428439051.txt,f10fdd8c11d522540e405fe99975ee58894d0c51ef92380059a7ef21e39ee5ee,8174,b8ee8a69-8e8a-45d1-9ba9-5eeb153bf93c,covid_individual.IAA,5583cfc1-c5f5-49da-9611-9d3e365315fd,Copied from  227 (Denise Toor) at 2021-05-13T202205,True,706e9286-c6e7-41d9-be19-6cdd754a2ca3,NOT_FOUND,Individualv4.2,01.02.01,0,abd4d646-ec47-4d02-a05f-2bb6c16491c3,{},0,0,0,,2,1,4d3b1e615fd8e0a137a7a34740e304c8e073774db7a923262a1850bb9368823e,1,[0]
1818,SFU_Articles/covid19/1428439051.txt,1428439051,1428439051.txt,f10fdd8c11d522540e405fe99975ee58894d0c51ef92380059a7ef21e39ee5ee,8174,b8ee8a69-8e8a-45d1-9ba9-5eeb153bf93c,covid_individual.IAA,5583cfc1-c5f5-49da-9611-9d3e365315fd,Copied from  227 (Denise Toor) at 2021-05-13T202205,True,706e9286-c6e7-41d9-be19-6cdd754a2ca3,NOT_FOUND,Individualv4.2,01.02.05,0,9d2befd9-23ed-45b2-bee4-ad8ebd216771,{},0,0,0,,2,5,4d3b1e615fd8e0a137a7a34740e304c8e073774db7a923262a1850bb9368823e,1,[0]
1819,SFU_Articles/covid19/1428439051.txt,1428439051,1428439051.txt,f10fdd8c11d522540e405fe99975ee58894d0c51ef92380059a7ef21e39ee5ee,8174,b8ee8a69-8e8a-45d1-9ba9-5eeb153bf93c,covid_individual.IAA,5583cfc1-c5f5-49da-9611-9d3e365315fd,Copied from  227 (Denise Toor) at 2021-05-13T202205,True,706e9286-c6e7-41d9-be19-6cdd754a2ca3,NOT_FOUND,Individualv4.2,01.03.03,1,b4c406c0-22f3-4296-8b7c-614b76138038,{},1,2154,2243,"It's headed by Dr. Dana Meaney-Delman, who is not actually an expert on tobacco or vaping",3,3,4d3b1e615fd8e0a137a7a34740e304c8e073774db7a923262a1850bb9368823e,1,"[2154, 2155, 2156, 2157, 2158, 2159, 2160, 2161, 2162, 2163, 2164, 2165, 2166, 2167, 2168, 2169, 2170, 2171, 2172, 2173, 2174, 2175, 2176, 2177, 2178, 2179, 2180, 2181, 2182, 2183, 2184, 2185, 2186, 2187, 2188, 2189, 2190, 2191, 2192, 2193, 2194, 2195, 2196, 2197, 2198, 2199, 2200, 2201, 2202, 2203, 2204, 2205, 2206, 2207, 2208, 2209, 2210, 2211, 2212, 2213, 2214, 2215, 2216, 2217, 2218, 2219, 2220, 2221, 2222, 2223, 2224, 2225, 2226, 2227, 2228, 2229, 2230, 2231, 2232, 2233, 2234, 2235, 2236, 2237, 2238, 2239, 2240, 2241, 2242, 2243]"
1820,SFU_Articles/covid19/1428439051.txt,1428439051,1428439051.txt,f10fdd8c11d522540e405fe99975ee58894d0c51ef92380059a7ef21e39ee5ee,8174,b8ee8a69-8e8a-45d1-9ba9-5eeb153bf93c,covid_individual.IAA,5583cfc1-c5f5-49da-9611-9d3e365315fd,Copied from  227 (Denise Toor) at 2021-05-13T202205,True,706e9286-c6e7-41d9-be19-6cdd754a2ca3,NOT_FOUND,Individualv4.2,01.11.04,0,8999b4be-7e40-496c-8318-f67e436bde71,{},0,0,0,,11,4,4d3b1e615fd8e0a137a7a34740e304c8e073774db7a923262a1850bb9368823e,1,[0]
1821,SFU_Articles/covid19/1428439051.txt,1428439051,1428439051.txt,f10fdd8c11d522540e405fe99975ee58894d0c51ef92380059a7ef21e39ee5ee,8174,b8ee8a69-8e8a-45d1-9ba9-5eeb153bf93c,covid_individual.IAA,5583cfc1-c5f5-49da-9611-9d3e365315fd,Copied from  227 (Denise Toor) at 2021-05-13T202205,True,706e9286-c6e7-41d9-be19-6cdd754a2ca3,NOT_FOUND,Individualv4.2,01.12.06,0,0fba99d3-1e37-4626-85f2-6541d4bacbec,{},0,0,0,,12,6,4d3b1e615fd8e0a137a7a34740e304c8e073774db7a923262a1850bb9368823e,1,[0]
1822,SFU_Articles/covid19/1428439051.txt,1428439051,1428439051.txt,f10fdd8c11d522540e405fe99975ee58894d0c51ef92380059a7ef21e39ee5ee,8174,b8ee8a69-8e8a-45d1-9ba9-5eeb153bf93c,covid_individual.IAA,5583cfc1-c5f5-49da-9611-9d3e365315fd,Copied from  227 (Denise Toor) at 2021-05-13T202205,True,706e9286-c6e7-41d9-be19-6cdd754a2ca3,NOT_FOUND,Individualv4.2,01.13.01,0,caea2dc0-84d1-44f9-b235-54ac327e16e2,{},0,0,0,,13,1,4d3b1e615fd8e0a137a7a34740e304c8e073774db7a923262a1850bb9368823e,1,[0]
