,article_batch_name,article_number,article_filename,article_sha256,article_text_length,tua_group_uuid,tua_group_name,tua_batch_uuid,tua_batch_name,tua_batch_final,source_task_uuid,tua_uuid,namespace,topic_name,case_number,answer_uuid,extra,highlight_count,start_pos,end_pos,target_text,question_Number,agreed_Answer,schema_sha256,agreement_score,highlighted_indices
943,SFU_Articles/covid19/1375612273.txt,1375612273,1375612273.txt,8bb4e435001de35cdc69a5669a565e8d96f62fc29fcee6c175090b40c3974b56,831,b8ee8a69-8e8a-45d1-9ba9-5eeb153bf93c,covid_individual.IAA,232c33b9-b6e6-4998-842e-de7d509af18c,Consensus generated at 2021-03-23T030517,True,812e7edd-e773-4bbb-b359-a01a36f2a3f1,NOT_FOUND,Individualv4.2,01.01.03,1,39f50c9a-d868-4f92-af45-5df13e6d5554,"{""contrib_count"": 2, ""answer_text_list"": []}",0,0,0,,1,3,4d3b1e615fd8e0a137a7a34740e304c8e073774db7a923262a1850bb9368823e,1,[0]
944,SFU_Articles/covid19/1375612273.txt,1375612273,1375612273.txt,8bb4e435001de35cdc69a5669a565e8d96f62fc29fcee6c175090b40c3974b56,831,b8ee8a69-8e8a-45d1-9ba9-5eeb153bf93c,covid_individual.IAA,232c33b9-b6e6-4998-842e-de7d509af18c,Consensus generated at 2021-03-23T030517,True,812e7edd-e773-4bbb-b359-a01a36f2a3f1,NOT_FOUND,Individualv4.2,01.13.01,1,caea2dc0-84d1-44f9-b235-54ac327e16e2,"{""contrib_count"": 3, ""answer_text_list"": []}",0,0,0,,13,1,4d3b1e615fd8e0a137a7a34740e304c8e073774db7a923262a1850bb9368823e,1,[0]
1303,SFU_Articles/covid19/1375612273.txt,1375612273,1375612273.txt,8bb4e435001de35cdc69a5669a565e8d96f62fc29fcee6c175090b40c3974b56,831,b8ee8a69-8e8a-45d1-9ba9-5eeb153bf93c,covid_individual.IAA,5583cfc1-c5f5-49da-9611-9d3e365315fd,Copied from  227 (Denise Toor) at 2021-05-13T202205,True,812e7edd-e773-4bbb-b359-a01a36f2a3f1,NOT_FOUND,Individualv4.2,01.01.02,0,b6b8ba9b-9d7a-47ca-b2c4-38eba1790731,{},0,0,0,,1,2,4d3b1e615fd8e0a137a7a34740e304c8e073774db7a923262a1850bb9368823e,1,[0]
1304,SFU_Articles/covid19/1375612273.txt,1375612273,1375612273.txt,8bb4e435001de35cdc69a5669a565e8d96f62fc29fcee6c175090b40c3974b56,831,b8ee8a69-8e8a-45d1-9ba9-5eeb153bf93c,covid_individual.IAA,5583cfc1-c5f5-49da-9611-9d3e365315fd,Copied from  227 (Denise Toor) at 2021-05-13T202205,True,812e7edd-e773-4bbb-b359-a01a36f2a3f1,NOT_FOUND,Individualv4.2,01.02.04,0,cea46ec9-98b6-44c1-9700-2ba5f4c038cc,{},0,0,0,,2,4,4d3b1e615fd8e0a137a7a34740e304c8e073774db7a923262a1850bb9368823e,1,[0]
1305,SFU_Articles/covid19/1375612273.txt,1375612273,1375612273.txt,8bb4e435001de35cdc69a5669a565e8d96f62fc29fcee6c175090b40c3974b56,831,b8ee8a69-8e8a-45d1-9ba9-5eeb153bf93c,covid_individual.IAA,5583cfc1-c5f5-49da-9611-9d3e365315fd,Copied from  227 (Denise Toor) at 2021-05-13T202205,True,812e7edd-e773-4bbb-b359-a01a36f2a3f1,NOT_FOUND,Individualv4.2,01.08.03,1,d565ff04-6156-4124-95a7-299e53d55309,{},1,549,571,"Britain, looking ahead",8,3,4d3b1e615fd8e0a137a7a34740e304c8e073774db7a923262a1850bb9368823e,1,"[549, 550, 551, 552, 553, 554, 555, 556, 557, 558, 559, 560, 561, 562, 563, 564, 565, 566, 567, 568, 569, 570, 571]"
1306,SFU_Articles/covid19/1375612273.txt,1375612273,1375612273.txt,8bb4e435001de35cdc69a5669a565e8d96f62fc29fcee6c175090b40c3974b56,831,b8ee8a69-8e8a-45d1-9ba9-5eeb153bf93c,covid_individual.IAA,5583cfc1-c5f5-49da-9611-9d3e365315fd,Copied from  227 (Denise Toor) at 2021-05-13T202205,True,812e7edd-e773-4bbb-b359-a01a36f2a3f1,NOT_FOUND,Individualv4.2,01.11.05,0,720a7216-178f-4d56-928e-d4e82bb2a153,{},0,0,0,,11,5,4d3b1e615fd8e0a137a7a34740e304c8e073774db7a923262a1850bb9368823e,1,[0]
1307,SFU_Articles/covid19/1375612273.txt,1375612273,1375612273.txt,8bb4e435001de35cdc69a5669a565e8d96f62fc29fcee6c175090b40c3974b56,831,b8ee8a69-8e8a-45d1-9ba9-5eeb153bf93c,covid_individual.IAA,5583cfc1-c5f5-49da-9611-9d3e365315fd,Copied from  227 (Denise Toor) at 2021-05-13T202205,True,812e7edd-e773-4bbb-b359-a01a36f2a3f1,NOT_FOUND,Individualv4.2,01.12.05,0,3279ac10-6dd6-4be3-9597-5f1cb713e8ee,{},0,0,0,,12,5,4d3b1e615fd8e0a137a7a34740e304c8e073774db7a923262a1850bb9368823e,1,[0]
1308,SFU_Articles/covid19/1375612273.txt,1375612273,1375612273.txt,8bb4e435001de35cdc69a5669a565e8d96f62fc29fcee6c175090b40c3974b56,831,b8ee8a69-8e8a-45d1-9ba9-5eeb153bf93c,covid_individual.IAA,5583cfc1-c5f5-49da-9611-9d3e365315fd,Copied from  227 (Denise Toor) at 2021-05-13T202205,True,812e7edd-e773-4bbb-b359-a01a36f2a3f1,NOT_FOUND,Individualv4.2,01.13.01,0,caea2dc0-84d1-44f9-b235-54ac327e16e2,{},0,0,0,,13,1,4d3b1e615fd8e0a137a7a34740e304c8e073774db7a923262a1850bb9368823e,1,[0]
