,article_batch_name,article_number,article_filename,article_sha256,article_text_length,tua_group_uuid,tua_group_name,tua_batch_uuid,tua_batch_name,tua_batch_final,source_task_uuid,tua_uuid,namespace,topic_name,case_number,answer_uuid,extra,highlight_count,start_pos,end_pos,target_text,question_Number,agreed_Answer,schema_sha256,agreement_score,highlighted_indices
11,SFU_Articles/covid19/1398026513.txt,1398026513,1398026513.txt,219534898ed4e4ac54177b4b86cd8d9ddd43d6e0bc90f1909fc70921530de363,11375,b8ee8a69-8e8a-45d1-9ba9-5eeb153bf93c,covid_individual.IAA,232c33b9-b6e6-4998-842e-de7d509af18c,Consensus generated at 2021-03-23T030517,True,3f7021d1-89e9-4c37-a753-715846357dad,NOT_FOUND,Individualv4.2,01.02.02,1,4e6a8b8a-d18e-4a46-9625-b73b61ff4dbf,"{""contrib_count"": 2, ""answer_text_list"": []}",0,0,0,,2,2,4d3b1e615fd8e0a137a7a34740e304c8e073774db7a923262a1850bb9368823e,1,[0]
12,SFU_Articles/covid19/1398026513.txt,1398026513,1398026513.txt,219534898ed4e4ac54177b4b86cd8d9ddd43d6e0bc90f1909fc70921530de363,11375,b8ee8a69-8e8a-45d1-9ba9-5eeb153bf93c,covid_individual.IAA,232c33b9-b6e6-4998-842e-de7d509af18c,Consensus generated at 2021-03-23T030517,True,3f7021d1-89e9-4c37-a753-715846357dad,NOT_FOUND,Individualv4.2,01.02.01,1,abd4d646-ec47-4d02-a05f-2bb6c16491c3,"{""contrib_count"": 2, ""answer_text_list"": []}",0,0,0,,2,1,4d3b1e615fd8e0a137a7a34740e304c8e073774db7a923262a1850bb9368823e,1,[0]
13,SFU_Articles/covid19/1398026513.txt,1398026513,1398026513.txt,219534898ed4e4ac54177b4b86cd8d9ddd43d6e0bc90f1909fc70921530de363,11375,b8ee8a69-8e8a-45d1-9ba9-5eeb153bf93c,covid_individual.IAA,232c33b9-b6e6-4998-842e-de7d509af18c,Consensus generated at 2021-03-23T030517,True,3f7021d1-89e9-4c37-a753-715846357dad,NOT_FOUND,Individualv4.2,01.01.01,1,6aec528a-d927-43bc-a317-2db0c4efd1b1,"{""contrib_count"": 2, ""answer_text_list"": []}",0,0,0,,1,1,4d3b1e615fd8e0a137a7a34740e304c8e073774db7a923262a1850bb9368823e,1,[0]
14,SFU_Articles/covid19/1398026513.txt,1398026513,1398026513.txt,219534898ed4e4ac54177b4b86cd8d9ddd43d6e0bc90f1909fc70921530de363,11375,b8ee8a69-8e8a-45d1-9ba9-5eeb153bf93c,covid_individual.IAA,232c33b9-b6e6-4998-842e-de7d509af18c,Consensus generated at 2021-03-23T030517,True,3f7021d1-89e9-4c37-a753-715846357dad,NOT_FOUND,Individualv4.2,01.03.03,1,b4c406c0-22f3-4296-8b7c-614b76138038,"{""contrib_count"": 2, ""answer_text_list"": []}",1,2718,2750,I felt tensions rise by the hour,3,3,4d3b1e615fd8e0a137a7a34740e304c8e073774db7a923262a1850bb9368823e,1,"[2718, 2719, 2720, 2721, 2722, 2723, 2724, 2725, 2726, 2727, 2728, 2729, 2730, 2731, 2732, 2733, 2734, 2735, 2736, 2737, 2738, 2739, 2740, 2741, 2742, 2743, 2744, 2745, 2746, 2747, 2748, 2749, 2750]"
15,SFU_Articles/covid19/1398026513.txt,1398026513,1398026513.txt,219534898ed4e4ac54177b4b86cd8d9ddd43d6e0bc90f1909fc70921530de363,11375,b8ee8a69-8e8a-45d1-9ba9-5eeb153bf93c,covid_individual.IAA,232c33b9-b6e6-4998-842e-de7d509af18c,Consensus generated at 2021-03-23T030517,True,3f7021d1-89e9-4c37-a753-715846357dad,NOT_FOUND,Individualv4.2,01.13.01,1,caea2dc0-84d1-44f9-b235-54ac327e16e2,"{""contrib_count"": 3, ""answer_text_list"": []}",0,0,0,,13,1,4d3b1e615fd8e0a137a7a34740e304c8e073774db7a923262a1850bb9368823e,1,[0]
16,SFU_Articles/covid19/1398026513.txt,1398026513,1398026513.txt,219534898ed4e4ac54177b4b86cd8d9ddd43d6e0bc90f1909fc70921530de363,11375,b8ee8a69-8e8a-45d1-9ba9-5eeb153bf93c,covid_individual.IAA,232c33b9-b6e6-4998-842e-de7d509af18c,Consensus generated at 2021-03-23T030517,True,3f7021d1-89e9-4c37-a753-715846357dad,NOT_FOUND,Individualv4.2,01.04.03,1,8b4f0e94-1747-44ca-84fc-cd08305bb494,"{""contrib_count"": 2, ""answer_text_list"": []}",1,2718,2738,I felt tensions rise,4,3,4d3b1e615fd8e0a137a7a34740e304c8e073774db7a923262a1850bb9368823e,1,"[2718, 2719, 2720, 2721, 2722, 2723, 2724, 2725, 2726, 2727, 2728, 2729, 2730, 2731, 2732, 2733, 2734, 2735, 2736, 2737, 2738]"
1596,SFU_Articles/covid19/1398026513.txt,1398026513,1398026513.txt,219534898ed4e4ac54177b4b86cd8d9ddd43d6e0bc90f1909fc70921530de363,11375,b8ee8a69-8e8a-45d1-9ba9-5eeb153bf93c,covid_individual.IAA,5583cfc1-c5f5-49da-9611-9d3e365315fd,Copied from  227 (Denise Toor) at 2021-05-13T202205,True,3f7021d1-89e9-4c37-a753-715846357dad,NOT_FOUND,Individualv4.2,01.01.01,0,6aec528a-d927-43bc-a317-2db0c4efd1b1,{},0,0,0,,1,1,4d3b1e615fd8e0a137a7a34740e304c8e073774db7a923262a1850bb9368823e,1,[0]
1597,SFU_Articles/covid19/1398026513.txt,1398026513,1398026513.txt,219534898ed4e4ac54177b4b86cd8d9ddd43d6e0bc90f1909fc70921530de363,11375,b8ee8a69-8e8a-45d1-9ba9-5eeb153bf93c,covid_individual.IAA,5583cfc1-c5f5-49da-9611-9d3e365315fd,Copied from  227 (Denise Toor) at 2021-05-13T202205,True,3f7021d1-89e9-4c37-a753-715846357dad,NOT_FOUND,Individualv4.2,01.02.01,0,abd4d646-ec47-4d02-a05f-2bb6c16491c3,{},0,0,0,,2,1,4d3b1e615fd8e0a137a7a34740e304c8e073774db7a923262a1850bb9368823e,1,[0]
1598,SFU_Articles/covid19/1398026513.txt,1398026513,1398026513.txt,219534898ed4e4ac54177b4b86cd8d9ddd43d6e0bc90f1909fc70921530de363,11375,b8ee8a69-8e8a-45d1-9ba9-5eeb153bf93c,covid_individual.IAA,5583cfc1-c5f5-49da-9611-9d3e365315fd,Copied from  227 (Denise Toor) at 2021-05-13T202205,True,3f7021d1-89e9-4c37-a753-715846357dad,NOT_FOUND,Individualv4.2,01.02.02,0,4e6a8b8a-d18e-4a46-9625-b73b61ff4dbf,{},0,0,0,,2,2,4d3b1e615fd8e0a137a7a34740e304c8e073774db7a923262a1850bb9368823e,1,[0]
1599,SFU_Articles/covid19/1398026513.txt,1398026513,1398026513.txt,219534898ed4e4ac54177b4b86cd8d9ddd43d6e0bc90f1909fc70921530de363,11375,b8ee8a69-8e8a-45d1-9ba9-5eeb153bf93c,covid_individual.IAA,5583cfc1-c5f5-49da-9611-9d3e365315fd,Copied from  227 (Denise Toor) at 2021-05-13T202205,True,3f7021d1-89e9-4c37-a753-715846357dad,NOT_FOUND,Individualv4.2,01.02.05,0,9d2befd9-23ed-45b2-bee4-ad8ebd216771,{},0,0,0,,2,5,4d3b1e615fd8e0a137a7a34740e304c8e073774db7a923262a1850bb9368823e,1,[0]
1600,SFU_Articles/covid19/1398026513.txt,1398026513,1398026513.txt,219534898ed4e4ac54177b4b86cd8d9ddd43d6e0bc90f1909fc70921530de363,11375,b8ee8a69-8e8a-45d1-9ba9-5eeb153bf93c,covid_individual.IAA,5583cfc1-c5f5-49da-9611-9d3e365315fd,Copied from  227 (Denise Toor) at 2021-05-13T202205,True,3f7021d1-89e9-4c37-a753-715846357dad,NOT_FOUND,Individualv4.2,01.04.01,1,42355c70-e92a-4d53-8f97-67301e38d055,{},1,2752,2816,as the volume of evidence grew in support of the dire hypothesis,4,1,4d3b1e615fd8e0a137a7a34740e304c8e073774db7a923262a1850bb9368823e,1,"[2752, 2753, 2754, 2755, 2756, 2757, 2758, 2759, 2760, 2761, 2762, 2763, 2764, 2765, 2766, 2767, 2768, 2769, 2770, 2771, 2772, 2773, 2774, 2775, 2776, 2777, 2778, 2779, 2780, 2781, 2782, 2783, 2784, 2785, 2786, 2787, 2788, 2789, 2790, 2791, 2792, 2793, 2794, 2795, 2796, 2797, 2798, 2799, 2800, 2801, 2802, 2803, 2804, 2805, 2806, 2807, 2808, 2809, 2810, 2811, 2812, 2813, 2814, 2815, 2816]"
1601,SFU_Articles/covid19/1398026513.txt,1398026513,1398026513.txt,219534898ed4e4ac54177b4b86cd8d9ddd43d6e0bc90f1909fc70921530de363,11375,b8ee8a69-8e8a-45d1-9ba9-5eeb153bf93c,covid_individual.IAA,5583cfc1-c5f5-49da-9611-9d3e365315fd,Copied from  227 (Denise Toor) at 2021-05-13T202205,True,3f7021d1-89e9-4c37-a753-715846357dad,NOT_FOUND,Individualv4.2,01.05.01,0,36f229bc-8390-45c8-88f6-b288ca3b21f6,{},0,0,0,,5,1,4d3b1e615fd8e0a137a7a34740e304c8e073774db7a923262a1850bb9368823e,1,[0]
1602,SFU_Articles/covid19/1398026513.txt,1398026513,1398026513.txt,219534898ed4e4ac54177b4b86cd8d9ddd43d6e0bc90f1909fc70921530de363,11375,b8ee8a69-8e8a-45d1-9ba9-5eeb153bf93c,covid_individual.IAA,5583cfc1-c5f5-49da-9611-9d3e365315fd,Copied from  227 (Denise Toor) at 2021-05-13T202205,True,3f7021d1-89e9-4c37-a753-715846357dad,NOT_FOUND,Individualv4.2,01.09.01,1,1fb8bef7-274f-41a8-83e2-0d67d27759a8,{},1,2752,2816,as the volume of evidence grew in support of the dire hypothesis,9,1,4d3b1e615fd8e0a137a7a34740e304c8e073774db7a923262a1850bb9368823e,1,"[2752, 2753, 2754, 2755, 2756, 2757, 2758, 2759, 2760, 2761, 2762, 2763, 2764, 2765, 2766, 2767, 2768, 2769, 2770, 2771, 2772, 2773, 2774, 2775, 2776, 2777, 2778, 2779, 2780, 2781, 2782, 2783, 2784, 2785, 2786, 2787, 2788, 2789, 2790, 2791, 2792, 2793, 2794, 2795, 2796, 2797, 2798, 2799, 2800, 2801, 2802, 2803, 2804, 2805, 2806, 2807, 2808, 2809, 2810, 2811, 2812, 2813, 2814, 2815, 2816]"
1603,SFU_Articles/covid19/1398026513.txt,1398026513,1398026513.txt,219534898ed4e4ac54177b4b86cd8d9ddd43d6e0bc90f1909fc70921530de363,11375,b8ee8a69-8e8a-45d1-9ba9-5eeb153bf93c,covid_individual.IAA,5583cfc1-c5f5-49da-9611-9d3e365315fd,Copied from  227 (Denise Toor) at 2021-05-13T202205,True,3f7021d1-89e9-4c37-a753-715846357dad,NOT_FOUND,Individualv4.2,01.11.05,0,720a7216-178f-4d56-928e-d4e82bb2a153,{},0,0,0,,11,5,4d3b1e615fd8e0a137a7a34740e304c8e073774db7a923262a1850bb9368823e,1,[0]
1604,SFU_Articles/covid19/1398026513.txt,1398026513,1398026513.txt,219534898ed4e4ac54177b4b86cd8d9ddd43d6e0bc90f1909fc70921530de363,11375,b8ee8a69-8e8a-45d1-9ba9-5eeb153bf93c,covid_individual.IAA,5583cfc1-c5f5-49da-9611-9d3e365315fd,Copied from  227 (Denise Toor) at 2021-05-13T202205,True,3f7021d1-89e9-4c37-a753-715846357dad,NOT_FOUND,Individualv4.2,01.12.08,0,af46deac-d0f7-49a6-b594-d8d44b54088e,{},0,0,0,,12,8,4d3b1e615fd8e0a137a7a34740e304c8e073774db7a923262a1850bb9368823e,1,[0]
1605,SFU_Articles/covid19/1398026513.txt,1398026513,1398026513.txt,219534898ed4e4ac54177b4b86cd8d9ddd43d6e0bc90f1909fc70921530de363,11375,b8ee8a69-8e8a-45d1-9ba9-5eeb153bf93c,covid_individual.IAA,5583cfc1-c5f5-49da-9611-9d3e365315fd,Copied from  227 (Denise Toor) at 2021-05-13T202205,True,3f7021d1-89e9-4c37-a753-715846357dad,NOT_FOUND,Individualv4.2,01.13.01,0,caea2dc0-84d1-44f9-b235-54ac327e16e2,{},0,0,0,,13,1,4d3b1e615fd8e0a137a7a34740e304c8e073774db7a923262a1850bb9368823e,1,[0]
