,article_batch_name,article_number,article_filename,article_sha256,article_text_length,tua_group_uuid,tua_group_name,tua_batch_uuid,tua_batch_name,tua_batch_final,source_task_uuid,tua_uuid,namespace,topic_name,case_number,answer_uuid,extra,highlight_count,start_pos,end_pos,target_text,question_Number,agreed_Answer,schema_sha256,agreement_score,highlighted_indices
136,SFU_Articles/covid19/1396089305.txt,1396089305,1396089305.txt,8b89c95fc3eee9ff051ddb452d4312c85ef81577436c2771488a9d569c2ac73a,6542,b8ee8a69-8e8a-45d1-9ba9-5eeb153bf93c,covid_individual.IAA,232c33b9-b6e6-4998-842e-de7d509af18c,Consensus generated at 2021-03-23T030517,True,09997591-48f3-42b4-a04f-0c2b151c67ac,NOT_FOUND,Individualv4.2,01.02.02,1,4e6a8b8a-d18e-4a46-9625-b73b61ff4dbf,"{""contrib_count"": 2, ""answer_text_list"": []}",0,0,0,,2,2,4d3b1e615fd8e0a137a7a34740e304c8e073774db7a923262a1850bb9368823e,1,[0]
137,SFU_Articles/covid19/1396089305.txt,1396089305,1396089305.txt,8b89c95fc3eee9ff051ddb452d4312c85ef81577436c2771488a9d569c2ac73a,6542,b8ee8a69-8e8a-45d1-9ba9-5eeb153bf93c,covid_individual.IAA,232c33b9-b6e6-4998-842e-de7d509af18c,Consensus generated at 2021-03-23T030517,True,09997591-48f3-42b4-a04f-0c2b151c67ac,NOT_FOUND,Individualv4.2,01.04.01,1,42355c70-e92a-4d53-8f97-67301e38d055,"{""contrib_count"": 2, ""answer_text_list"": []}",1,3331,3352,fundamentally lacking,4,1,4d3b1e615fd8e0a137a7a34740e304c8e073774db7a923262a1850bb9368823e,1,"[3331, 3332, 3333, 3334, 3335, 3336, 3337, 3338, 3339, 3340, 3341, 3342, 3343, 3344, 3345, 3346, 3347, 3348, 3349, 3350, 3351, 3352]"
138,SFU_Articles/covid19/1396089305.txt,1396089305,1396089305.txt,8b89c95fc3eee9ff051ddb452d4312c85ef81577436c2771488a9d569c2ac73a,6542,b8ee8a69-8e8a-45d1-9ba9-5eeb153bf93c,covid_individual.IAA,232c33b9-b6e6-4998-842e-de7d509af18c,Consensus generated at 2021-03-23T030517,True,09997591-48f3-42b4-a04f-0c2b151c67ac,NOT_FOUND,Individualv4.2,01.01.02,1,b6b8ba9b-9d7a-47ca-b2c4-38eba1790731,"{""contrib_count"": 2, ""answer_text_list"": []}",0,0,0,,1,2,4d3b1e615fd8e0a137a7a34740e304c8e073774db7a923262a1850bb9368823e,1,[0]
139,SFU_Articles/covid19/1396089305.txt,1396089305,1396089305.txt,8b89c95fc3eee9ff051ddb452d4312c85ef81577436c2771488a9d569c2ac73a,6542,b8ee8a69-8e8a-45d1-9ba9-5eeb153bf93c,covid_individual.IAA,232c33b9-b6e6-4998-842e-de7d509af18c,Consensus generated at 2021-03-23T030517,True,09997591-48f3-42b4-a04f-0c2b151c67ac,NOT_FOUND,Individualv4.2,01.13.01,1,caea2dc0-84d1-44f9-b235-54ac327e16e2,"{""contrib_count"": 3, ""answer_text_list"": []}",0,0,0,,13,1,4d3b1e615fd8e0a137a7a34740e304c8e073774db7a923262a1850bb9368823e,1,[0]
1495,SFU_Articles/covid19/1396089305.txt,1396089305,1396089305.txt,8b89c95fc3eee9ff051ddb452d4312c85ef81577436c2771488a9d569c2ac73a,6542,b8ee8a69-8e8a-45d1-9ba9-5eeb153bf93c,covid_individual.IAA,5583cfc1-c5f5-49da-9611-9d3e365315fd,Copied from  227 (Denise Toor) at 2021-05-13T202205,True,09997591-48f3-42b4-a04f-0c2b151c67ac,NOT_FOUND,Individualv4.2,01.01.02,0,b6b8ba9b-9d7a-47ca-b2c4-38eba1790731,{},0,0,0,,1,2,4d3b1e615fd8e0a137a7a34740e304c8e073774db7a923262a1850bb9368823e,1,[0]
1496,SFU_Articles/covid19/1396089305.txt,1396089305,1396089305.txt,8b89c95fc3eee9ff051ddb452d4312c85ef81577436c2771488a9d569c2ac73a,6542,b8ee8a69-8e8a-45d1-9ba9-5eeb153bf93c,covid_individual.IAA,5583cfc1-c5f5-49da-9611-9d3e365315fd,Copied from  227 (Denise Toor) at 2021-05-13T202205,True,09997591-48f3-42b4-a04f-0c2b151c67ac,NOT_FOUND,Individualv4.2,01.02.05,0,9d2befd9-23ed-45b2-bee4-ad8ebd216771,{},0,0,0,,2,5,4d3b1e615fd8e0a137a7a34740e304c8e073774db7a923262a1850bb9368823e,1,[0]
1497,SFU_Articles/covid19/1396089305.txt,1396089305,1396089305.txt,8b89c95fc3eee9ff051ddb452d4312c85ef81577436c2771488a9d569c2ac73a,6542,b8ee8a69-8e8a-45d1-9ba9-5eeb153bf93c,covid_individual.IAA,5583cfc1-c5f5-49da-9611-9d3e365315fd,Copied from  227 (Denise Toor) at 2021-05-13T202205,True,09997591-48f3-42b4-a04f-0c2b151c67ac,NOT_FOUND,Individualv4.2,01.09.01,1,1fb8bef7-274f-41a8-83e2-0d67d27759a8,{},1,3308,3352,"the authors wrote, is \u201cfundamentally lacking",9,1,4d3b1e615fd8e0a137a7a34740e304c8e073774db7a923262a1850bb9368823e,1,"[3308, 3309, 3310, 3311, 3312, 3313, 3314, 3315, 3316, 3317, 3318, 3319, 3320, 3321, 3322, 3323, 3324, 3325, 3326, 3327, 3328, 3329, 3330, 3331, 3332, 3333, 3334, 3335, 3336, 3337, 3338, 3339, 3340, 3341, 3342, 3343, 3344, 3345, 3346, 3347, 3348, 3349, 3350, 3351, 3352]"
1498,SFU_Articles/covid19/1396089305.txt,1396089305,1396089305.txt,8b89c95fc3eee9ff051ddb452d4312c85ef81577436c2771488a9d569c2ac73a,6542,b8ee8a69-8e8a-45d1-9ba9-5eeb153bf93c,covid_individual.IAA,5583cfc1-c5f5-49da-9611-9d3e365315fd,Copied from  227 (Denise Toor) at 2021-05-13T202205,True,09997591-48f3-42b4-a04f-0c2b151c67ac,NOT_FOUND,Individualv4.2,01.11.05,0,720a7216-178f-4d56-928e-d4e82bb2a153,{},0,0,0,,11,5,4d3b1e615fd8e0a137a7a34740e304c8e073774db7a923262a1850bb9368823e,1,[0]
1499,SFU_Articles/covid19/1396089305.txt,1396089305,1396089305.txt,8b89c95fc3eee9ff051ddb452d4312c85ef81577436c2771488a9d569c2ac73a,6542,b8ee8a69-8e8a-45d1-9ba9-5eeb153bf93c,covid_individual.IAA,5583cfc1-c5f5-49da-9611-9d3e365315fd,Copied from  227 (Denise Toor) at 2021-05-13T202205,True,09997591-48f3-42b4-a04f-0c2b151c67ac,NOT_FOUND,Individualv4.2,01.12.05,0,3279ac10-6dd6-4be3-9597-5f1cb713e8ee,{},0,0,0,,12,5,4d3b1e615fd8e0a137a7a34740e304c8e073774db7a923262a1850bb9368823e,1,[0]
1500,SFU_Articles/covid19/1396089305.txt,1396089305,1396089305.txt,8b89c95fc3eee9ff051ddb452d4312c85ef81577436c2771488a9d569c2ac73a,6542,b8ee8a69-8e8a-45d1-9ba9-5eeb153bf93c,covid_individual.IAA,5583cfc1-c5f5-49da-9611-9d3e365315fd,Copied from  227 (Denise Toor) at 2021-05-13T202205,True,09997591-48f3-42b4-a04f-0c2b151c67ac,NOT_FOUND,Individualv4.2,01.13.01,0,caea2dc0-84d1-44f9-b235-54ac327e16e2,{},0,0,0,,13,1,4d3b1e615fd8e0a137a7a34740e304c8e073774db7a923262a1850bb9368823e,1,[0]
