,article_batch_name,article_number,article_filename,article_sha256,article_text_length,tua_group_uuid,tua_group_name,tua_batch_uuid,tua_batch_name,tua_batch_final,source_task_uuid,tua_uuid,namespace,topic_name,case_number,answer_uuid,extra,highlight_count,start_pos,end_pos,target_text,question_Number,agreed_Answer,schema_sha256,agreement_score,highlighted_indices
628,SFU_Articles/covid19/1488089081.txt,1488089081,1488089081.txt,5a44a00c9ac32bb239880a387f7be5a72eea1e11120c3799594ea8299af27b55,6491,b8ee8a69-8e8a-45d1-9ba9-5eeb153bf93c,covid_individual.IAA,232c33b9-b6e6-4998-842e-de7d509af18c,Consensus generated at 2021-03-23T030517,True,06b37d08-8f46-4768-9f8c-06421bd34b39,NOT_FOUND,Individualv4.2,01.01.02,1,b6b8ba9b-9d7a-47ca-b2c4-38eba1790731,"{""contrib_count"": 3, ""answer_text_list"": []}",0,0,0,,1,2,4d3b1e615fd8e0a137a7a34740e304c8e073774db7a923262a1850bb9368823e,1,[0]
629,SFU_Articles/covid19/1488089081.txt,1488089081,1488089081.txt,5a44a00c9ac32bb239880a387f7be5a72eea1e11120c3799594ea8299af27b55,6491,b8ee8a69-8e8a-45d1-9ba9-5eeb153bf93c,covid_individual.IAA,232c33b9-b6e6-4998-842e-de7d509af18c,Consensus generated at 2021-03-23T030517,True,06b37d08-8f46-4768-9f8c-06421bd34b39,NOT_FOUND,Individualv4.2,01.08.03,1,d565ff04-6156-4124-95a7-299e53d55309,"{""contrib_count"": 3, ""answer_text_list"": []}",1,1263,1281,Sars remains fresh,8,3,4d3b1e615fd8e0a137a7a34740e304c8e073774db7a923262a1850bb9368823e,1,"[1263, 1264, 1265, 1266, 1267, 1268, 1269, 1270, 1271, 1272, 1273, 1274, 1275, 1276, 1277, 1278, 1279, 1280, 1281]"
630,SFU_Articles/covid19/1488089081.txt,1488089081,1488089081.txt,5a44a00c9ac32bb239880a387f7be5a72eea1e11120c3799594ea8299af27b55,6491,b8ee8a69-8e8a-45d1-9ba9-5eeb153bf93c,covid_individual.IAA,232c33b9-b6e6-4998-842e-de7d509af18c,Consensus generated at 2021-03-23T030517,True,06b37d08-8f46-4768-9f8c-06421bd34b39,NOT_FOUND,Individualv4.2,01.12.06,1,0fba99d3-1e37-4626-85f2-6541d4bacbec,"{""contrib_count"": 2, ""answer_text_list"": []}",0,0,0,,12,6,4d3b1e615fd8e0a137a7a34740e304c8e073774db7a923262a1850bb9368823e,1,[0]
631,SFU_Articles/covid19/1488089081.txt,1488089081,1488089081.txt,5a44a00c9ac32bb239880a387f7be5a72eea1e11120c3799594ea8299af27b55,6491,b8ee8a69-8e8a-45d1-9ba9-5eeb153bf93c,covid_individual.IAA,232c33b9-b6e6-4998-842e-de7d509af18c,Consensus generated at 2021-03-23T030517,True,06b37d08-8f46-4768-9f8c-06421bd34b39,NOT_FOUND,Individualv4.2,01.02.04,1,cea46ec9-98b6-44c1-9700-2ba5f4c038cc,"{""contrib_count"": 3, ""answer_text_list"": []}",0,0,0,,2,4,4d3b1e615fd8e0a137a7a34740e304c8e073774db7a923262a1850bb9368823e,1,[0]
632,SFU_Articles/covid19/1488089081.txt,1488089081,1488089081.txt,5a44a00c9ac32bb239880a387f7be5a72eea1e11120c3799594ea8299af27b55,6491,b8ee8a69-8e8a-45d1-9ba9-5eeb153bf93c,covid_individual.IAA,232c33b9-b6e6-4998-842e-de7d509af18c,Consensus generated at 2021-03-23T030517,True,06b37d08-8f46-4768-9f8c-06421bd34b39,NOT_FOUND,Individualv4.2,01.13.01,1,caea2dc0-84d1-44f9-b235-54ac327e16e2,"{""contrib_count"": 3, ""answer_text_list"": []}",0,0,0,,13,1,4d3b1e615fd8e0a137a7a34740e304c8e073774db7a923262a1850bb9368823e,1,[0]
633,SFU_Articles/covid19/1488089081.txt,1488089081,1488089081.txt,5a44a00c9ac32bb239880a387f7be5a72eea1e11120c3799594ea8299af27b55,6491,b8ee8a69-8e8a-45d1-9ba9-5eeb153bf93c,covid_individual.IAA,232c33b9-b6e6-4998-842e-de7d509af18c,Consensus generated at 2021-03-23T030517,True,06b37d08-8f46-4768-9f8c-06421bd34b39,NOT_FOUND,Individualv4.2,01.11.04,1,8999b4be-7e40-496c-8318-f67e436bde71,"{""contrib_count"": 2, ""answer_text_list"": []}",0,0,0,,11,4,4d3b1e615fd8e0a137a7a34740e304c8e073774db7a923262a1850bb9368823e,1,[0]
2857,SFU_Articles/covid19/1488089081.txt,1488089081,1488089081.txt,5a44a00c9ac32bb239880a387f7be5a72eea1e11120c3799594ea8299af27b55,6491,b8ee8a69-8e8a-45d1-9ba9-5eeb153bf93c,covid_individual.IAA,5583cfc1-c5f5-49da-9611-9d3e365315fd,Copied from  227 (Denise Toor) at 2021-05-13T202205,True,06b37d08-8f46-4768-9f8c-06421bd34b39,NOT_FOUND,Individualv4.2,01.01.02,0,b6b8ba9b-9d7a-47ca-b2c4-38eba1790731,{},0,0,0,,1,2,4d3b1e615fd8e0a137a7a34740e304c8e073774db7a923262a1850bb9368823e,1,[0]
2858,SFU_Articles/covid19/1488089081.txt,1488089081,1488089081.txt,5a44a00c9ac32bb239880a387f7be5a72eea1e11120c3799594ea8299af27b55,6491,b8ee8a69-8e8a-45d1-9ba9-5eeb153bf93c,covid_individual.IAA,5583cfc1-c5f5-49da-9611-9d3e365315fd,Copied from  227 (Denise Toor) at 2021-05-13T202205,True,06b37d08-8f46-4768-9f8c-06421bd34b39,NOT_FOUND,Individualv4.2,01.02.04,0,cea46ec9-98b6-44c1-9700-2ba5f4c038cc,{},0,0,0,,2,4,4d3b1e615fd8e0a137a7a34740e304c8e073774db7a923262a1850bb9368823e,1,[0]
2859,SFU_Articles/covid19/1488089081.txt,1488089081,1488089081.txt,5a44a00c9ac32bb239880a387f7be5a72eea1e11120c3799594ea8299af27b55,6491,b8ee8a69-8e8a-45d1-9ba9-5eeb153bf93c,covid_individual.IAA,5583cfc1-c5f5-49da-9611-9d3e365315fd,Copied from  227 (Denise Toor) at 2021-05-13T202205,True,06b37d08-8f46-4768-9f8c-06421bd34b39,NOT_FOUND,Individualv4.2,01.11.04,0,8999b4be-7e40-496c-8318-f67e436bde71,{},0,0,0,,11,4,4d3b1e615fd8e0a137a7a34740e304c8e073774db7a923262a1850bb9368823e,1,[0]
2860,SFU_Articles/covid19/1488089081.txt,1488089081,1488089081.txt,5a44a00c9ac32bb239880a387f7be5a72eea1e11120c3799594ea8299af27b55,6491,b8ee8a69-8e8a-45d1-9ba9-5eeb153bf93c,covid_individual.IAA,5583cfc1-c5f5-49da-9611-9d3e365315fd,Copied from  227 (Denise Toor) at 2021-05-13T202205,True,06b37d08-8f46-4768-9f8c-06421bd34b39,NOT_FOUND,Individualv4.2,01.12.06,0,0fba99d3-1e37-4626-85f2-6541d4bacbec,{},0,0,0,,12,6,4d3b1e615fd8e0a137a7a34740e304c8e073774db7a923262a1850bb9368823e,1,[0]
2861,SFU_Articles/covid19/1488089081.txt,1488089081,1488089081.txt,5a44a00c9ac32bb239880a387f7be5a72eea1e11120c3799594ea8299af27b55,6491,b8ee8a69-8e8a-45d1-9ba9-5eeb153bf93c,covid_individual.IAA,5583cfc1-c5f5-49da-9611-9d3e365315fd,Copied from  227 (Denise Toor) at 2021-05-13T202205,True,06b37d08-8f46-4768-9f8c-06421bd34b39,NOT_FOUND,Individualv4.2,01.13.01,0,caea2dc0-84d1-44f9-b235-54ac327e16e2,{},0,0,0,,13,1,4d3b1e615fd8e0a137a7a34740e304c8e073774db7a923262a1850bb9368823e,1,[0]
