,article_batch_name,article_number,article_filename,article_sha256,article_text_length,tua_group_uuid,tua_group_name,tua_batch_uuid,tua_batch_name,tua_batch_final,source_task_uuid,tua_uuid,namespace,topic_name,case_number,answer_uuid,extra,highlight_count,start_pos,end_pos,target_text,question_Number,agreed_Answer,schema_sha256,agreement_score,highlighted_indices
831,SFU_Articles/covid19/1472611315.txt,1472611315,1472611315.txt,b04b411e0c3f100bbea9bf6e468a15627711da4651f15a24840c803dcfec3ae3,18006,b8ee8a69-8e8a-45d1-9ba9-5eeb153bf93c,covid_individual.IAA,232c33b9-b6e6-4998-842e-de7d509af18c,Consensus generated at 2021-03-23T030517,True,6756d3da-4504-4ed6-9f94-141ed950bf3a,NOT_FOUND,Individualv4.2,01.08.03,1,d565ff04-6156-4124-95a7-299e53d55309,"{""contrib_count"": 2, ""answer_text_list"": []}",1,1232,1250,leaps of authority,8,3,4d3b1e615fd8e0a137a7a34740e304c8e073774db7a923262a1850bb9368823e,1,"[1232, 1233, 1234, 1235, 1236, 1237, 1238, 1239, 1240, 1241, 1242, 1243, 1244, 1245, 1246, 1247, 1248, 1249, 1250]"
832,SFU_Articles/covid19/1472611315.txt,1472611315,1472611315.txt,b04b411e0c3f100bbea9bf6e468a15627711da4651f15a24840c803dcfec3ae3,18006,b8ee8a69-8e8a-45d1-9ba9-5eeb153bf93c,covid_individual.IAA,232c33b9-b6e6-4998-842e-de7d509af18c,Consensus generated at 2021-03-23T030517,True,6756d3da-4504-4ed6-9f94-141ed950bf3a,NOT_FOUND,Individualv4.2,01.12.06,1,0fba99d3-1e37-4626-85f2-6541d4bacbec,"{""contrib_count"": 2, ""answer_text_list"": []}",0,0,0,,12,6,4d3b1e615fd8e0a137a7a34740e304c8e073774db7a923262a1850bb9368823e,1,[0]
833,SFU_Articles/covid19/1472611315.txt,1472611315,1472611315.txt,b04b411e0c3f100bbea9bf6e468a15627711da4651f15a24840c803dcfec3ae3,18006,b8ee8a69-8e8a-45d1-9ba9-5eeb153bf93c,covid_individual.IAA,232c33b9-b6e6-4998-842e-de7d509af18c,Consensus generated at 2021-03-23T030517,True,6756d3da-4504-4ed6-9f94-141ed950bf3a,NOT_FOUND,Individualv4.2,01.02.04,1,cea46ec9-98b6-44c1-9700-2ba5f4c038cc,"{""contrib_count"": 2, ""answer_text_list"": []}",0,0,0,,2,4,4d3b1e615fd8e0a137a7a34740e304c8e073774db7a923262a1850bb9368823e,1,[0]
834,SFU_Articles/covid19/1472611315.txt,1472611315,1472611315.txt,b04b411e0c3f100bbea9bf6e468a15627711da4651f15a24840c803dcfec3ae3,18006,b8ee8a69-8e8a-45d1-9ba9-5eeb153bf93c,covid_individual.IAA,232c33b9-b6e6-4998-842e-de7d509af18c,Consensus generated at 2021-03-23T030517,True,6756d3da-4504-4ed6-9f94-141ed950bf3a,NOT_FOUND,Individualv4.2,01.13.01,1,caea2dc0-84d1-44f9-b235-54ac327e16e2,"{""contrib_count"": 3, ""answer_text_list"": []}",0,0,0,,13,1,4d3b1e615fd8e0a137a7a34740e304c8e073774db7a923262a1850bb9368823e,1,[0]
2462,SFU_Articles/covid19/1472611315.txt,1472611315,1472611315.txt,b04b411e0c3f100bbea9bf6e468a15627711da4651f15a24840c803dcfec3ae3,18006,b8ee8a69-8e8a-45d1-9ba9-5eeb153bf93c,covid_individual.IAA,5583cfc1-c5f5-49da-9611-9d3e365315fd,Copied from  227 (Denise Toor) at 2021-05-13T202205,True,6756d3da-4504-4ed6-9f94-141ed950bf3a,NOT_FOUND,Individualv4.2,01.01.01,0,6aec528a-d927-43bc-a317-2db0c4efd1b1,{},0,0,0,,1,1,4d3b1e615fd8e0a137a7a34740e304c8e073774db7a923262a1850bb9368823e,1,[0]
2463,SFU_Articles/covid19/1472611315.txt,1472611315,1472611315.txt,b04b411e0c3f100bbea9bf6e468a15627711da4651f15a24840c803dcfec3ae3,18006,b8ee8a69-8e8a-45d1-9ba9-5eeb153bf93c,covid_individual.IAA,5583cfc1-c5f5-49da-9611-9d3e365315fd,Copied from  227 (Denise Toor) at 2021-05-13T202205,True,6756d3da-4504-4ed6-9f94-141ed950bf3a,NOT_FOUND,Individualv4.2,01.02.04,0,cea46ec9-98b6-44c1-9700-2ba5f4c038cc,{},0,0,0,,2,4,4d3b1e615fd8e0a137a7a34740e304c8e073774db7a923262a1850bb9368823e,1,[0]
2464,SFU_Articles/covid19/1472611315.txt,1472611315,1472611315.txt,b04b411e0c3f100bbea9bf6e468a15627711da4651f15a24840c803dcfec3ae3,18006,b8ee8a69-8e8a-45d1-9ba9-5eeb153bf93c,covid_individual.IAA,5583cfc1-c5f5-49da-9611-9d3e365315fd,Copied from  227 (Denise Toor) at 2021-05-13T202205,True,6756d3da-4504-4ed6-9f94-141ed950bf3a,NOT_FOUND,Individualv4.2,01.11.05,0,720a7216-178f-4d56-928e-d4e82bb2a153,{},0,0,0,,11,5,4d3b1e615fd8e0a137a7a34740e304c8e073774db7a923262a1850bb9368823e,1,[0]
2465,SFU_Articles/covid19/1472611315.txt,1472611315,1472611315.txt,b04b411e0c3f100bbea9bf6e468a15627711da4651f15a24840c803dcfec3ae3,18006,b8ee8a69-8e8a-45d1-9ba9-5eeb153bf93c,covid_individual.IAA,5583cfc1-c5f5-49da-9611-9d3e365315fd,Copied from  227 (Denise Toor) at 2021-05-13T202205,True,6756d3da-4504-4ed6-9f94-141ed950bf3a,NOT_FOUND,Individualv4.2,01.12.06,0,0fba99d3-1e37-4626-85f2-6541d4bacbec,{},0,0,0,,12,6,4d3b1e615fd8e0a137a7a34740e304c8e073774db7a923262a1850bb9368823e,1,[0]
2466,SFU_Articles/covid19/1472611315.txt,1472611315,1472611315.txt,b04b411e0c3f100bbea9bf6e468a15627711da4651f15a24840c803dcfec3ae3,18006,b8ee8a69-8e8a-45d1-9ba9-5eeb153bf93c,covid_individual.IAA,5583cfc1-c5f5-49da-9611-9d3e365315fd,Copied from  227 (Denise Toor) at 2021-05-13T202205,True,6756d3da-4504-4ed6-9f94-141ed950bf3a,NOT_FOUND,Individualv4.2,01.13.01,0,caea2dc0-84d1-44f9-b235-54ac327e16e2,{},0,0,0,,13,1,4d3b1e615fd8e0a137a7a34740e304c8e073774db7a923262a1850bb9368823e,1,[0]
